anio;categoria;fase;ronda;nivel;zona;grupo;jornada;fecha;local;ptsL;visitante;ptsV
2026;LIGA PROXIMO MASCULINO;Fase Regular;Torneo Clasificacion;CLASIFICACION;NORTE;1A;1;15/03/2026;SPORTIVO PILAR A;64;PLATENSE A;62
2026;LIGA PROXIMO MASCULINO;Fase Regular;Torneo Clasificacion;CLASIFICACION;NORTE;1A;1;15/03/2026;EL TALAR;74;SPORTIVO ESCOBAR;66
2026;LIGA PROXIMO MASCULINO;Fase Regular;Torneo Clasificacion;CLASIFICACION;NORTE;1A;1;15/03/2026;CAZA Y PESCA A;97;PRESIDENTE DERQUI;74
2026;LIGA PROXIMO MASCULINO;Fase Regular;Torneo Clasificacion;CLASIFICACION;NORTE;1A;1;15/03/2026;SAN FERNANDO A;72;CLUB ATLETICO PILAR;94
2026;LIGA PROXIMO MASCULINO;Fase Regular;Torneo Clasificacion;CLASIFICACION;NORTE;1A;2;22/03/2026;SAN FERNANDO A;61;SPORTIVO PILAR A;71
2026;LIGA PROXIMO MASCULINO;Fase Regular;Torneo Clasificacion;CLASIFICACION;NORTE;1A;2;22/03/2026;CLUB ATLETICO PILAR;71;CAZA Y PESCA A;89
2026;LIGA PROXIMO MASCULINO;Fase Regular;Torneo Clasificacion;CLASIFICACION;NORTE;1A;2;22/03/2026;PRESIDENTE DERQUI;49;EL TALAR;41
2026;LIGA PROXIMO MASCULINO;Fase Regular;Torneo Clasificacion;CLASIFICACION;NORTE;1A;2;22/03/2026;SPORTIVO ESCOBAR;77;PLATENSE A;69
2026;LIGA PROXIMO MASCULINO;Fase Regular;Torneo Clasificacion;CLASIFICACION;NORTE;1A;3;29/03/2026;SPORTIVO PILAR A;81;SPORTIVO ESCOBAR;58
2026;LIGA PROXIMO MASCULINO;Fase Regular;Torneo Clasificacion;CLASIFICACION;NORTE;1A;3;29/03/2026;PLATENSE A;69;PRESIDENTE DERQUI;68
2026;LIGA PROXIMO MASCULINO;Fase Regular;Torneo Clasificacion;CLASIFICACION;NORTE;1A;3;29/03/2026;EL TALAR;74;CLUB ATLETICO PILAR;83
2026;LIGA PROXIMO MASCULINO;Fase Regular;Torneo Clasificacion;CLASIFICACION;NORTE;1A;3;29/03/2026;CAZA Y PESCA A;83;SAN FERNANDO A;75
2026;LIGA PROXIMO MASCULINO;Fase Regular;Torneo Clasificacion;CLASIFICACION;NORTE;1A;4;12/04/2026;CAZA Y PESCA A;94;SPORTIVO PILAR A;95
2026;LIGA PROXIMO MASCULINO;Fase Regular;Torneo Clasificacion;CLASIFICACION;NORTE;1A;4;12/04/2026;SAN FERNANDO A;75;EL TALAR;78
2026;LIGA PROXIMO MASCULINO;Fase Regular;Torneo Clasificacion;CLASIFICACION;NORTE;1A;4;12/04/2026;CLUB ATLETICO PILAR;52;PLATENSE A;46
2026;LIGA PROXIMO MASCULINO;Fase Regular;Torneo Clasificacion;CLASIFICACION;NORTE;1A;4;12/04/2026;PRESIDENTE DERQUI;83;SPORTIVO ESCOBAR;69
2026;LIGA PROXIMO MASCULINO;Fase Regular;Torneo Clasificacion;CLASIFICACION;NORTE;1A;5;19/04/2026;SPORTIVO PILAR A;75;PRESIDENTE DERQUI;68
2026;LIGA PROXIMO MASCULINO;Fase Regular;Torneo Clasificacion;CLASIFICACION;NORTE;1A;5;19/04/2026;SPORTIVO ESCOBAR;50;CLUB ATLETICO PILAR;61
2026;LIGA PROXIMO MASCULINO;Fase Regular;Torneo Clasificacion;CLASIFICACION;NORTE;1A;5;19/04/2026;PLATENSE A;81;SAN FERNANDO A;63
2026;LIGA PROXIMO MASCULINO;Fase Regular;Torneo Clasificacion;CLASIFICACION;NORTE;1A;5;19/04/2026;EL TALAR;66;CAZA Y PESCA A;89
2026;LIGA PROXIMO MASCULINO;Fase Regular;Torneo Clasificacion;CLASIFICACION;NORTE;1A;6;26/04/2026;EL TALAR;82;SPORTIVO PILAR A;84
2026;LIGA PROXIMO MASCULINO;Fase Regular;Torneo Clasificacion;CLASIFICACION;NORTE;1A;6;26/04/2026;CAZA Y PESCA A;72;PLATENSE A;66
2026;LIGA PROXIMO MASCULINO;Fase Regular;Torneo Clasificacion;CLASIFICACION;NORTE;1A;6;26/04/2026;SAN FERNANDO A;87;SPORTIVO ESCOBAR;86
2026;LIGA PROXIMO MASCULINO;Fase Regular;Torneo Clasificacion;CLASIFICACION;NORTE;1A;6;26/04/2026;CLUB ATLETICO PILAR;63;PRESIDENTE DERQUI;61
2026;LIGA PROXIMO MASCULINO;Fase Regular;Torneo Clasificacion;CLASIFICACION;NORTE;1A;7;03/05/2026;SPORTIVO PILAR A;74;CLUB ATLETICO PILAR;73
2026;LIGA PROXIMO MASCULINO;Fase Regular;Torneo Clasificacion;CLASIFICACION;NORTE;1A;7;03/05/2026;PRESIDENTE DERQUI;75;SAN FERNANDO A;49
2026;LIGA PROXIMO MASCULINO;Fase Regular;Torneo Clasificacion;CLASIFICACION;NORTE;1A;7;03/05/2026;SPORTIVO ESCOBAR;83;CAZA Y PESCA A;84
2026;LIGA PROXIMO MASCULINO;Fase Regular;Torneo Clasificacion;CLASIFICACION;NORTE;1A;7;03/05/2026;PLATENSE A;65;EL TALAR;68
2026;LIGA PROXIMO MASCULINO;Fase Regular;Torneo Clasificacion;CLASIFICACION;NORTE;1A;8;10/05/2026;PLATENSE A;87;SPORTIVO PILAR A;77
2026;LIGA PROXIMO MASCULINO;Fase Regular;Torneo Clasificacion;CLASIFICACION;NORTE;1A;8;10/05/2026;SPORTIVO ESCOBAR;78;EL TALAR;84
2026;LIGA PROXIMO MASCULINO;Fase Regular;Torneo Clasificacion;CLASIFICACION;NORTE;1A;8;10/05/2026;PRESIDENTE DERQUI;77;CAZA Y PESCA A;79
2026;LIGA PROXIMO MASCULINO;Fase Regular;Torneo Clasificacion;CLASIFICACION;NORTE;1A;8;10/05/2026;CLUB ATLETICO PILAR;84;SAN FERNANDO A;79
2026;LIGA PROXIMO MASCULINO;Fase Regular;Torneo Clasificacion;CLASIFICACION;NORTE;1A;9;17/05/2026;SPORTIVO PILAR A;97;SAN FERNANDO A;89
2026;LIGA PROXIMO MASCULINO;Fase Regular;Torneo Clasificacion;CLASIFICACION;NORTE;1A;9;17/05/2026;CAZA Y PESCA A;88;CLUB ATLETICO PILAR;71
2026;LIGA PROXIMO MASCULINO;Fase Regular;Torneo Clasificacion;CLASIFICACION;NORTE;1A;9;17/05/2026;EL TALAR;87;PRESIDENTE DERQUI;76
2026;LIGA PROXIMO MASCULINO;Fase Regular;Torneo Clasificacion;CLASIFICACION;NORTE;1A;9;17/05/2026;PLATENSE A;79;SPORTIVO ESCOBAR;83
2026;LIGA PROXIMO MASCULINO;Fase Regular;Torneo Clasificacion;CLASIFICACION;NORTE;1A;10;24/05/2026;SPORTIVO ESCOBAR;80;SPORTIVO PILAR A;79
2026;LIGA PROXIMO MASCULINO;Fase Regular;Torneo Clasificacion;CLASIFICACION;NORTE;1A;10;24/05/2026;PRESIDENTE DERQUI;70;PLATENSE A;64
2026;LIGA PROXIMO MASCULINO;Fase Regular;Torneo Clasificacion;CLASIFICACION;NORTE;1A;10;24/05/2026;CLUB ATLETICO PILAR;81;EL TALAR;92
2026;LIGA PROXIMO MASCULINO;Fase Regular;Torneo Clasificacion;CLASIFICACION;NORTE;1A;10;24/05/2026;SAN FERNANDO A;62;CAZA Y PESCA A;87
2026;LIGA PROXIMO MASCULINO;Fase Regular;Torneo Clasificacion;CLASIFICACION;CENTRO;1A;1;15/03/2026;IMPERIO A;105;YUPANQUI;34
2026;LIGA PROXIMO MASCULINO;Fase Regular;Torneo Clasificacion;CLASIFICACION;CENTRO;1A;1;15/03/2026;DEPORTIVO CROVARA A;59;COLEGIALES A;83
2026;LIGA PROXIMO MASCULINO;Fase Regular;Torneo Clasificacion;CLASIFICACION;CENTRO;1A;1;15/03/2026;COMUNICACIONES A;62;COPELLO;51
2026;LIGA PROXIMO MASCULINO;Fase Regular;Torneo Clasificacion;CLASIFICACION;CENTRO;1A;1;15/03/2026;ARQUITECTURA A;71;SAN LORENZO A;79
2026;LIGA PROXIMO MASCULINO;Fase Regular;Torneo Clasificacion;CLASIFICACION;CENTRO;1A;2;22/03/2026;ARQUITECTURA A;66;IMPERIO A;71
2026;LIGA PROXIMO MASCULINO;Fase Regular;Torneo Clasificacion;CLASIFICACION;CENTRO;1A;2;22/03/2026;SAN LORENZO A;81;COMUNICACIONES A;48
2026;LIGA PROXIMO MASCULINO;Fase Regular;Torneo Clasificacion;CLASIFICACION;CENTRO;1A;2;22/03/2026;COPELLO;66;DEPORTIVO CROVARA A;32
2026;LIGA PROXIMO MASCULINO;Fase Regular;Torneo Clasificacion;CLASIFICACION;CENTRO;1A;2;22/03/2026;COLEGIALES A;87;YUPANQUI;44
2026;LIGA PROXIMO MASCULINO;Fase Regular;Torneo Clasificacion;CLASIFICACION;CENTRO;1A;3;29/03/2026;IMPERIO A;60;COLEGIALES A;38
2026;LIGA PROXIMO MASCULINO;Fase Regular;Torneo Clasificacion;CLASIFICACION;CENTRO;1A;3;29/03/2026;YUPANQUI;53;COPELLO;76
2026;LIGA PROXIMO MASCULINO;Fase Regular;Torneo Clasificacion;CLASIFICACION;CENTRO;1A;3;29/03/2026;DEPORTIVO CROVARA A;52;SAN LORENZO A;75
2026;LIGA PROXIMO MASCULINO;Fase Regular;Torneo Clasificacion;CLASIFICACION;CENTRO;1A;3;29/03/2026;COMUNICACIONES A;49;ARQUITECTURA A;59
2026;LIGA PROXIMO MASCULINO;Fase Regular;Torneo Clasificacion;CLASIFICACION;CENTRO;1A;4;12/04/2026;COMUNICACIONES A;53;IMPERIO A;52
2026;LIGA PROXIMO MASCULINO;Fase Regular;Torneo Clasificacion;CLASIFICACION;CENTRO;1A;4;12/04/2026;ARQUITECTURA A;75;DEPORTIVO CROVARA A;47
2026;LIGA PROXIMO MASCULINO;Fase Regular;Torneo Clasificacion;CLASIFICACION;CENTRO;1A;4;12/04/2026;SAN LORENZO A;103;YUPANQUI;48
2026;LIGA PROXIMO MASCULINO;Fase Regular;Torneo Clasificacion;CLASIFICACION;CENTRO;1A;4;12/04/2026;COPELLO;61;COLEGIALES A;74
2026;LIGA PROXIMO MASCULINO;Fase Regular;Torneo Clasificacion;CLASIFICACION;CENTRO;1A;5;19/04/2026;IMPERIO A;52;COPELLO;38
2026;LIGA PROXIMO MASCULINO;Fase Regular;Torneo Clasificacion;CLASIFICACION;CENTRO;1A;5;19/04/2026;COLEGIALES A;73;SAN LORENZO A;71
2026;LIGA PROXIMO MASCULINO;Fase Regular;Torneo Clasificacion;CLASIFICACION;CENTRO;1A;5;19/04/2026;YUPANQUI;48;ARQUITECTURA A;109
2026;LIGA PROXIMO MASCULINO;Fase Regular;Torneo Clasificacion;CLASIFICACION;CENTRO;1A;5;19/04/2026;DEPORTIVO CROVARA A;58;COMUNICACIONES A;66
2026;LIGA PROXIMO MASCULINO;Fase Regular;Torneo Clasificacion;CLASIFICACION;CENTRO;1A;6;26/04/2026;DEPORTIVO CROVARA A;43;IMPERIO A;93
2026;LIGA PROXIMO MASCULINO;Fase Regular;Torneo Clasificacion;CLASIFICACION;CENTRO;1A;6;26/04/2026;COMUNICACIONES A;69;YUPANQUI;33
2026;LIGA PROXIMO MASCULINO;Fase Regular;Torneo Clasificacion;CLASIFICACION;CENTRO;1A;6;26/04/2026;ARQUITECTURA A;71;COLEGIALES A;64
2026;LIGA PROXIMO MASCULINO;Fase Regular;Torneo Clasificacion;CLASIFICACION;CENTRO;1A;6;26/04/2026;SAN LORENZO A;65;COPELLO;63
2026;LIGA PROXIMO MASCULINO;Fase Regular;Torneo Clasificacion;CLASIFICACION;CENTRO;1A;7;03/05/2026;IMPERIO A;66;SAN LORENZO A;54
2026;LIGA PROXIMO MASCULINO;Fase Regular;Torneo Clasificacion;CLASIFICACION;CENTRO;1A;7;03/05/2026;COPELLO;30;ARQUITECTURA A;68
2026;LIGA PROXIMO MASCULINO;Fase Regular;Torneo Clasificacion;CLASIFICACION;CENTRO;1A;7;03/05/2026;COLEGIALES A;73;COMUNICACIONES A;69
2026;LIGA PROXIMO MASCULINO;Fase Regular;Torneo Clasificacion;CLASIFICACION;CENTRO;1A;7;03/05/2026;YUPANQUI;55;DEPORTIVO CROVARA A;52
2026;LIGA PROXIMO MASCULINO;Fase Regular;Torneo Clasificacion;CLASIFICACION;CENTRO;1A;8;10/05/2026;YUPANQUI;44;IMPERIO A;62
2026;LIGA PROXIMO MASCULINO;Fase Regular;Torneo Clasificacion;CLASIFICACION;CENTRO;1A;8;10/05/2026;COLEGIALES A;81;DEPORTIVO CROVARA A;48
2026;LIGA PROXIMO MASCULINO;Fase Regular;Torneo Clasificacion;CLASIFICACION;CENTRO;1A;8;10/05/2026;COPELLO;59;COMUNICACIONES A;60
2026;LIGA PROXIMO MASCULINO;Fase Regular;Torneo Clasificacion;CLASIFICACION;CENTRO;1A;8;10/05/2026;SAN LORENZO A;65;ARQUITECTURA A;69
2026;LIGA PROXIMO MASCULINO;Fase Regular;Torneo Clasificacion;CLASIFICACION;CENTRO;1A;9;17/05/2026;IMPERIO A;68;ARQUITECTURA A;66
2026;LIGA PROXIMO MASCULINO;Fase Regular;Torneo Clasificacion;CLASIFICACION;CENTRO;1A;9;17/05/2026;COMUNICACIONES A;72;SAN LORENZO A;63
2026;LIGA PROXIMO MASCULINO;Fase Regular;Torneo Clasificacion;CLASIFICACION;CENTRO;1A;9;17/05/2026;DEPORTIVO CROVARA A;43;COPELLO;64
2026;LIGA PROXIMO MASCULINO;Fase Regular;Torneo Clasificacion;CLASIFICACION;CENTRO;1A;9;17/05/2026;YUPANQUI;65;COLEGIALES A;85
2026;LIGA PROXIMO MASCULINO;Fase Regular;Torneo Clasificacion;CLASIFICACION;CENTRO;1A;10;24/05/2026;COLEGIALES A;82;IMPERIO A;88
2026;LIGA PROXIMO MASCULINO;Fase Regular;Torneo Clasificacion;CLASIFICACION;CENTRO;1A;10;24/05/2026;COPELLO;63;YUPANQUI;50
2026;LIGA PROXIMO MASCULINO;Fase Regular;Torneo Clasificacion;CLASIFICACION;CENTRO;1A;10;24/05/2026;SAN LORENZO A;98;DEPORTIVO CROVARA A;51
2026;LIGA PROXIMO MASCULINO;Fase Regular;Torneo Clasificacion;CLASIFICACION;CENTRO;1A;10;24/05/2026;ARQUITECTURA A;82;COMUNICACIONES A;59
2026;LIGA PROXIMO MASCULINO;Fase Regular;Torneo Clasificacion;CLASIFICACION;CENTRO;1A;12;07/06/2026;COMUNICACIONES A;95;DEPORTIVO CROVARA A;39
2026;LIGA PROXIMO MASCULINO;Fase Regular;Torneo Clasificacion;CLASIFICACION;OESTE;1A;1;15/03/2026;C.A.S.A PADUA A;66;LOS INDIOS DE MORENO A;55
2026;LIGA PROXIMO MASCULINO;Fase Regular;Torneo Clasificacion;CLASIFICACION;OESTE;1A;1;15/03/2026;ARGENTINO DE CASTELAR A;75;A.F.A.L.P. A;58
2026;LIGA PROXIMO MASCULINO;Fase Regular;Torneo Clasificacion;CLASIFICACION;OESTE;1A;1;15/03/2026;CLARIDAD;87;DEP. MORON A;67
2026;LIGA PROXIMO MASCULINO;Fase Regular;Torneo Clasificacion;CLASIFICACION;OESTE;1A;2;22/03/2026;CLARIDAD;74;ESTUDIANTIL PORTEÑO A;55
2026;LIGA PROXIMO MASCULINO;Fase Regular;Torneo Clasificacion;CLASIFICACION;OESTE;1A;2;22/03/2026;DEP. MORON A;104;ARGENTINO DE CASTELAR A;72
2026;LIGA PROXIMO MASCULINO;Fase Regular;Torneo Clasificacion;CLASIFICACION;OESTE;1A;2;22/03/2026;A.F.A.L.P. A;46;C.A.S.A PADUA A;85
2026;LIGA PROXIMO MASCULINO;Fase Regular;Torneo Clasificacion;CLASIFICACION;OESTE;1A;3;29/03/2026;ESTUDIANTIL PORTEÑO A;69;LOS INDIOS DE MORENO A;57
2026;LIGA PROXIMO MASCULINO;Fase Regular;Torneo Clasificacion;CLASIFICACION;OESTE;1A;3;29/03/2026;C.A.S.A PADUA A;85;DEP. MORON A;66
2026;LIGA PROXIMO MASCULINO;Fase Regular;Torneo Clasificacion;CLASIFICACION;OESTE;1A;3;29/03/2026;ARGENTINO DE CASTELAR A;64;CLARIDAD;71
2026;LIGA PROXIMO MASCULINO;Fase Regular;Torneo Clasificacion;CLASIFICACION;OESTE;1A;4;12/04/2026;ARGENTINO DE CASTELAR A;71;ESTUDIANTIL PORTEÑO A;90
2026;LIGA PROXIMO MASCULINO;Fase Regular;Torneo Clasificacion;CLASIFICACION;OESTE;1A;4;12/04/2026;CLARIDAD;64;C.A.S.A PADUA A;67
2026;LIGA PROXIMO MASCULINO;Fase Regular;Torneo Clasificacion;CLASIFICACION;OESTE;1A;4;12/04/2026;A.F.A.L.P. A;55;LOS INDIOS DE MORENO A;80
2026;LIGA PROXIMO MASCULINO;Fase Regular;Torneo Clasificacion;CLASIFICACION;OESTE;1A;5;19/04/2026;ESTUDIANTIL PORTEÑO A;66;A.F.A.L.P. A;40
2026;LIGA PROXIMO MASCULINO;Fase Regular;Torneo Clasificacion;CLASIFICACION;OESTE;1A;5;19/04/2026;LOS INDIOS DE MORENO A;79;DEP. MORON A;77
2026;LIGA PROXIMO MASCULINO;Fase Regular;Torneo Clasificacion;CLASIFICACION;OESTE;1A;5;19/04/2026;C.A.S.A PADUA A;91;ARGENTINO DE CASTELAR A;73
2026;LIGA PROXIMO MASCULINO;Fase Regular;Torneo Clasificacion;CLASIFICACION;OESTE;1A;6;26/04/2026;C.A.S.A PADUA A;64;ESTUDIANTIL PORTEÑO A;72
2026;LIGA PROXIMO MASCULINO;Fase Regular;Torneo Clasificacion;CLASIFICACION;OESTE;1A;6;26/04/2026;CLARIDAD;64;LOS INDIOS DE MORENO A;59
2026;LIGA PROXIMO MASCULINO;Fase Regular;Torneo Clasificacion;CLASIFICACION;OESTE;1A;6;26/04/2026;DEP. MORON A;81;A.F.A.L.P. A;72
2026;LIGA PROXIMO MASCULINO;Fase Regular;Torneo Clasificacion;CLASIFICACION;OESTE;1A;7;03/05/2026;ESTUDIANTIL PORTEÑO A;84;DEP. MORON A;76
2026;LIGA PROXIMO MASCULINO;Fase Regular;Torneo Clasificacion;CLASIFICACION;OESTE;1A;7;03/05/2026;A.F.A.L.P. A;63;CLARIDAD;95
2026;LIGA PROXIMO MASCULINO;Fase Regular;Torneo Clasificacion;CLASIFICACION;OESTE;1A;7;03/05/2026;LOS INDIOS DE MORENO A;79;ARGENTINO DE CASTELAR A;68
2026;LIGA PROXIMO MASCULINO;Fase Regular;Torneo Clasificacion;CLASIFICACION;OESTE;1A;8;10/05/2026;LOS INDIOS DE MORENO A;48;C.A.S.A PADUA A;73
2026;LIGA PROXIMO MASCULINO;Fase Regular;Torneo Clasificacion;CLASIFICACION;OESTE;1A;8;10/05/2026;A.F.A.L.P. A;70;ARGENTINO DE CASTELAR A;81
2026;LIGA PROXIMO MASCULINO;Fase Regular;Torneo Clasificacion;CLASIFICACION;OESTE;1A;8;10/05/2026;DEP. MORON A;81;CLARIDAD;87
2026;LIGA PROXIMO MASCULINO;Fase Regular;Torneo Clasificacion;CLASIFICACION;OESTE;1A;9;17/05/2026;ESTUDIANTIL PORTEÑO A;61;CLARIDAD;58
2026;LIGA PROXIMO MASCULINO;Fase Regular;Torneo Clasificacion;CLASIFICACION;OESTE;1A;9;17/05/2026;ARGENTINO DE CASTELAR A;80;DEP. MORON A;89
2026;LIGA PROXIMO MASCULINO;Fase Regular;Torneo Clasificacion;CLASIFICACION;OESTE;1A;9;17/05/2026;C.A.S.A PADUA A;78;A.F.A.L.P. A;41
2026;LIGA PROXIMO MASCULINO;Fase Regular;Torneo Clasificacion;CLASIFICACION;OESTE;1A;10;24/05/2026;LOS INDIOS DE MORENO A;58;ESTUDIANTIL PORTEÑO A;61
2026;LIGA PROXIMO MASCULINO;Fase Regular;Torneo Clasificacion;CLASIFICACION;OESTE;1A;10;24/05/2026;DEP. MORON A;80;C.A.S.A PADUA A;69
2026;LIGA PROXIMO MASCULINO;Fase Regular;Torneo Clasificacion;CLASIFICACION;OESTE;1A;10;24/05/2026;CLARIDAD;65;ARGENTINO DE CASTELAR A;67
2026;LIGA PROXIMO MASCULINO;Fase Regular;Torneo Clasificacion;CLASIFICACION;SUR;1A;1;15/03/2026;QUILMES A.C.;64;INDEPENDIENTE A;67
2026;LIGA PROXIMO MASCULINO;Fase Regular;Torneo Clasificacion;CLASIFICACION;SUR;1A;1;15/03/2026;WILDE SPORTING;58;CLUB SOCIAL EZEIZA;57
2026;LIGA PROXIMO MASCULINO;Fase Regular;Torneo Clasificacion;CLASIFICACION;SUR;1A;1;15/03/2026;VARELA JRS;44;GIMNASIA Y ESGRIMA DE LOMAS DE ZAMORA A;93
2026;LIGA PROXIMO MASCULINO;Fase Regular;Torneo Clasificacion;CLASIFICACION;SUR;1A;2;22/03/2026;VARELA JRS;67;MONTE GRANDE A;94
2026;LIGA PROXIMO MASCULINO;Fase Regular;Torneo Clasificacion;CLASIFICACION;SUR;1A;2;22/03/2026;GIMNASIA Y ESGRIMA DE LOMAS DE ZAMORA A;75;WILDE SPORTING;54
2026;LIGA PROXIMO MASCULINO;Fase Regular;Torneo Clasificacion;CLASIFICACION;SUR;1A;2;22/03/2026;CLUB SOCIAL EZEIZA;54;QUILMES A.C.;94
2026;LIGA PROXIMO MASCULINO;Fase Regular;Torneo Clasificacion;CLASIFICACION;SUR;1A;3;29/03/2026;MONTE GRANDE A;59;INDEPENDIENTE A;71
2026;LIGA PROXIMO MASCULINO;Fase Regular;Torneo Clasificacion;CLASIFICACION;SUR;1A;3;29/03/2026;QUILMES A.C.;52;GIMNASIA Y ESGRIMA DE LOMAS DE ZAMORA A;59
2026;LIGA PROXIMO MASCULINO;Fase Regular;Torneo Clasificacion;CLASIFICACION;SUR;1A;3;29/03/2026;WILDE SPORTING;64;VARELA JRS;49
2026;LIGA PROXIMO MASCULINO;Fase Regular;Torneo Clasificacion;CLASIFICACION;SUR;1A;4;12/04/2026;WILDE SPORTING;70;MONTE GRANDE A;63
2026;LIGA PROXIMO MASCULINO;Fase Regular;Torneo Clasificacion;CLASIFICACION;SUR;1A;4;12/04/2026;VARELA JRS;60;QUILMES A.C.;78
2026;LIGA PROXIMO MASCULINO;Fase Regular;Torneo Clasificacion;CLASIFICACION;SUR;1A;4;12/04/2026;CLUB SOCIAL EZEIZA;48;INDEPENDIENTE A;88
2026;LIGA PROXIMO MASCULINO;Fase Regular;Torneo Clasificacion;CLASIFICACION;SUR;1A;5;19/04/2026;MONTE GRANDE A;81;CLUB SOCIAL EZEIZA;54
2026;LIGA PROXIMO MASCULINO;Fase Regular;Torneo Clasificacion;CLASIFICACION;SUR;1A;5;19/04/2026;INDEPENDIENTE A;59;GIMNASIA Y ESGRIMA DE LOMAS DE ZAMORA A;63
2026;LIGA PROXIMO MASCULINO;Fase Regular;Torneo Clasificacion;CLASIFICACION;SUR;1A;5;19/04/2026;QUILMES A.C.;52;WILDE SPORTING;45
2026;LIGA PROXIMO MASCULINO;Fase Regular;Torneo Clasificacion;CLASIFICACION;SUR;1A;6;26/04/2026;QUILMES A.C.;60;MONTE GRANDE A;68
2026;LIGA PROXIMO MASCULINO;Fase Regular;Torneo Clasificacion;CLASIFICACION;SUR;1A;6;26/04/2026;VARELA JRS;66;INDEPENDIENTE A;83
2026;LIGA PROXIMO MASCULINO;Fase Regular;Torneo Clasificacion;CLASIFICACION;SUR;1A;6;26/04/2026;GIMNASIA Y ESGRIMA DE LOMAS DE ZAMORA A;99;CLUB SOCIAL EZEIZA;34
2026;LIGA PROXIMO MASCULINO;Fase Regular;Torneo Clasificacion;CLASIFICACION;SUR;1A;7;03/05/2026;MONTE GRANDE A;55;GIMNASIA Y ESGRIMA DE LOMAS DE ZAMORA A;86
2026;LIGA PROXIMO MASCULINO;Fase Regular;Torneo Clasificacion;CLASIFICACION;SUR;1A;7;03/05/2026;CLUB SOCIAL EZEIZA;83;VARELA JRS;80
2026;LIGA PROXIMO MASCULINO;Fase Regular;Torneo Clasificacion;CLASIFICACION;SUR;1A;7;03/05/2026;INDEPENDIENTE A;66;WILDE SPORTING;61
2026;LIGA PROXIMO MASCULINO;Fase Regular;Torneo Clasificacion;CLASIFICACION;SUR;1A;8;10/05/2026;INDEPENDIENTE A;77;QUILMES A.C.;48
2026;LIGA PROXIMO MASCULINO;Fase Regular;Torneo Clasificacion;CLASIFICACION;SUR;1A;8;10/05/2026;CLUB SOCIAL EZEIZA;72;WILDE SPORTING;62
2026;LIGA PROXIMO MASCULINO;Fase Regular;Torneo Clasificacion;CLASIFICACION;SUR;1A;8;10/05/2026;GIMNASIA Y ESGRIMA DE LOMAS DE ZAMORA A;101;VARELA JRS;55
2026;LIGA PROXIMO MASCULINO;Fase Regular;Torneo Clasificacion;CLASIFICACION;SUR;1A;9;17/05/2026;MONTE GRANDE A;95;VARELA JRS;78
2026;LIGA PROXIMO MASCULINO;Fase Regular;Torneo Clasificacion;CLASIFICACION;SUR;1A;9;17/05/2026;WILDE SPORTING;36;GIMNASIA Y ESGRIMA DE LOMAS DE ZAMORA A;75
2026;LIGA PROXIMO MASCULINO;Fase Regular;Torneo Clasificacion;CLASIFICACION;SUR;1A;9;17/05/2026;QUILMES A.C.;71;CLUB SOCIAL EZEIZA;59
2026;LIGA PROXIMO MASCULINO;Fase Regular;Torneo Clasificacion;CLASIFICACION;SUR;1A;10;24/05/2026;INDEPENDIENTE A;79;MONTE GRANDE A;55
2026;LIGA PROXIMO MASCULINO;Fase Regular;Torneo Clasificacion;CLASIFICACION;SUR;1A;10;24/05/2026;GIMNASIA Y ESGRIMA DE LOMAS DE ZAMORA A;72;QUILMES A.C.;55
2026;LIGA PROXIMO MASCULINO;Fase Regular;Torneo Clasificacion;CLASIFICACION;SUR;1A;10;24/05/2026;VARELA JRS;57;WILDE SPORTING;68
2026;LIGA PROXIMO MASCULINO;Fase Regular;Torneo Clasificacion;CLASIFICACION;NORTE;2B;1;15/03/2026;CLUB TRES DE FEBRERO A;62;NAUTICO HACOAJ A;73
2026;LIGA PROXIMO MASCULINO;Fase Regular;Torneo Clasificacion;CLASIFICACION;NORTE;2B;1;15/03/2026;UNION FLORIDA;46;RIVER PLATE;101
2026;LIGA PROXIMO MASCULINO;Fase Regular;Torneo Clasificacion;CLASIFICACION;NORTE;2B;1;15/03/2026;SPORTIVO VILLA BALLESTER;63;UNION VECINAL DE MUNRO;70
2026;LIGA PROXIMO MASCULINO;Fase Regular;Torneo Clasificacion;CLASIFICACION;NORTE;2B;1;15/03/2026;U.V.V.ADELINA;68;OBRAS SANITARIAS A;92
2026;LIGA PROXIMO MASCULINO;Fase Regular;Torneo Clasificacion;CLASIFICACION;NORTE;2B;2;22/03/2026;U.V.V.ADELINA;91;CLUB TRES DE FEBRERO A;71
2026;LIGA PROXIMO MASCULINO;Fase Regular;Torneo Clasificacion;CLASIFICACION;NORTE;2B;2;22/03/2026;OBRAS SANITARIAS A;88;SPORTIVO VILLA BALLESTER;45
2026;LIGA PROXIMO MASCULINO;Fase Regular;Torneo Clasificacion;CLASIFICACION;NORTE;2B;2;22/03/2026;UNION VECINAL DE MUNRO;78;UNION FLORIDA;71
2026;LIGA PROXIMO MASCULINO;Fase Regular;Torneo Clasificacion;CLASIFICACION;NORTE;2B;2;22/03/2026;RIVER PLATE;73;NAUTICO HACOAJ A;51
2026;LIGA PROXIMO MASCULINO;Fase Regular;Torneo Clasificacion;CLASIFICACION;NORTE;2B;3;29/03/2026;CLUB TRES DE FEBRERO A;39;RIVER PLATE;96
2026;LIGA PROXIMO MASCULINO;Fase Regular;Torneo Clasificacion;CLASIFICACION;NORTE;2B;3;29/03/2026;NAUTICO HACOAJ A;65;UNION VECINAL DE MUNRO;71
2026;LIGA PROXIMO MASCULINO;Fase Regular;Torneo Clasificacion;CLASIFICACION;NORTE;2B;3;29/03/2026;UNION FLORIDA;70;OBRAS SANITARIAS A;91
2026;LIGA PROXIMO MASCULINO;Fase Regular;Torneo Clasificacion;CLASIFICACION;NORTE;2B;3;29/03/2026;SPORTIVO VILLA BALLESTER;58;U.V.V.ADELINA;62
2026;LIGA PROXIMO MASCULINO;Fase Regular;Torneo Clasificacion;CLASIFICACION;NORTE;2B;4;12/04/2026;SPORTIVO VILLA BALLESTER;77;CLUB TRES DE FEBRERO A;64
2026;LIGA PROXIMO MASCULINO;Fase Regular;Torneo Clasificacion;CLASIFICACION;NORTE;2B;4;12/04/2026;U.V.V.ADELINA;62;UNION FLORIDA;83
2026;LIGA PROXIMO MASCULINO;Fase Regular;Torneo Clasificacion;CLASIFICACION;NORTE;2B;4;12/04/2026;OBRAS SANITARIAS A;87;NAUTICO HACOAJ A;75
2026;LIGA PROXIMO MASCULINO;Fase Regular;Torneo Clasificacion;CLASIFICACION;NORTE;2B;4;12/04/2026;UNION VECINAL DE MUNRO;62;RIVER PLATE;72
2026;LIGA PROXIMO MASCULINO;Fase Regular;Torneo Clasificacion;CLASIFICACION;NORTE;2B;5;19/04/2026;CLUB TRES DE FEBRERO A;66;UNION VECINAL DE MUNRO;83
2026;LIGA PROXIMO MASCULINO;Fase Regular;Torneo Clasificacion;CLASIFICACION;NORTE;2B;5;19/04/2026;RIVER PLATE;72;OBRAS SANITARIAS A;83
2026;LIGA PROXIMO MASCULINO;Fase Regular;Torneo Clasificacion;CLASIFICACION;NORTE;2B;5;19/04/2026;NAUTICO HACOAJ A;79;U.V.V.ADELINA;48
2026;LIGA PROXIMO MASCULINO;Fase Regular;Torneo Clasificacion;CLASIFICACION;NORTE;2B;5;19/04/2026;UNION FLORIDA;80;SPORTIVO VILLA BALLESTER;62
2026;LIGA PROXIMO MASCULINO;Fase Regular;Torneo Clasificacion;CLASIFICACION;NORTE;2B;6;26/04/2026;UNION FLORIDA;75;CLUB TRES DE FEBRERO A;59
2026;LIGA PROXIMO MASCULINO;Fase Regular;Torneo Clasificacion;CLASIFICACION;NORTE;2B;6;26/04/2026;SPORTIVO VILLA BALLESTER;45;NAUTICO HACOAJ A;70
2026;LIGA PROXIMO MASCULINO;Fase Regular;Torneo Clasificacion;CLASIFICACION;NORTE;2B;6;26/04/2026;U.V.V.ADELINA;49;RIVER PLATE;113
2026;LIGA PROXIMO MASCULINO;Fase Regular;Torneo Clasificacion;CLASIFICACION;NORTE;2B;6;26/04/2026;OBRAS SANITARIAS A;61;UNION VECINAL DE MUNRO;68
2026;LIGA PROXIMO MASCULINO;Fase Regular;Torneo Clasificacion;CLASIFICACION;NORTE;2B;7;03/05/2026;CLUB TRES DE FEBRERO A;53;OBRAS SANITARIAS A;102
2026;LIGA PROXIMO MASCULINO;Fase Regular;Torneo Clasificacion;CLASIFICACION;NORTE;2B;7;03/05/2026;UNION VECINAL DE MUNRO;76;U.V.V.ADELINA;59
2026;LIGA PROXIMO MASCULINO;Fase Regular;Torneo Clasificacion;CLASIFICACION;NORTE;2B;7;03/05/2026;RIVER PLATE;98;SPORTIVO VILLA BALLESTER;39
2026;LIGA PROXIMO MASCULINO;Fase Regular;Torneo Clasificacion;CLASIFICACION;NORTE;2B;7;03/05/2026;NAUTICO HACOAJ A;51;UNION FLORIDA;61
2026;LIGA PROXIMO MASCULINO;Fase Regular;Torneo Clasificacion;CLASIFICACION;NORTE;2B;8;10/05/2026;NAUTICO HACOAJ A;88;CLUB TRES DE FEBRERO A;47
2026;LIGA PROXIMO MASCULINO;Fase Regular;Torneo Clasificacion;CLASIFICACION;NORTE;2B;8;10/05/2026;RIVER PLATE;95;UNION FLORIDA;43
2026;LIGA PROXIMO MASCULINO;Fase Regular;Torneo Clasificacion;CLASIFICACION;NORTE;2B;8;10/05/2026;UNION VECINAL DE MUNRO;70;SPORTIVO VILLA BALLESTER;55
2026;LIGA PROXIMO MASCULINO;Fase Regular;Torneo Clasificacion;CLASIFICACION;NORTE;2B;8;10/05/2026;OBRAS SANITARIAS A;102;U.V.V.ADELINA;59
2026;LIGA PROXIMO MASCULINO;Fase Regular;Torneo Clasificacion;CLASIFICACION;NORTE;2B;9;17/05/2026;CLUB TRES DE FEBRERO A;73;U.V.V.ADELINA;78
2026;LIGA PROXIMO MASCULINO;Fase Regular;Torneo Clasificacion;CLASIFICACION;NORTE;2B;9;17/05/2026;SPORTIVO VILLA BALLESTER;49;OBRAS SANITARIAS A;89
2026;LIGA PROXIMO MASCULINO;Fase Regular;Torneo Clasificacion;CLASIFICACION;NORTE;2B;9;17/05/2026;UNION FLORIDA;63;UNION VECINAL DE MUNRO;67
2026;LIGA PROXIMO MASCULINO;Fase Regular;Torneo Clasificacion;CLASIFICACION;NORTE;2B;9;17/05/2026;NAUTICO HACOAJ A;47;RIVER PLATE;68
2026;LIGA PROXIMO MASCULINO;Fase Regular;Torneo Clasificacion;CLASIFICACION;NORTE;2B;10;24/05/2026;RIVER PLATE;75;CLUB TRES DE FEBRERO A;47
2026;LIGA PROXIMO MASCULINO;Fase Regular;Torneo Clasificacion;CLASIFICACION;NORTE;2B;10;24/05/2026;UNION VECINAL DE MUNRO;69;NAUTICO HACOAJ A;74
2026;LIGA PROXIMO MASCULINO;Fase Regular;Torneo Clasificacion;CLASIFICACION;NORTE;2B;10;24/05/2026;OBRAS SANITARIAS A;91;UNION FLORIDA;59
2026;LIGA PROXIMO MASCULINO;Fase Regular;Torneo Clasificacion;CLASIFICACION;NORTE;2B;10;24/05/2026;U.V.V.ADELINA;97;SPORTIVO VILLA BALLESTER;48
2026;LIGA PROXIMO MASCULINO;Fase Regular;Torneo Clasificacion;CLASIFICACION;CENTRO;2B;1;15/03/2026;ATENEO POPULAR VERSAILLES;104;ESTRELLA DE BOEDO;50
2026;LIGA PROXIMO MASCULINO;Fase Regular;Torneo Clasificacion;CLASIFICACION;CENTRO;2B;1;15/03/2026;FERROCARRIL OESTE A;68;VELEZ SARSFIELD A;64
2026;LIGA PROXIMO MASCULINO;Fase Regular;Torneo Clasificacion;CLASIFICACION;CENTRO;2B;1;15/03/2026;PINOCHO B;65;CIUDAD DE BUENOS AIRES A;81
2026;LIGA PROXIMO MASCULINO;Fase Regular;Torneo Clasificacion;CLASIFICACION;CENTRO;2B;1;15/03/2026;VILLA MITRE;52;JOSE HERNANDEZ A;80
2026;LIGA PROXIMO MASCULINO;Fase Regular;Torneo Clasificacion;CLASIFICACION;CENTRO;2B;2;22/03/2026;VILLA MITRE;41;ATENEO POPULAR VERSAILLES;51
2026;LIGA PROXIMO MASCULINO;Fase Regular;Torneo Clasificacion;CLASIFICACION;CENTRO;2B;2;22/03/2026;JOSE HERNANDEZ A;89;PINOCHO B;50
2026;LIGA PROXIMO MASCULINO;Fase Regular;Torneo Clasificacion;CLASIFICACION;CENTRO;2B;2;22/03/2026;CIUDAD DE BUENOS AIRES A;63;FERROCARRIL OESTE A;104
2026;LIGA PROXIMO MASCULINO;Fase Regular;Torneo Clasificacion;CLASIFICACION;CENTRO;2B;2;22/03/2026;VELEZ SARSFIELD A;72;ESTRELLA DE BOEDO;40
2026;LIGA PROXIMO MASCULINO;Fase Regular;Torneo Clasificacion;CLASIFICACION;CENTRO;2B;3;29/03/2026;ATENEO POPULAR VERSAILLES;80;VELEZ SARSFIELD A;83
2026;LIGA PROXIMO MASCULINO;Fase Regular;Torneo Clasificacion;CLASIFICACION;CENTRO;2B;3;29/03/2026;ESTRELLA DE BOEDO;46;CIUDAD DE BUENOS AIRES A;65
2026;LIGA PROXIMO MASCULINO;Fase Regular;Torneo Clasificacion;CLASIFICACION;CENTRO;2B;3;29/03/2026;FERROCARRIL OESTE A;67;JOSE HERNANDEZ A;44
2026;LIGA PROXIMO MASCULINO;Fase Regular;Torneo Clasificacion;CLASIFICACION;CENTRO;2B;3;29/03/2026;PINOCHO B;68;VILLA MITRE;71
2026;LIGA PROXIMO MASCULINO;Fase Regular;Torneo Clasificacion;CLASIFICACION;CENTRO;2B;4;12/04/2026;PINOCHO B;57;ATENEO POPULAR VERSAILLES;76
2026;LIGA PROXIMO MASCULINO;Fase Regular;Torneo Clasificacion;CLASIFICACION;CENTRO;2B;4;12/04/2026;VILLA MITRE;81;FERROCARRIL OESTE A;86
2026;LIGA PROXIMO MASCULINO;Fase Regular;Torneo Clasificacion;CLASIFICACION;CENTRO;2B;4;12/04/2026;JOSE HERNANDEZ A;80;ESTRELLA DE BOEDO;33
2026;LIGA PROXIMO MASCULINO;Fase Regular;Torneo Clasificacion;CLASIFICACION;CENTRO;2B;4;12/04/2026;CIUDAD DE BUENOS AIRES A;72;VELEZ SARSFIELD A;88
2026;LIGA PROXIMO MASCULINO;Fase Regular;Torneo Clasificacion;CLASIFICACION;CENTRO;2B;5;19/04/2026;ATENEO POPULAR VERSAILLES;87;CIUDAD DE BUENOS AIRES A;73
2026;LIGA PROXIMO MASCULINO;Fase Regular;Torneo Clasificacion;CLASIFICACION;CENTRO;2B;5;19/04/2026;VELEZ SARSFIELD A;72;JOSE HERNANDEZ A;59
2026;LIGA PROXIMO MASCULINO;Fase Regular;Torneo Clasificacion;CLASIFICACION;CENTRO;2B;5;19/04/2026;ESTRELLA DE BOEDO;42;VILLA MITRE;64
2026;LIGA PROXIMO MASCULINO;Fase Regular;Torneo Clasificacion;CLASIFICACION;CENTRO;2B;6;26/04/2026;FERROCARRIL OESTE A;78;ATENEO POPULAR VERSAILLES;67
2026;LIGA PROXIMO MASCULINO;Fase Regular;Torneo Clasificacion;CLASIFICACION;CENTRO;2B;6;26/04/2026;PINOCHO B;62;ESTRELLA DE BOEDO;34
2026;LIGA PROXIMO MASCULINO;Fase Regular;Torneo Clasificacion;CLASIFICACION;CENTRO;2B;6;26/04/2026;VILLA MITRE;63;VELEZ SARSFIELD A;90
2026;LIGA PROXIMO MASCULINO;Fase Regular;Torneo Clasificacion;CLASIFICACION;CENTRO;2B;6;26/04/2026;JOSE HERNANDEZ A;102;CIUDAD DE BUENOS AIRES A;80
2026;LIGA PROXIMO MASCULINO;Fase Regular;Torneo Clasificacion;CLASIFICACION;CENTRO;2B;7;03/05/2026;ATENEO POPULAR VERSAILLES;68;JOSE HERNANDEZ A;64
2026;LIGA PROXIMO MASCULINO;Fase Regular;Torneo Clasificacion;CLASIFICACION;CENTRO;2B;7;03/05/2026;CIUDAD DE BUENOS AIRES A;92;VILLA MITRE;81
2026;LIGA PROXIMO MASCULINO;Fase Regular;Torneo Clasificacion;CLASIFICACION;CENTRO;2B;7;03/05/2026;VELEZ SARSFIELD A;74;PINOCHO B;40
2026;LIGA PROXIMO MASCULINO;Fase Regular;Torneo Clasificacion;CLASIFICACION;CENTRO;2B;7;03/05/2026;ESTRELLA DE BOEDO;48;FERROCARRIL OESTE A;108
2026;LIGA PROXIMO MASCULINO;Fase Regular;Torneo Clasificacion;CLASIFICACION;CENTRO;2B;8;10/05/2026;ESTRELLA DE BOEDO;34;ATENEO POPULAR VERSAILLES;65
2026;LIGA PROXIMO MASCULINO;Fase Regular;Torneo Clasificacion;CLASIFICACION;CENTRO;2B;8;10/05/2026;VELEZ SARSFIELD A;61;FERROCARRIL OESTE A;84
2026;LIGA PROXIMO MASCULINO;Fase Regular;Torneo Clasificacion;CLASIFICACION;CENTRO;2B;8;10/05/2026;CIUDAD DE BUENOS AIRES A;62;PINOCHO B;58
2026;LIGA PROXIMO MASCULINO;Fase Regular;Torneo Clasificacion;CLASIFICACION;CENTRO;2B;8;10/05/2026;JOSE HERNANDEZ A;84;VILLA MITRE;44
2026;LIGA PROXIMO MASCULINO;Fase Regular;Torneo Clasificacion;CLASIFICACION;CENTRO;2B;9;17/05/2026;ATENEO POPULAR VERSAILLES;76;VILLA MITRE;52
2026;LIGA PROXIMO MASCULINO;Fase Regular;Torneo Clasificacion;CLASIFICACION;CENTRO;2B;9;17/05/2026;PINOCHO B;32;JOSE HERNANDEZ A;63
2026;LIGA PROXIMO MASCULINO;Fase Regular;Torneo Clasificacion;CLASIFICACION;CENTRO;2B;9;17/05/2026;FERROCARRIL OESTE A;92;CIUDAD DE BUENOS AIRES A;72
2026;LIGA PROXIMO MASCULINO;Fase Regular;Torneo Clasificacion;CLASIFICACION;CENTRO;2B;9;17/05/2026;ESTRELLA DE BOEDO;52;VELEZ SARSFIELD A;79
2026;LIGA PROXIMO MASCULINO;Fase Regular;Torneo Clasificacion;CLASIFICACION;CENTRO;2B;10;24/05/2026;VELEZ SARSFIELD A;78;ATENEO POPULAR VERSAILLES;72
2026;LIGA PROXIMO MASCULINO;Fase Regular;Torneo Clasificacion;CLASIFICACION;CENTRO;2B;10;24/05/2026;CIUDAD DE BUENOS AIRES A;82;ESTRELLA DE BOEDO;46
2026;LIGA PROXIMO MASCULINO;Fase Regular;Torneo Clasificacion;CLASIFICACION;CENTRO;2B;10;24/05/2026;JOSE HERNANDEZ A;75;FERROCARRIL OESTE A;84
2026;LIGA PROXIMO MASCULINO;Fase Regular;Torneo Clasificacion;CLASIFICACION;CENTRO;2B;10;24/05/2026;VILLA MITRE;64;PINOCHO B;75
2026;LIGA PROXIMO MASCULINO;Fase Regular;Torneo Clasificacion;CLASIFICACION;OESTE;2B;1;15/03/2026;PORTEÑO ATHLETIC CLUB A;91;ARGENTINO DE CASTELAR B;87
2026;LIGA PROXIMO MASCULINO;Fase Regular;Torneo Clasificacion;CLASIFICACION;OESTE;2B;1;15/03/2026;LOS INDIOS DE MORENO B;46;INSTITUCION SARMIENTO B;70
2026;LIGA PROXIMO MASCULINO;Fase Regular;Torneo Clasificacion;CLASIFICACION;OESTE;2B;1;15/03/2026;LEANDRO N ALEM;58;MORON A;89
2026;LIGA PROXIMO MASCULINO;Fase Regular;Torneo Clasificacion;CLASIFICACION;OESTE;2B;2;22/03/2026;MORON A;98;LOS INDIOS DE MORENO B;24
2026;LIGA PROXIMO MASCULINO;Fase Regular;Torneo Clasificacion;CLASIFICACION;OESTE;2B;2;22/03/2026;INSTITUCION SARMIENTO B;65;PORTEÑO ATHLETIC CLUB A;56
2026;LIGA PROXIMO MASCULINO;Fase Regular;Torneo Clasificacion;CLASIFICACION;OESTE;2B;2;22/03/2026;ARGENTINO DE CASTELAR B;52;GIMNASIA Y ESGRIMA DE ITUZAINGO A;80
2026;LIGA PROXIMO MASCULINO;Fase Regular;Torneo Clasificacion;CLASIFICACION;OESTE;2B;3;29/03/2026;GIMNASIA Y ESGRIMA DE ITUZAINGO A;101;INSTITUCION SARMIENTO B;28
2026;LIGA PROXIMO MASCULINO;Fase Regular;Torneo Clasificacion;CLASIFICACION;OESTE;2B;3;29/03/2026;PORTEÑO ATHLETIC CLUB A;38;MORON A;97
2026;LIGA PROXIMO MASCULINO;Fase Regular;Torneo Clasificacion;CLASIFICACION;OESTE;2B;3;29/03/2026;LOS INDIOS DE MORENO B;40;LEANDRO N ALEM;70
2026;LIGA PROXIMO MASCULINO;Fase Regular;Torneo Clasificacion;CLASIFICACION;OESTE;2B;4;12/04/2026;LEANDRO N ALEM;76;PORTEÑO ATHLETIC CLUB A;52
2026;LIGA PROXIMO MASCULINO;Fase Regular;Torneo Clasificacion;CLASIFICACION;OESTE;2B;4;12/04/2026;MORON A;77;GIMNASIA Y ESGRIMA DE ITUZAINGO A;69
2026;LIGA PROXIMO MASCULINO;Fase Regular;Torneo Clasificacion;CLASIFICACION;OESTE;2B;4;12/04/2026;INSTITUCION SARMIENTO B;58;ARGENTINO DE CASTELAR B;68
2026;LIGA PROXIMO MASCULINO;Fase Regular;Torneo Clasificacion;CLASIFICACION;OESTE;2B;5;19/04/2026;ARGENTINO DE CASTELAR B;50;MORON A;81
2026;LIGA PROXIMO MASCULINO;Fase Regular;Torneo Clasificacion;CLASIFICACION;OESTE;2B;5;19/04/2026;GIMNASIA Y ESGRIMA DE ITUZAINGO A;78;LEANDRO N ALEM;67
2026;LIGA PROXIMO MASCULINO;Fase Regular;Torneo Clasificacion;CLASIFICACION;OESTE;2B;5;19/04/2026;PORTEÑO ATHLETIC CLUB A;63;LOS INDIOS DE MORENO B;47
2026;LIGA PROXIMO MASCULINO;Fase Regular;Torneo Clasificacion;CLASIFICACION;OESTE;2B;6;26/04/2026;LOS INDIOS DE MORENO B;38;GIMNASIA Y ESGRIMA DE ITUZAINGO A;84
2026;LIGA PROXIMO MASCULINO;Fase Regular;Torneo Clasificacion;CLASIFICACION;OESTE;2B;6;26/04/2026;LEANDRO N ALEM;60;ARGENTINO DE CASTELAR B;62
2026;LIGA PROXIMO MASCULINO;Fase Regular;Torneo Clasificacion;CLASIFICACION;OESTE;2B;6;26/04/2026;MORON A;96;INSTITUCION SARMIENTO B;45
2026;LIGA PROXIMO MASCULINO;Fase Regular;Torneo Clasificacion;CLASIFICACION;OESTE;2B;7;03/05/2026;INSTITUCION SARMIENTO B;67;LEANDRO N ALEM;81
2026;LIGA PROXIMO MASCULINO;Fase Regular;Torneo Clasificacion;CLASIFICACION;OESTE;2B;7;03/05/2026;ARGENTINO DE CASTELAR B;83;LOS INDIOS DE MORENO B;47
2026;LIGA PROXIMO MASCULINO;Fase Regular;Torneo Clasificacion;CLASIFICACION;OESTE;2B;7;03/05/2026;GIMNASIA Y ESGRIMA DE ITUZAINGO A;97;PORTEÑO ATHLETIC CLUB A;43
2026;LIGA PROXIMO MASCULINO;Fase Regular;Torneo Clasificacion;CLASIFICACION;OESTE;2B;8;10/05/2026;ARGENTINO DE CASTELAR B;63;PORTEÑO ATHLETIC CLUB A;61
2026;LIGA PROXIMO MASCULINO;Fase Regular;Torneo Clasificacion;CLASIFICACION;OESTE;2B;8;10/05/2026;INSTITUCION SARMIENTO B;83;LOS INDIOS DE MORENO B;48
2026;LIGA PROXIMO MASCULINO;Fase Regular;Torneo Clasificacion;CLASIFICACION;OESTE;2B;8;10/05/2026;MORON A;87;LEANDRO N ALEM;66
2026;LIGA PROXIMO MASCULINO;Fase Regular;Torneo Clasificacion;CLASIFICACION;OESTE;2B;9;17/05/2026;LOS INDIOS DE MORENO B;31;MORON A;87
2026;LIGA PROXIMO MASCULINO;Fase Regular;Torneo Clasificacion;CLASIFICACION;OESTE;2B;9;17/05/2026;PORTEÑO ATHLETIC CLUB A;82;INSTITUCION SARMIENTO B;64
2026;LIGA PROXIMO MASCULINO;Fase Regular;Torneo Clasificacion;CLASIFICACION;OESTE;2B;9;17/05/2026;GIMNASIA Y ESGRIMA DE ITUZAINGO A;71;ARGENTINO DE CASTELAR B;35
2026;LIGA PROXIMO MASCULINO;Fase Regular;Torneo Clasificacion;CLASIFICACION;OESTE;2B;10;24/05/2026;INSTITUCION SARMIENTO B;37;GIMNASIA Y ESGRIMA DE ITUZAINGO A;63
2026;LIGA PROXIMO MASCULINO;Fase Regular;Torneo Clasificacion;CLASIFICACION;OESTE;2B;10;24/05/2026;MORON A;105;PORTEÑO ATHLETIC CLUB A;47
2026;LIGA PROXIMO MASCULINO;Fase Regular;Torneo Clasificacion;CLASIFICACION;OESTE;2B;10;24/05/2026;LEANDRO N ALEM;45;LOS INDIOS DE MORENO B;63
2026;LIGA PROXIMO MASCULINO;Fase Regular;Torneo Clasificacion;CLASIFICACION;OESTE;2B;12;07/06/2026;MORON A;85;ARGENTINO DE CASTELAR B;39
2026;LIGA PROXIMO MASCULINO;Fase Regular;Torneo Clasificacion;CLASIFICACION;SUR;2B;1;15/03/2026;BOCA JUNIORS A;91;OLIMPO A;44
2026;LIGA PROXIMO MASCULINO;Fase Regular;Torneo Clasificacion;CLASIFICACION;SUR;2B;1;15/03/2026;BURZACO FC A;61;LOS ANDES;55
2026;LIGA PROXIMO MASCULINO;Fase Regular;Torneo Clasificacion;CLASIFICACION;SUR;2B;1;15/03/2026;COUNTRY BANFIELD A;61;LOBOS ATHLETIC CLUB;70
2026;LIGA PROXIMO MASCULINO;Fase Regular;Torneo Clasificacion;CLASIFICACION;SUR;2B;1;15/03/2026;TRISTAN SUAREZ;64;CLUB SOCIAL ALEJANDRO KORN;61
2026;LIGA PROXIMO MASCULINO;Fase Regular;Torneo Clasificacion;CLASIFICACION;SUR;2B;2;22/03/2026;TRISTAN SUAREZ;51;BOCA JUNIORS A;65
2026;LIGA PROXIMO MASCULINO;Fase Regular;Torneo Clasificacion;CLASIFICACION;SUR;2B;2;22/03/2026;CLUB SOCIAL ALEJANDRO KORN;80;COUNTRY BANFIELD A;40
2026;LIGA PROXIMO MASCULINO;Fase Regular;Torneo Clasificacion;CLASIFICACION;SUR;2B;2;22/03/2026;LOBOS ATHLETIC CLUB;48;BURZACO FC A;69
2026;LIGA PROXIMO MASCULINO;Fase Regular;Torneo Clasificacion;CLASIFICACION;SUR;2B;2;22/03/2026;LOS ANDES;78;OLIMPO A;70
2026;LIGA PROXIMO MASCULINO;Fase Regular;Torneo Clasificacion;CLASIFICACION;SUR;2B;3;29/03/2026;BOCA JUNIORS A;105;LOS ANDES;56
2026;LIGA PROXIMO MASCULINO;Fase Regular;Torneo Clasificacion;CLASIFICACION;SUR;2B;3;29/03/2026;OLIMPO A;63;LOBOS ATHLETIC CLUB;70
2026;LIGA PROXIMO MASCULINO;Fase Regular;Torneo Clasificacion;CLASIFICACION;SUR;2B;3;29/03/2026;BURZACO FC A;46;CLUB SOCIAL ALEJANDRO KORN;54
2026;LIGA PROXIMO MASCULINO;Fase Regular;Torneo Clasificacion;CLASIFICACION;SUR;2B;3;29/03/2026;COUNTRY BANFIELD A;48;TRISTAN SUAREZ;78
2026;LIGA PROXIMO MASCULINO;Fase Regular;Torneo Clasificacion;CLASIFICACION;SUR;2B;4;12/04/2026;COUNTRY BANFIELD A;40;BOCA JUNIORS A;88
2026;LIGA PROXIMO MASCULINO;Fase Regular;Torneo Clasificacion;CLASIFICACION;SUR;2B;4;12/04/2026;TRISTAN SUAREZ;52;BURZACO FC A;54
2026;LIGA PROXIMO MASCULINO;Fase Regular;Torneo Clasificacion;CLASIFICACION;SUR;2B;4;12/04/2026;CLUB SOCIAL ALEJANDRO KORN;72;OLIMPO A;53
2026;LIGA PROXIMO MASCULINO;Fase Regular;Torneo Clasificacion;CLASIFICACION;SUR;2B;4;12/04/2026;LOBOS ATHLETIC CLUB;64;LOS ANDES;62
2026;LIGA PROXIMO MASCULINO;Fase Regular;Torneo Clasificacion;CLASIFICACION;SUR;2B;5;19/04/2026;BOCA JUNIORS A;111;LOBOS ATHLETIC CLUB;28
2026;LIGA PROXIMO MASCULINO;Fase Regular;Torneo Clasificacion;CLASIFICACION;SUR;2B;5;19/04/2026;LOS ANDES;81;CLUB SOCIAL ALEJANDRO KORN;101
2026;LIGA PROXIMO MASCULINO;Fase Regular;Torneo Clasificacion;CLASIFICACION;SUR;2B;5;19/04/2026;OLIMPO A;62;TRISTAN SUAREZ;72
2026;LIGA PROXIMO MASCULINO;Fase Regular;Torneo Clasificacion;CLASIFICACION;SUR;2B;5;19/04/2026;BURZACO FC A;73;COUNTRY BANFIELD A;43
2026;LIGA PROXIMO MASCULINO;Fase Regular;Torneo Clasificacion;CLASIFICACION;SUR;2B;6;26/04/2026;BURZACO FC A;50;BOCA JUNIORS A;60
2026;LIGA PROXIMO MASCULINO;Fase Regular;Torneo Clasificacion;CLASIFICACION;SUR;2B;6;26/04/2026;COUNTRY BANFIELD A;68;OLIMPO A;65
2026;LIGA PROXIMO MASCULINO;Fase Regular;Torneo Clasificacion;CLASIFICACION;SUR;2B;6;26/04/2026;TRISTAN SUAREZ;64;LOS ANDES;52
2026;LIGA PROXIMO MASCULINO;Fase Regular;Torneo Clasificacion;CLASIFICACION;SUR;2B;6;26/04/2026;CLUB SOCIAL ALEJANDRO KORN;85;LOBOS ATHLETIC CLUB;63
2026;LIGA PROXIMO MASCULINO;Fase Regular;Torneo Clasificacion;CLASIFICACION;SUR;2B;7;03/05/2026;BOCA JUNIORS A;78;CLUB SOCIAL ALEJANDRO KORN;43
2026;LIGA PROXIMO MASCULINO;Fase Regular;Torneo Clasificacion;CLASIFICACION;SUR;2B;7;03/05/2026;LOBOS ATHLETIC CLUB;61;TRISTAN SUAREZ;74
2026;LIGA PROXIMO MASCULINO;Fase Regular;Torneo Clasificacion;CLASIFICACION;SUR;2B;7;03/05/2026;LOS ANDES;95;COUNTRY BANFIELD A;50
2026;LIGA PROXIMO MASCULINO;Fase Regular;Torneo Clasificacion;CLASIFICACION;SUR;2B;7;03/05/2026;OLIMPO A;46;BURZACO FC A;69
2026;LIGA PROXIMO MASCULINO;Fase Regular;Torneo Clasificacion;CLASIFICACION;SUR;2B;8;10/05/2026;OLIMPO A;57;BOCA JUNIORS A;98
2026;LIGA PROXIMO MASCULINO;Fase Regular;Torneo Clasificacion;CLASIFICACION;SUR;2B;8;10/05/2026;LOS ANDES;61;BURZACO FC A;65
2026;LIGA PROXIMO MASCULINO;Fase Regular;Torneo Clasificacion;CLASIFICACION;SUR;2B;8;10/05/2026;LOBOS ATHLETIC CLUB;58;COUNTRY BANFIELD A;56
2026;LIGA PROXIMO MASCULINO;Fase Regular;Torneo Clasificacion;CLASIFICACION;SUR;2B;8;10/05/2026;CLUB SOCIAL ALEJANDRO KORN;71;TRISTAN SUAREZ;54
2026;LIGA PROXIMO MASCULINO;Fase Regular;Torneo Clasificacion;CLASIFICACION;SUR;2B;9;17/05/2026;BOCA JUNIORS A;79;TRISTAN SUAREZ;29
2026;LIGA PROXIMO MASCULINO;Fase Regular;Torneo Clasificacion;CLASIFICACION;SUR;2B;9;17/05/2026;COUNTRY BANFIELD A;62;CLUB SOCIAL ALEJANDRO KORN;73
2026;LIGA PROXIMO MASCULINO;Fase Regular;Torneo Clasificacion;CLASIFICACION;SUR;2B;9;17/05/2026;BURZACO FC A;65;LOBOS ATHLETIC CLUB;59
2026;LIGA PROXIMO MASCULINO;Fase Regular;Torneo Clasificacion;CLASIFICACION;SUR;2B;9;17/05/2026;OLIMPO A;89;LOS ANDES;77
2026;LIGA PROXIMO MASCULINO;Fase Regular;Torneo Clasificacion;CLASIFICACION;SUR;2B;10;24/05/2026;LOS ANDES;62;BOCA JUNIORS A;92
2026;LIGA PROXIMO MASCULINO;Fase Regular;Torneo Clasificacion;CLASIFICACION;SUR;2B;10;24/05/2026;LOBOS ATHLETIC CLUB;72;OLIMPO A;71
2026;LIGA PROXIMO MASCULINO;Fase Regular;Torneo Clasificacion;CLASIFICACION;SUR;2B;10;24/05/2026;CLUB SOCIAL ALEJANDRO KORN;68;BURZACO FC A;58
2026;LIGA PROXIMO MASCULINO;Fase Regular;Torneo Clasificacion;CLASIFICACION;SUR;2B;10;24/05/2026;TRISTAN SUAREZ;60;COUNTRY BANFIELD A;51
2026;LIGA PROXIMO MASCULINO;Fase Regular;Torneo Clasificacion;CLASIFICACION;NORTE;3C;1;15/03/2026;BELLA VISTA;65;CAZA Y PESCA B;51
2026;LIGA PROXIMO MASCULINO;Fase Regular;Torneo Clasificacion;CLASIFICACION;NORTE;3C;1;15/03/2026;GEVP A;72;SOCIAL BECCAR A;65
2026;LIGA PROXIMO MASCULINO;Fase Regular;Torneo Clasificacion;CLASIFICACION;NORTE;3C;1;15/03/2026;BANADE A;86;CLUB TRES DE FEBRERO B;60
2026;LIGA PROXIMO MASCULINO;Fase Regular;Torneo Clasificacion;CLASIFICACION;NORTE;3C;2;22/03/2026;BANADE A;77;CENTRO GALICIA;65
2026;LIGA PROXIMO MASCULINO;Fase Regular;Torneo Clasificacion;CLASIFICACION;NORTE;3C;2;22/03/2026;CLUB TRES DE FEBRERO B;39;GEVP A;84
2026;LIGA PROXIMO MASCULINO;Fase Regular;Torneo Clasificacion;CLASIFICACION;NORTE;3C;2;22/03/2026;SOCIAL BECCAR A;73;BELLA VISTA;46
2026;LIGA PROXIMO MASCULINO;Fase Regular;Torneo Clasificacion;CLASIFICACION;NORTE;3C;3;29/03/2026;CENTRO GALICIA;66;CAZA Y PESCA B;56
2026;LIGA PROXIMO MASCULINO;Fase Regular;Torneo Clasificacion;CLASIFICACION;NORTE;3C;3;29/03/2026;BELLA VISTA;54;CLUB TRES DE FEBRERO B;59
2026;LIGA PROXIMO MASCULINO;Fase Regular;Torneo Clasificacion;CLASIFICACION;NORTE;3C;3;29/03/2026;GEVP A;71;BANADE A;40
2026;LIGA PROXIMO MASCULINO;Fase Regular;Torneo Clasificacion;CLASIFICACION;NORTE;3C;4;12/04/2026;GEVP A;87;CENTRO GALICIA;42
2026;LIGA PROXIMO MASCULINO;Fase Regular;Torneo Clasificacion;CLASIFICACION;NORTE;3C;4;12/04/2026;BANADE A;99;BELLA VISTA;45
2026;LIGA PROXIMO MASCULINO;Fase Regular;Torneo Clasificacion;CLASIFICACION;NORTE;3C;4;12/04/2026;SOCIAL BECCAR A;97;CAZA Y PESCA B;42
2026;LIGA PROXIMO MASCULINO;Fase Regular;Torneo Clasificacion;CLASIFICACION;NORTE;3C;5;19/04/2026;CENTRO GALICIA;72;SOCIAL BECCAR A;75
2026;LIGA PROXIMO MASCULINO;Fase Regular;Torneo Clasificacion;CLASIFICACION;NORTE;3C;5;19/04/2026;CAZA Y PESCA B;70;CLUB TRES DE FEBRERO B;65
2026;LIGA PROXIMO MASCULINO;Fase Regular;Torneo Clasificacion;CLASIFICACION;NORTE;3C;5;19/04/2026;BELLA VISTA;40;GEVP A;107
2026;LIGA PROXIMO MASCULINO;Fase Regular;Torneo Clasificacion;CLASIFICACION;NORTE;3C;6;26/04/2026;BELLA VISTA;58;CENTRO GALICIA;69
2026;LIGA PROXIMO MASCULINO;Fase Regular;Torneo Clasificacion;CLASIFICACION;NORTE;3C;6;26/04/2026;BANADE A;84;CAZA Y PESCA B;63
2026;LIGA PROXIMO MASCULINO;Fase Regular;Torneo Clasificacion;CLASIFICACION;NORTE;3C;6;26/04/2026;CLUB TRES DE FEBRERO B;59;SOCIAL BECCAR A;77
2026;LIGA PROXIMO MASCULINO;Fase Regular;Torneo Clasificacion;CLASIFICACION;NORTE;3C;7;03/05/2026;CENTRO GALICIA;76;CLUB TRES DE FEBRERO B;46
2026;LIGA PROXIMO MASCULINO;Fase Regular;Torneo Clasificacion;CLASIFICACION;NORTE;3C;7;03/05/2026;SOCIAL BECCAR A;80;BANADE A;54
2026;LIGA PROXIMO MASCULINO;Fase Regular;Torneo Clasificacion;CLASIFICACION;NORTE;3C;7;03/05/2026;CAZA Y PESCA B;40;GEVP A;97
2026;LIGA PROXIMO MASCULINO;Fase Regular;Torneo Clasificacion;CLASIFICACION;NORTE;3C;8;10/05/2026;CAZA Y PESCA B;50;BELLA VISTA;56
2026;LIGA PROXIMO MASCULINO;Fase Regular;Torneo Clasificacion;CLASIFICACION;NORTE;3C;8;10/05/2026;SOCIAL BECCAR A;72;GEVP A;68
2026;LIGA PROXIMO MASCULINO;Fase Regular;Torneo Clasificacion;CLASIFICACION;NORTE;3C;8;10/05/2026;CLUB TRES DE FEBRERO B;48;BANADE A;63
2026;LIGA PROXIMO MASCULINO;Fase Regular;Torneo Clasificacion;CLASIFICACION;NORTE;3C;9;17/05/2026;CENTRO GALICIA;69;BANADE A;85
2026;LIGA PROXIMO MASCULINO;Fase Regular;Torneo Clasificacion;CLASIFICACION;NORTE;3C;9;17/05/2026;GEVP A;57;CLUB TRES DE FEBRERO B;26
2026;LIGA PROXIMO MASCULINO;Fase Regular;Torneo Clasificacion;CLASIFICACION;NORTE;3C;9;17/05/2026;BELLA VISTA;34;SOCIAL BECCAR A;77
2026;LIGA PROXIMO MASCULINO;Fase Regular;Torneo Clasificacion;CLASIFICACION;NORTE;3C;10;24/05/2026;CAZA Y PESCA B;48;CENTRO GALICIA;67
2026;LIGA PROXIMO MASCULINO;Fase Regular;Torneo Clasificacion;CLASIFICACION;NORTE;3C;10;24/05/2026;CLUB TRES DE FEBRERO B;46;BELLA VISTA;37
2026;LIGA PROXIMO MASCULINO;Fase Regular;Torneo Clasificacion;CLASIFICACION;NORTE;3C;10;24/05/2026;BANADE A;64;GEVP A;91
2026;LIGA PROXIMO MASCULINO;Fase Regular;Torneo Clasificacion;CLASIFICACION;CENTRO;3C;1;15/03/2026;ITALIANO A;91;ARQUITECTURA B;42
2026;LIGA PROXIMO MASCULINO;Fase Regular;Torneo Clasificacion;CLASIFICACION;CENTRO;3C;1;15/03/2026;PINOCHO A;81;GEVP B;34
2026;LIGA PROXIMO MASCULINO;Fase Regular;Torneo Clasificacion;CLASIFICACION;CENTRO;3C;1;15/03/2026;ARMENIA;42;ALL BOYS A;64
2026;LIGA PROXIMO MASCULINO;Fase Regular;Torneo Clasificacion;CLASIFICACION;CENTRO;3C;1;15/03/2026;FERROCARRIL OESTE B;39;PEDRO ECHAGUE A;65
2026;LIGA PROXIMO MASCULINO;Fase Regular;Torneo Clasificacion;CLASIFICACION;CENTRO;3C;2;22/03/2026;FERROCARRIL OESTE B;30;ITALIANO A;102
2026;LIGA PROXIMO MASCULINO;Fase Regular;Torneo Clasificacion;CLASIFICACION;CENTRO;3C;2;22/03/2026;PEDRO ECHAGUE A;87;ARMENIA;36
2026;LIGA PROXIMO MASCULINO;Fase Regular;Torneo Clasificacion;CLASIFICACION;CENTRO;3C;2;22/03/2026;ALL BOYS A;71;PINOCHO A;84
2026;LIGA PROXIMO MASCULINO;Fase Regular;Torneo Clasificacion;CLASIFICACION;CENTRO;3C;2;22/03/2026;GEVP B;47;ARQUITECTURA B;53
2026;LIGA PROXIMO MASCULINO;Fase Regular;Torneo Clasificacion;CLASIFICACION;CENTRO;3C;3;29/03/2026;ITALIANO A;90;GEVP B;50
2026;LIGA PROXIMO MASCULINO;Fase Regular;Torneo Clasificacion;CLASIFICACION;CENTRO;3C;3;29/03/2026;ARQUITECTURA B;47;ALL BOYS A;62
2026;LIGA PROXIMO MASCULINO;Fase Regular;Torneo Clasificacion;CLASIFICACION;CENTRO;3C;3;29/03/2026;PINOCHO A;72;PEDRO ECHAGUE A;48
2026;LIGA PROXIMO MASCULINO;Fase Regular;Torneo Clasificacion;CLASIFICACION;CENTRO;3C;3;29/03/2026;ARMENIA;50;FERROCARRIL OESTE B;45
2026;LIGA PROXIMO MASCULINO;Fase Regular;Torneo Clasificacion;CLASIFICACION;CENTRO;3C;4;12/04/2026;ARMENIA;36;ITALIANO A;68
2026;LIGA PROXIMO MASCULINO;Fase Regular;Torneo Clasificacion;CLASIFICACION;CENTRO;3C;4;12/04/2026;FERROCARRIL OESTE B;47;PINOCHO A;82
2026;LIGA PROXIMO MASCULINO;Fase Regular;Torneo Clasificacion;CLASIFICACION;CENTRO;3C;4;12/04/2026;PEDRO ECHAGUE A;90;ARQUITECTURA B;49
2026;LIGA PROXIMO MASCULINO;Fase Regular;Torneo Clasificacion;CLASIFICACION;CENTRO;3C;4;12/04/2026;ALL BOYS A;74;GEVP B;81
2026;LIGA PROXIMO MASCULINO;Fase Regular;Torneo Clasificacion;CLASIFICACION;CENTRO;3C;5;19/04/2026;ITALIANO A;93;ALL BOYS A;55
2026;LIGA PROXIMO MASCULINO;Fase Regular;Torneo Clasificacion;CLASIFICACION;CENTRO;3C;5;19/04/2026;GEVP B;43;PEDRO ECHAGUE A;56
2026;LIGA PROXIMO MASCULINO;Fase Regular;Torneo Clasificacion;CLASIFICACION;CENTRO;3C;5;19/04/2026;ARQUITECTURA B;84;FERROCARRIL OESTE B;73
2026;LIGA PROXIMO MASCULINO;Fase Regular;Torneo Clasificacion;CLASIFICACION;CENTRO;3C;5;19/04/2026;PINOCHO A;77;ARMENIA;37
2026;LIGA PROXIMO MASCULINO;Fase Regular;Torneo Clasificacion;CLASIFICACION;CENTRO;3C;6;26/04/2026;PINOCHO A;72;ITALIANO A;74
2026;LIGA PROXIMO MASCULINO;Fase Regular;Torneo Clasificacion;CLASIFICACION;CENTRO;3C;6;26/04/2026;ARMENIA;59;ARQUITECTURA B;63
2026;LIGA PROXIMO MASCULINO;Fase Regular;Torneo Clasificacion;CLASIFICACION;CENTRO;3C;6;26/04/2026;FERROCARRIL OESTE B;63;GEVP B;49
2026;LIGA PROXIMO MASCULINO;Fase Regular;Torneo Clasificacion;CLASIFICACION;CENTRO;3C;6;26/04/2026;PEDRO ECHAGUE A;77;ALL BOYS A;43
2026;LIGA PROXIMO MASCULINO;Fase Regular;Torneo Clasificacion;CLASIFICACION;CENTRO;3C;7;03/05/2026;ITALIANO A;70;PEDRO ECHAGUE A;53
2026;LIGA PROXIMO MASCULINO;Fase Regular;Torneo Clasificacion;CLASIFICACION;CENTRO;3C;7;03/05/2026;ALL BOYS A;64;FERROCARRIL OESTE B;69
2026;LIGA PROXIMO MASCULINO;Fase Regular;Torneo Clasificacion;CLASIFICACION;CENTRO;3C;7;03/05/2026;GEVP B;50;ARMENIA;46
2026;LIGA PROXIMO MASCULINO;Fase Regular;Torneo Clasificacion;CLASIFICACION;CENTRO;3C;7;03/05/2026;ARQUITECTURA B;44;PINOCHO A;99
2026;LIGA PROXIMO MASCULINO;Fase Regular;Torneo Clasificacion;CLASIFICACION;CENTRO;3C;8;10/05/2026;ARQUITECTURA B;40;ITALIANO A;77
2026;LIGA PROXIMO MASCULINO;Fase Regular;Torneo Clasificacion;CLASIFICACION;CENTRO;3C;8;10/05/2026;GEVP B;32;PINOCHO A;54
2026;LIGA PROXIMO MASCULINO;Fase Regular;Torneo Clasificacion;CLASIFICACION;CENTRO;3C;8;10/05/2026;ALL BOYS A;59;ARMENIA;57
2026;LIGA PROXIMO MASCULINO;Fase Regular;Torneo Clasificacion;CLASIFICACION;CENTRO;3C;8;10/05/2026;PEDRO ECHAGUE A;85;FERROCARRIL OESTE B;57
2026;LIGA PROXIMO MASCULINO;Fase Regular;Torneo Clasificacion;CLASIFICACION;CENTRO;3C;9;17/05/2026;ITALIANO A;93;FERROCARRIL OESTE B;61
2026;LIGA PROXIMO MASCULINO;Fase Regular;Torneo Clasificacion;CLASIFICACION;CENTRO;3C;9;17/05/2026;ARMENIA;45;PEDRO ECHAGUE A;69
2026;LIGA PROXIMO MASCULINO;Fase Regular;Torneo Clasificacion;CLASIFICACION;CENTRO;3C;9;17/05/2026;PINOCHO A;62;ALL BOYS A;39
2026;LIGA PROXIMO MASCULINO;Fase Regular;Torneo Clasificacion;CLASIFICACION;CENTRO;3C;9;17/05/2026;ARQUITECTURA B;65;GEVP B;47
2026;LIGA PROXIMO MASCULINO;Fase Regular;Torneo Clasificacion;CLASIFICACION;CENTRO;3C;10;24/05/2026;GEVP B;34;ITALIANO A;85
2026;LIGA PROXIMO MASCULINO;Fase Regular;Torneo Clasificacion;CLASIFICACION;CENTRO;3C;10;24/05/2026;ALL BOYS A;81;ARQUITECTURA B;73
2026;LIGA PROXIMO MASCULINO;Fase Regular;Torneo Clasificacion;CLASIFICACION;CENTRO;3C;10;24/05/2026;PEDRO ECHAGUE A;77;PINOCHO A;52
2026;LIGA PROXIMO MASCULINO;Fase Regular;Torneo Clasificacion;CLASIFICACION;CENTRO;3C;10;24/05/2026;FERROCARRIL OESTE B;63;ARMENIA;55
2026;LIGA PROXIMO MASCULINO;Fase Regular;Torneo Clasificacion;CLASIFICACION;OESTE;3C;1;15/03/2026;SAN MIGUEL B;60;DEFENSORES DE HURLINGHAM A;61
2026;LIGA PROXIMO MASCULINO;Fase Regular;Torneo Clasificacion;CLASIFICACION;OESTE;3C;1;15/03/2026;UNIVERSIDAD DE LA MATANZA;70;EL PORVENIR;45
2026;LIGA PROXIMO MASCULINO;Fase Regular;Torneo Clasificacion;CLASIFICACION;OESTE;3C;1;15/03/2026;MIDLAND;86;HURACAN DE SAN JUSTO A;42
2026;LIGA PROXIMO MASCULINO;Fase Regular;Torneo Clasificacion;CLASIFICACION;OESTE;3C;2;22/03/2026;MIDLAND;86;SAN MIGUEL B;57
2026;LIGA PROXIMO MASCULINO;Fase Regular;Torneo Clasificacion;CLASIFICACION;OESTE;3C;2;22/03/2026;HURACAN DE SAN JUSTO A;46;UNIVERSIDAD DE LA MATANZA;70
2026;LIGA PROXIMO MASCULINO;Fase Regular;Torneo Clasificacion;CLASIFICACION;OESTE;3C;2;22/03/2026;EL PORVENIR;31;INSTITUCION SARMIENTO A;103
2026;LIGA PROXIMO MASCULINO;Fase Regular;Torneo Clasificacion;CLASIFICACION;OESTE;3C;3;29/03/2026;DEFENSORES DE HURLINGHAM A;78;EL PORVENIR;51
2026;LIGA PROXIMO MASCULINO;Fase Regular;Torneo Clasificacion;CLASIFICACION;OESTE;3C;3;29/03/2026;INSTITUCION SARMIENTO A;84;HURACAN DE SAN JUSTO A;60
2026;LIGA PROXIMO MASCULINO;Fase Regular;Torneo Clasificacion;CLASIFICACION;OESTE;3C;3;29/03/2026;UNIVERSIDAD DE LA MATANZA;67;MIDLAND;89
2026;LIGA PROXIMO MASCULINO;Fase Regular;Torneo Clasificacion;CLASIFICACION;OESTE;3C;4;12/04/2026;UNIVERSIDAD DE LA MATANZA;70;SAN MIGUEL B;76
2026;LIGA PROXIMO MASCULINO;Fase Regular;Torneo Clasificacion;CLASIFICACION;OESTE;3C;4;12/04/2026;MIDLAND;83;INSTITUCION SARMIENTO A;61
2026;LIGA PROXIMO MASCULINO;Fase Regular;Torneo Clasificacion;CLASIFICACION;OESTE;3C;4;12/04/2026;HURACAN DE SAN JUSTO A;55;DEFENSORES DE HURLINGHAM A;65
2026;LIGA PROXIMO MASCULINO;Fase Regular;Torneo Clasificacion;CLASIFICACION;OESTE;3C;5;19/04/2026;SAN MIGUEL B;100;EL PORVENIR;35
2026;LIGA PROXIMO MASCULINO;Fase Regular;Torneo Clasificacion;CLASIFICACION;OESTE;3C;5;19/04/2026;DEFENSORES DE HURLINGHAM A;61;MIDLAND;92
2026;LIGA PROXIMO MASCULINO;Fase Regular;Torneo Clasificacion;CLASIFICACION;OESTE;3C;5;19/04/2026;INSTITUCION SARMIENTO A;111;UNIVERSIDAD DE LA MATANZA;55
2026;LIGA PROXIMO MASCULINO;Fase Regular;Torneo Clasificacion;CLASIFICACION;OESTE;3C;6;26/04/2026;INSTITUCION SARMIENTO A;97;SAN MIGUEL B;68
2026;LIGA PROXIMO MASCULINO;Fase Regular;Torneo Clasificacion;CLASIFICACION;OESTE;3C;6;26/04/2026;UNIVERSIDAD DE LA MATANZA;57;DEFENSORES DE HURLINGHAM A;88
2026;LIGA PROXIMO MASCULINO;Fase Regular;Torneo Clasificacion;CLASIFICACION;OESTE;3C;6;26/04/2026;HURACAN DE SAN JUSTO A;80;EL PORVENIR;67
2026;LIGA PROXIMO MASCULINO;Fase Regular;Torneo Clasificacion;CLASIFICACION;OESTE;3C;7;03/05/2026;SAN MIGUEL B;89;HURACAN DE SAN JUSTO A;69
2026;LIGA PROXIMO MASCULINO;Fase Regular;Torneo Clasificacion;CLASIFICACION;OESTE;3C;7;03/05/2026;EL PORVENIR;57;MIDLAND;81
2026;LIGA PROXIMO MASCULINO;Fase Regular;Torneo Clasificacion;CLASIFICACION;OESTE;3C;7;03/05/2026;DEFENSORES DE HURLINGHAM A;88;INSTITUCION SARMIENTO A;99
2026;LIGA PROXIMO MASCULINO;Fase Regular;Torneo Clasificacion;CLASIFICACION;OESTE;3C;8;10/05/2026;DEFENSORES DE HURLINGHAM A;53;SAN MIGUEL B;58
2026;LIGA PROXIMO MASCULINO;Fase Regular;Torneo Clasificacion;CLASIFICACION;OESTE;3C;8;10/05/2026;EL PORVENIR;52;UNIVERSIDAD DE LA MATANZA;63
2026;LIGA PROXIMO MASCULINO;Fase Regular;Torneo Clasificacion;CLASIFICACION;OESTE;3C;8;10/05/2026;HURACAN DE SAN JUSTO A;49;MIDLAND;81
2026;LIGA PROXIMO MASCULINO;Fase Regular;Torneo Clasificacion;CLASIFICACION;OESTE;3C;9;17/05/2026;SAN MIGUEL B;66;MIDLAND;91
2026;LIGA PROXIMO MASCULINO;Fase Regular;Torneo Clasificacion;CLASIFICACION;OESTE;3C;9;17/05/2026;UNIVERSIDAD DE LA MATANZA;55;HURACAN DE SAN JUSTO A;53
2026;LIGA PROXIMO MASCULINO;Fase Regular;Torneo Clasificacion;CLASIFICACION;OESTE;3C;9;17/05/2026;INSTITUCION SARMIENTO A;106;EL PORVENIR;48
2026;LIGA PROXIMO MASCULINO;Fase Regular;Torneo Clasificacion;CLASIFICACION;OESTE;3C;10;24/05/2026;EL PORVENIR;40;DEFENSORES DE HURLINGHAM A;81
2026;LIGA PROXIMO MASCULINO;Fase Regular;Torneo Clasificacion;CLASIFICACION;OESTE;3C;10;24/05/2026;HURACAN DE SAN JUSTO A;52;INSTITUCION SARMIENTO A;76
2026;LIGA PROXIMO MASCULINO;Fase Regular;Torneo Clasificacion;CLASIFICACION;OESTE;3C;10;24/05/2026;MIDLAND;102;UNIVERSIDAD DE LA MATANZA;57
2026;LIGA PROXIMO MASCULINO;Fase Regular;Torneo Clasificacion;CLASIFICACION;SUR;3C;1;15/03/2026;GIMNASIA Y ESGRIMA DE LA PLATA A;57;LANUS A;77
2026;LIGA PROXIMO MASCULINO;Fase Regular;Torneo Clasificacion;CLASIFICACION;SUR;3C;1;15/03/2026;INDEPENDIENTE de BURZACO;60;TEMPERLEY;57
2026;LIGA PROXIMO MASCULINO;Fase Regular;Torneo Clasificacion;CLASIFICACION;SUR;3C;1;15/03/2026;RACING CLUB;86;UNION VILLEGAS;55
2026;LIGA PROXIMO MASCULINO;Fase Regular;Torneo Clasificacion;CLASIFICACION;SUR;3C;1;15/03/2026;CAÑUELAS FC;85;BOCA JUNIORS B;45
2026;LIGA PROXIMO MASCULINO;Fase Regular;Torneo Clasificacion;CLASIFICACION;SUR;3C;2;22/03/2026;CAÑUELAS FC;82;GIMNASIA Y ESGRIMA DE LA PLATA A;71
2026;LIGA PROXIMO MASCULINO;Fase Regular;Torneo Clasificacion;CLASIFICACION;SUR;3C;2;22/03/2026;BOCA JUNIORS B;58;RACING CLUB;70
2026;LIGA PROXIMO MASCULINO;Fase Regular;Torneo Clasificacion;CLASIFICACION;SUR;3C;2;22/03/2026;UNION VILLEGAS;39;INDEPENDIENTE de BURZACO;60
2026;LIGA PROXIMO MASCULINO;Fase Regular;Torneo Clasificacion;CLASIFICACION;SUR;3C;2;22/03/2026;TEMPERLEY;52;LANUS A;88
2026;LIGA PROXIMO MASCULINO;Fase Regular;Torneo Clasificacion;CLASIFICACION;SUR;3C;3;29/03/2026;GIMNASIA Y ESGRIMA DE LA PLATA A;55;TEMPERLEY;57
2026;LIGA PROXIMO MASCULINO;Fase Regular;Torneo Clasificacion;CLASIFICACION;SUR;3C;3;29/03/2026;LANUS A;106;UNION VILLEGAS;29
2026;LIGA PROXIMO MASCULINO;Fase Regular;Torneo Clasificacion;CLASIFICACION;SUR;3C;3;29/03/2026;INDEPENDIENTE de BURZACO;70;BOCA JUNIORS B;72
2026;LIGA PROXIMO MASCULINO;Fase Regular;Torneo Clasificacion;CLASIFICACION;SUR;3C;3;29/03/2026;RACING CLUB;57;CAÑUELAS FC;80
2026;LIGA PROXIMO MASCULINO;Fase Regular;Torneo Clasificacion;CLASIFICACION;SUR;3C;4;12/04/2026;RACING CLUB;63;GIMNASIA Y ESGRIMA DE LA PLATA A;66
2026;LIGA PROXIMO MASCULINO;Fase Regular;Torneo Clasificacion;CLASIFICACION;SUR;3C;4;12/04/2026;CAÑUELAS FC;89;INDEPENDIENTE de BURZACO;54
2026;LIGA PROXIMO MASCULINO;Fase Regular;Torneo Clasificacion;CLASIFICACION;SUR;3C;4;12/04/2026;BOCA JUNIORS B;61;LANUS A;81
2026;LIGA PROXIMO MASCULINO;Fase Regular;Torneo Clasificacion;CLASIFICACION;SUR;3C;4;12/04/2026;UNION VILLEGAS;39;TEMPERLEY;70
2026;LIGA PROXIMO MASCULINO;Fase Regular;Torneo Clasificacion;CLASIFICACION;SUR;3C;5;19/04/2026;GIMNASIA Y ESGRIMA DE LA PLATA A;103;UNION VILLEGAS;52
2026;LIGA PROXIMO MASCULINO;Fase Regular;Torneo Clasificacion;CLASIFICACION;SUR;3C;5;19/04/2026;TEMPERLEY;48;BOCA JUNIORS B;42
2026;LIGA PROXIMO MASCULINO;Fase Regular;Torneo Clasificacion;CLASIFICACION;SUR;3C;5;19/04/2026;LANUS A;84;CAÑUELAS FC;40
2026;LIGA PROXIMO MASCULINO;Fase Regular;Torneo Clasificacion;CLASIFICACION;SUR;3C;5;19/04/2026;INDEPENDIENTE de BURZACO;34;RACING CLUB;80
2026;LIGA PROXIMO MASCULINO;Fase Regular;Torneo Clasificacion;CLASIFICACION;SUR;3C;6;26/04/2026;INDEPENDIENTE de BURZACO;56;GIMNASIA Y ESGRIMA DE LA PLATA A;78
2026;LIGA PROXIMO MASCULINO;Fase Regular;Torneo Clasificacion;CLASIFICACION;SUR;3C;6;26/04/2026;RACING CLUB;75;LANUS A;83
2026;LIGA PROXIMO MASCULINO;Fase Regular;Torneo Clasificacion;CLASIFICACION;SUR;3C;6;26/04/2026;CAÑUELAS FC;70;TEMPERLEY;57
2026;LIGA PROXIMO MASCULINO;Fase Regular;Torneo Clasificacion;CLASIFICACION;SUR;3C;6;26/04/2026;BOCA JUNIORS B;75;UNION VILLEGAS;33
2026;LIGA PROXIMO MASCULINO;Fase Regular;Torneo Clasificacion;CLASIFICACION;SUR;3C;7;03/05/2026;GIMNASIA Y ESGRIMA DE LA PLATA A;68;BOCA JUNIORS B;65
2026;LIGA PROXIMO MASCULINO;Fase Regular;Torneo Clasificacion;CLASIFICACION;SUR;3C;7;03/05/2026;UNION VILLEGAS;41;CAÑUELAS FC;79
2026;LIGA PROXIMO MASCULINO;Fase Regular;Torneo Clasificacion;CLASIFICACION;SUR;3C;7;03/05/2026;TEMPERLEY;53;RACING CLUB;100
2026;LIGA PROXIMO MASCULINO;Fase Regular;Torneo Clasificacion;CLASIFICACION;SUR;3C;7;03/05/2026;LANUS A;93;INDEPENDIENTE de BURZACO;55
2026;LIGA PROXIMO MASCULINO;Fase Regular;Torneo Clasificacion;CLASIFICACION;SUR;3C;8;10/05/2026;LANUS A;53;GIMNASIA Y ESGRIMA DE LA PLATA A;36
2026;LIGA PROXIMO MASCULINO;Fase Regular;Torneo Clasificacion;CLASIFICACION;SUR;3C;8;10/05/2026;TEMPERLEY;60;INDEPENDIENTE de BURZACO;48
2026;LIGA PROXIMO MASCULINO;Fase Regular;Torneo Clasificacion;CLASIFICACION;SUR;3C;8;10/05/2026;UNION VILLEGAS;48;RACING CLUB;86
2026;LIGA PROXIMO MASCULINO;Fase Regular;Torneo Clasificacion;CLASIFICACION;SUR;3C;8;10/05/2026;BOCA JUNIORS B;42;CAÑUELAS FC;58
2026;LIGA PROXIMO MASCULINO;Fase Regular;Torneo Clasificacion;CLASIFICACION;SUR;3C;9;17/05/2026;GIMNASIA Y ESGRIMA DE LA PLATA A;35;CAÑUELAS FC;32
2026;LIGA PROXIMO MASCULINO;Fase Regular;Torneo Clasificacion;CLASIFICACION;SUR;3C;9;17/05/2026;RACING CLUB;74;BOCA JUNIORS B;77
2026;LIGA PROXIMO MASCULINO;Fase Regular;Torneo Clasificacion;CLASIFICACION;SUR;3C;9;17/05/2026;INDEPENDIENTE de BURZACO;86;UNION VILLEGAS;54
2026;LIGA PROXIMO MASCULINO;Fase Regular;Torneo Clasificacion;CLASIFICACION;SUR;3C;9;17/05/2026;LANUS A;82;TEMPERLEY;47
2026;LIGA PROXIMO MASCULINO;Fase Regular;Torneo Clasificacion;CLASIFICACION;SUR;3C;10;24/05/2026;TEMPERLEY;46;GIMNASIA Y ESGRIMA DE LA PLATA A;72
2026;LIGA PROXIMO MASCULINO;Fase Regular;Torneo Clasificacion;CLASIFICACION;SUR;3C;10;24/05/2026;UNION VILLEGAS;52;LANUS A;85
2026;LIGA PROXIMO MASCULINO;Fase Regular;Torneo Clasificacion;CLASIFICACION;SUR;3C;10;24/05/2026;BOCA JUNIORS B;56;INDEPENDIENTE de BURZACO;60
2026;LIGA PROXIMO MASCULINO;Fase Regular;Torneo Clasificacion;CLASIFICACION;SUR;3C;10;24/05/2026;CAÑUELAS FC;65;RACING CLUB;68
2026;LIGA PROXIMO MASCULINO;Fase Regular;Torneo Reclasificatorio;RECLASIFICACION;CENTRO;2A;1;15/03/2026;JOSE HERNANDEZ B;67;RACING ANEXO;58
2026;LIGA PROXIMO MASCULINO;Fase Regular;Torneo Reclasificatorio;RECLASIFICACION;CENTRO;2A;1;15/03/2026;PEDRO ECHAGUE B;69;ALDO BONZI;56
2026;LIGA PROXIMO MASCULINO;Fase Regular;Torneo Reclasificatorio;RECLASIFICACION;CENTRO;2A;1;15/03/2026;NAUTICO BUCHARDO B;73;DEPORTIVO CROVARA B;38
2026;LIGA PROXIMO MASCULINO;Fase Regular;Torneo Reclasificatorio;RECLASIFICACION;CENTRO;2A;1;15/03/2026;NUEVA CHICAGO;49;ITALIANO B;80
2026;LIGA PROXIMO MASCULINO;Fase Regular;Torneo Reclasificatorio;RECLASIFICACION;CENTRO;2A;1;15/03/2026;JUVENCIA;65;IMPERIO B;63
2026;LIGA PROXIMO MASCULINO;Fase Regular;Torneo Reclasificatorio;RECLASIFICACION;CENTRO;2A;2;22/03/2026;JUVENCIA;83;JOSE HERNANDEZ B;78
2026;LIGA PROXIMO MASCULINO;Fase Regular;Torneo Reclasificatorio;RECLASIFICACION;CENTRO;2A;2;22/03/2026;IMPERIO B;64;NUEVA CHICAGO;71
2026;LIGA PROXIMO MASCULINO;Fase Regular;Torneo Reclasificatorio;RECLASIFICACION;CENTRO;2A;2;22/03/2026;ITALIANO B;69;NAUTICO BUCHARDO B;45
2026;LIGA PROXIMO MASCULINO;Fase Regular;Torneo Reclasificatorio;RECLASIFICACION;CENTRO;2A;2;22/03/2026;DEPORTIVO CROVARA B;23;PEDRO ECHAGUE B;57
2026;LIGA PROXIMO MASCULINO;Fase Regular;Torneo Reclasificatorio;RECLASIFICACION;CENTRO;2A;2;22/03/2026;ALDO BONZI;75;RACING ANEXO;47
2026;LIGA PROXIMO MASCULINO;Fase Regular;Torneo Reclasificatorio;RECLASIFICACION;CENTRO;2A;3;29/03/2026;JOSE HERNANDEZ B;106;ALDO BONZI;50
2026;LIGA PROXIMO MASCULINO;Fase Regular;Torneo Reclasificatorio;RECLASIFICACION;CENTRO;2A;3;29/03/2026;RACING ANEXO;67;DEPORTIVO CROVARA B;50
2026;LIGA PROXIMO MASCULINO;Fase Regular;Torneo Reclasificatorio;RECLASIFICACION;CENTRO;2A;3;29/03/2026;PEDRO ECHAGUE B;50;ITALIANO B;56
2026;LIGA PROXIMO MASCULINO;Fase Regular;Torneo Reclasificatorio;RECLASIFICACION;CENTRO;2A;3;29/03/2026;NAUTICO BUCHARDO B;52;IMPERIO B;44
2026;LIGA PROXIMO MASCULINO;Fase Regular;Torneo Reclasificatorio;RECLASIFICACION;CENTRO;2A;3;29/03/2026;NUEVA CHICAGO;73;JUVENCIA;68
2026;LIGA PROXIMO MASCULINO;Fase Regular;Torneo Reclasificatorio;RECLASIFICACION;CENTRO;2A;4;12/04/2026;NUEVA CHICAGO;76;JOSE HERNANDEZ B;65
2026;LIGA PROXIMO MASCULINO;Fase Regular;Torneo Reclasificatorio;RECLASIFICACION;CENTRO;2A;4;12/04/2026;JUVENCIA;48;NAUTICO BUCHARDO B;65
2026;LIGA PROXIMO MASCULINO;Fase Regular;Torneo Reclasificatorio;RECLASIFICACION;CENTRO;2A;4;12/04/2026;IMPERIO B;39;PEDRO ECHAGUE B;77
2026;LIGA PROXIMO MASCULINO;Fase Regular;Torneo Reclasificatorio;RECLASIFICACION;CENTRO;2A;4;12/04/2026;ITALIANO B;94;RACING ANEXO;42
2026;LIGA PROXIMO MASCULINO;Fase Regular;Torneo Reclasificatorio;RECLASIFICACION;CENTRO;2A;4;12/04/2026;DEPORTIVO CROVARA B;30;ALDO BONZI;52
2026;LIGA PROXIMO MASCULINO;Fase Regular;Torneo Reclasificatorio;RECLASIFICACION;CENTRO;2A;5;19/04/2026;JOSE HERNANDEZ B;74;DEPORTIVO CROVARA B;26
2026;LIGA PROXIMO MASCULINO;Fase Regular;Torneo Reclasificatorio;RECLASIFICACION;CENTRO;2A;5;19/04/2026;ALDO BONZI;60;ITALIANO B;72
2026;LIGA PROXIMO MASCULINO;Fase Regular;Torneo Reclasificatorio;RECLASIFICACION;CENTRO;2A;5;19/04/2026;RACING ANEXO;74;IMPERIO B;65
2026;LIGA PROXIMO MASCULINO;Fase Regular;Torneo Reclasificatorio;RECLASIFICACION;CENTRO;2A;5;19/04/2026;PEDRO ECHAGUE B;65;JUVENCIA;64
2026;LIGA PROXIMO MASCULINO;Fase Regular;Torneo Reclasificatorio;RECLASIFICACION;CENTRO;2A;5;19/04/2026;NAUTICO BUCHARDO B;63;NUEVA CHICAGO;27
2026;LIGA PROXIMO MASCULINO;Fase Regular;Torneo Reclasificatorio;RECLASIFICACION;CENTRO;2A;6;26/04/2026;NAUTICO BUCHARDO B;59;JOSE HERNANDEZ B;44
2026;LIGA PROXIMO MASCULINO;Fase Regular;Torneo Reclasificatorio;RECLASIFICACION;CENTRO;2A;6;26/04/2026;NUEVA CHICAGO;63;PEDRO ECHAGUE B;60
2026;LIGA PROXIMO MASCULINO;Fase Regular;Torneo Reclasificatorio;RECLASIFICACION;CENTRO;2A;6;26/04/2026;JUVENCIA;66;RACING ANEXO;70
2026;LIGA PROXIMO MASCULINO;Fase Regular;Torneo Reclasificatorio;RECLASIFICACION;CENTRO;2A;6;26/04/2026;IMPERIO B;64;ALDO BONZI;58
2026;LIGA PROXIMO MASCULINO;Fase Regular;Torneo Reclasificatorio;RECLASIFICACION;CENTRO;2A;6;26/04/2026;ITALIANO B;124;DEPORTIVO CROVARA B;36
2026;LIGA PROXIMO MASCULINO;Fase Regular;Torneo Reclasificatorio;RECLASIFICACION;CENTRO;2A;7;03/05/2026;JOSE HERNANDEZ B;74;ITALIANO B;84
2026;LIGA PROXIMO MASCULINO;Fase Regular;Torneo Reclasificatorio;RECLASIFICACION;CENTRO;2A;7;03/05/2026;DEPORTIVO CROVARA B;42;IMPERIO B;49
2026;LIGA PROXIMO MASCULINO;Fase Regular;Torneo Reclasificatorio;RECLASIFICACION;CENTRO;2A;7;03/05/2026;ALDO BONZI;67;JUVENCIA;60
2026;LIGA PROXIMO MASCULINO;Fase Regular;Torneo Reclasificatorio;RECLASIFICACION;CENTRO;2A;7;03/05/2026;RACING ANEXO;55;NUEVA CHICAGO;66
2026;LIGA PROXIMO MASCULINO;Fase Regular;Torneo Reclasificatorio;RECLASIFICACION;CENTRO;2A;7;03/05/2026;PEDRO ECHAGUE B;55;NAUTICO BUCHARDO B;73
2026;LIGA PROXIMO MASCULINO;Fase Regular;Torneo Reclasificatorio;RECLASIFICACION;CENTRO;2A;8;10/05/2026;PEDRO ECHAGUE B;71;JOSE HERNANDEZ B;76
2026;LIGA PROXIMO MASCULINO;Fase Regular;Torneo Reclasificatorio;RECLASIFICACION;CENTRO;2A;8;10/05/2026;NAUTICO BUCHARDO B;62;RACING ANEXO;28
2026;LIGA PROXIMO MASCULINO;Fase Regular;Torneo Reclasificatorio;RECLASIFICACION;CENTRO;2A;8;10/05/2026;NUEVA CHICAGO;57;ALDO BONZI;56
2026;LIGA PROXIMO MASCULINO;Fase Regular;Torneo Reclasificatorio;RECLASIFICACION;CENTRO;2A;8;10/05/2026;JUVENCIA;68;DEPORTIVO CROVARA B;29
2026;LIGA PROXIMO MASCULINO;Fase Regular;Torneo Reclasificatorio;RECLASIFICACION;CENTRO;2A;8;10/05/2026;IMPERIO B;44;ITALIANO B;85
2026;LIGA PROXIMO MASCULINO;Fase Regular;Torneo Reclasificatorio;RECLASIFICACION;CENTRO;2A;9;17/05/2026;JOSE HERNANDEZ B;62;IMPERIO B;49
2026;LIGA PROXIMO MASCULINO;Fase Regular;Torneo Reclasificatorio;RECLASIFICACION;CENTRO;2A;9;17/05/2026;ITALIANO B;62;JUVENCIA;64
2026;LIGA PROXIMO MASCULINO;Fase Regular;Torneo Reclasificatorio;RECLASIFICACION;CENTRO;2A;9;17/05/2026;DEPORTIVO CROVARA B;22;NUEVA CHICAGO;49
2026;LIGA PROXIMO MASCULINO;Fase Regular;Torneo Reclasificatorio;RECLASIFICACION;CENTRO;2A;9;17/05/2026;ALDO BONZI;52;NAUTICO BUCHARDO B;60
2026;LIGA PROXIMO MASCULINO;Fase Regular;Torneo Reclasificatorio;RECLASIFICACION;CENTRO;2A;9;17/05/2026;RACING ANEXO;70;PEDRO ECHAGUE B;74
2026;LIGA PROXIMO MASCULINO;Fase Regular;Torneo Reclasificatorio;RECLASIFICACION;CENTRO;2A;10;24/05/2026;RACING ANEXO;73;JOSE HERNANDEZ B;89
2026;LIGA PROXIMO MASCULINO;Fase Regular;Torneo Reclasificatorio;RECLASIFICACION;CENTRO;2A;10;24/05/2026;ALDO BONZI;77;PEDRO ECHAGUE B;84
2026;LIGA PROXIMO MASCULINO;Fase Regular;Torneo Reclasificatorio;RECLASIFICACION;CENTRO;2A;10;24/05/2026;DEPORTIVO CROVARA B;20;NAUTICO BUCHARDO B;42
2026;LIGA PROXIMO MASCULINO;Fase Regular;Torneo Reclasificatorio;RECLASIFICACION;CENTRO;2A;10;24/05/2026;ITALIANO B;85;NUEVA CHICAGO;62
2026;LIGA PROXIMO MASCULINO;Fase Regular;Torneo Reclasificatorio;RECLASIFICACION;CENTRO;2A;10;24/05/2026;IMPERIO B;71;JUVENCIA;83
2026;LIGA PROXIMO MASCULINO;Fase Regular;Torneo Reclasificatorio;RECLASIFICACION;CENTRO;2B;1;15/03/2026;ALL BOYS B;36;ALL BOYS DE SAAVEDRA;99
2026;LIGA PROXIMO MASCULINO;Fase Regular;Torneo Reclasificatorio;RECLASIFICACION;CENTRO;2B;1;15/03/2026;SAN LORENZO B;50;CIRCULO URQUIZA A;68
2026;LIGA PROXIMO MASCULINO;Fase Regular;Torneo Reclasificatorio;RECLASIFICACION;CENTRO;2B;1;15/03/2026;DEPORTIVO SAN ANDRES;99;CLUB ATLETICO HURACAN DE PARQUE PATRICIOS;43
2026;LIGA PROXIMO MASCULINO;Fase Regular;Torneo Reclasificatorio;RECLASIFICACION;CENTRO;2B;1;15/03/2026;GEBA;87;MACABI;35
2026;LIGA PROXIMO MASCULINO;Fase Regular;Torneo Reclasificatorio;RECLASIFICACION;CENTRO;2B;1;15/03/2026;ARGENTINOS JUNIORS;0;COMUNICACIONES B;20
2026;LIGA PROXIMO MASCULINO;Fase Regular;Torneo Reclasificatorio;RECLASIFICACION;CENTRO;2B;2;22/03/2026;ARGENTINOS JUNIORS;76;ALL BOYS B;41
2026;LIGA PROXIMO MASCULINO;Fase Regular;Torneo Reclasificatorio;RECLASIFICACION;CENTRO;2B;2;22/03/2026;COMUNICACIONES B;29;GEBA;85
2026;LIGA PROXIMO MASCULINO;Fase Regular;Torneo Reclasificatorio;RECLASIFICACION;CENTRO;2B;2;22/03/2026;MACABI;50;DEPORTIVO SAN ANDRES;71
2026;LIGA PROXIMO MASCULINO;Fase Regular;Torneo Reclasificatorio;RECLASIFICACION;CENTRO;2B;2;22/03/2026;CLUB ATLETICO HURACAN DE PARQUE PATRICIOS;68;SAN LORENZO B;46
2026;LIGA PROXIMO MASCULINO;Fase Regular;Torneo Reclasificatorio;RECLASIFICACION;CENTRO;2B;2;22/03/2026;CIRCULO URQUIZA A;65;ALL BOYS DE SAAVEDRA;50
2026;LIGA PROXIMO MASCULINO;Fase Regular;Torneo Reclasificatorio;RECLASIFICACION;CENTRO;2B;3;29/03/2026;ALL BOYS B;42;CIRCULO URQUIZA A;90
2026;LIGA PROXIMO MASCULINO;Fase Regular;Torneo Reclasificatorio;RECLASIFICACION;CENTRO;2B;3;29/03/2026;ALL BOYS DE SAAVEDRA;51;CLUB ATLETICO HURACAN DE PARQUE PATRICIOS;58
2026;LIGA PROXIMO MASCULINO;Fase Regular;Torneo Reclasificatorio;RECLASIFICACION;CENTRO;2B;3;29/03/2026;SAN LORENZO B;60;MACABI;50
2026;LIGA PROXIMO MASCULINO;Fase Regular;Torneo Reclasificatorio;RECLASIFICACION;CENTRO;2B;3;29/03/2026;DEPORTIVO SAN ANDRES;105;COMUNICACIONES B;39
2026;LIGA PROXIMO MASCULINO;Fase Regular;Torneo Reclasificatorio;RECLASIFICACION;CENTRO;2B;3;29/03/2026;GEBA;86;ARGENTINOS JUNIORS;23
2026;LIGA PROXIMO MASCULINO;Fase Regular;Torneo Reclasificatorio;RECLASIFICACION;CENTRO;2B;4;12/04/2026;GEBA;140;ALL BOYS B;12
2026;LIGA PROXIMO MASCULINO;Fase Regular;Torneo Reclasificatorio;RECLASIFICACION;CENTRO;2B;4;12/04/2026;ARGENTINOS JUNIORS;31;DEPORTIVO SAN ANDRES;88
2026;LIGA PROXIMO MASCULINO;Fase Regular;Torneo Reclasificatorio;RECLASIFICACION;CENTRO;2B;4;12/04/2026;COMUNICACIONES B;44;SAN LORENZO B;71
2026;LIGA PROXIMO MASCULINO;Fase Regular;Torneo Reclasificatorio;RECLASIFICACION;CENTRO;2B;4;12/04/2026;MACABI;70;ALL BOYS DE SAAVEDRA;55
2026;LIGA PROXIMO MASCULINO;Fase Regular;Torneo Reclasificatorio;RECLASIFICACION;CENTRO;2B;4;12/04/2026;CLUB ATLETICO HURACAN DE PARQUE PATRICIOS;48;CIRCULO URQUIZA A;43
2026;LIGA PROXIMO MASCULINO;Fase Regular;Torneo Reclasificatorio;RECLASIFICACION;CENTRO;2B;5;19/04/2026;ALL BOYS B;43;CLUB ATLETICO HURACAN DE PARQUE PATRICIOS;60
2026;LIGA PROXIMO MASCULINO;Fase Regular;Torneo Reclasificatorio;RECLASIFICACION;CENTRO;2B;5;19/04/2026;CIRCULO URQUIZA A;72;MACABI;74
2026;LIGA PROXIMO MASCULINO;Fase Regular;Torneo Reclasificatorio;RECLASIFICACION;CENTRO;2B;5;19/04/2026;ALL BOYS DE SAAVEDRA;67;COMUNICACIONES B;53
2026;LIGA PROXIMO MASCULINO;Fase Regular;Torneo Reclasificatorio;RECLASIFICACION;CENTRO;2B;5;19/04/2026;SAN LORENZO B;62;ARGENTINOS JUNIORS;55
2026;LIGA PROXIMO MASCULINO;Fase Regular;Torneo Reclasificatorio;RECLASIFICACION;CENTRO;2B;5;19/04/2026;DEPORTIVO SAN ANDRES;59;GEBA;75
2026;LIGA PROXIMO MASCULINO;Fase Regular;Torneo Reclasificatorio;RECLASIFICACION;CENTRO;2B;6;26/04/2026;DEPORTIVO SAN ANDRES;154;ALL BOYS B;26
2026;LIGA PROXIMO MASCULINO;Fase Regular;Torneo Reclasificatorio;RECLASIFICACION;CENTRO;2B;6;26/04/2026;GEBA;93;SAN LORENZO B;31
2026;LIGA PROXIMO MASCULINO;Fase Regular;Torneo Reclasificatorio;RECLASIFICACION;CENTRO;2B;6;26/04/2026;ARGENTINOS JUNIORS;49;ALL BOYS DE SAAVEDRA;55
2026;LIGA PROXIMO MASCULINO;Fase Regular;Torneo Reclasificatorio;RECLASIFICACION;CENTRO;2B;6;26/04/2026;COMUNICACIONES B;58;CIRCULO URQUIZA A;85
2026;LIGA PROXIMO MASCULINO;Fase Regular;Torneo Reclasificatorio;RECLASIFICACION;CENTRO;2B;6;26/04/2026;MACABI;70;CLUB ATLETICO HURACAN DE PARQUE PATRICIOS;58
2026;LIGA PROXIMO MASCULINO;Fase Regular;Torneo Reclasificatorio;RECLASIFICACION;CENTRO;2B;7;03/05/2026;ALL BOYS B;55;MACABI;84
2026;LIGA PROXIMO MASCULINO;Fase Regular;Torneo Reclasificatorio;RECLASIFICACION;CENTRO;2B;7;03/05/2026;CLUB ATLETICO HURACAN DE PARQUE PATRICIOS;54;COMUNICACIONES B;57
2026;LIGA PROXIMO MASCULINO;Fase Regular;Torneo Reclasificatorio;RECLASIFICACION;CENTRO;2B;7;03/05/2026;CIRCULO URQUIZA A;55;ARGENTINOS JUNIORS;50
2026;LIGA PROXIMO MASCULINO;Fase Regular;Torneo Reclasificatorio;RECLASIFICACION;CENTRO;2B;7;03/05/2026;ALL BOYS DE SAAVEDRA;33;GEBA;87
2026;LIGA PROXIMO MASCULINO;Fase Regular;Torneo Reclasificatorio;RECLASIFICACION;CENTRO;2B;7;03/05/2026;SAN LORENZO B;53;DEPORTIVO SAN ANDRES;99
2026;LIGA PROXIMO MASCULINO;Fase Regular;Torneo Reclasificatorio;RECLASIFICACION;CENTRO;2B;8;10/05/2026;SAN LORENZO B;82;ALL BOYS B;48
2026;LIGA PROXIMO MASCULINO;Fase Regular;Torneo Reclasificatorio;RECLASIFICACION;CENTRO;2B;8;10/05/2026;DEPORTIVO SAN ANDRES;86;ALL BOYS DE SAAVEDRA;23
2026;LIGA PROXIMO MASCULINO;Fase Regular;Torneo Reclasificatorio;RECLASIFICACION;CENTRO;2B;8;10/05/2026;GEBA;69;CIRCULO URQUIZA A;43
2026;LIGA PROXIMO MASCULINO;Fase Regular;Torneo Reclasificatorio;RECLASIFICACION;CENTRO;2B;8;10/05/2026;ARGENTINOS JUNIORS;34;CLUB ATLETICO HURACAN DE PARQUE PATRICIOS;44
2026;LIGA PROXIMO MASCULINO;Fase Regular;Torneo Reclasificatorio;RECLASIFICACION;CENTRO;2B;8;10/05/2026;COMUNICACIONES B;49;MACABI;82
2026;LIGA PROXIMO MASCULINO;Fase Regular;Torneo Reclasificatorio;RECLASIFICACION;CENTRO;2B;9;17/05/2026;ALL BOYS B;34;COMUNICACIONES B;81
2026;LIGA PROXIMO MASCULINO;Fase Regular;Torneo Reclasificatorio;RECLASIFICACION;CENTRO;2B;9;17/05/2026;MACABI;82;ARGENTINOS JUNIORS;69
2026;LIGA PROXIMO MASCULINO;Fase Regular;Torneo Reclasificatorio;RECLASIFICACION;CENTRO;2B;9;17/05/2026;CLUB ATLETICO HURACAN DE PARQUE PATRICIOS;35;GEBA;81
2026;LIGA PROXIMO MASCULINO;Fase Regular;Torneo Reclasificatorio;RECLASIFICACION;CENTRO;2B;9;17/05/2026;CIRCULO URQUIZA A;53;DEPORTIVO SAN ANDRES;76
2026;LIGA PROXIMO MASCULINO;Fase Regular;Torneo Reclasificatorio;RECLASIFICACION;CENTRO;2B;9;17/05/2026;ALL BOYS DE SAAVEDRA;53;SAN LORENZO B;66
2026;LIGA PROXIMO MASCULINO;Fase Regular;Torneo Reclasificatorio;RECLASIFICACION;CENTRO;2B;10;24/05/2026;ALL BOYS DE SAAVEDRA;81;ALL BOYS B;46
2026;LIGA PROXIMO MASCULINO;Fase Regular;Torneo Reclasificatorio;RECLASIFICACION;CENTRO;2B;10;24/05/2026;CIRCULO URQUIZA A;76;SAN LORENZO B;64
2026;LIGA PROXIMO MASCULINO;Fase Regular;Torneo Reclasificatorio;RECLASIFICACION;CENTRO;2B;10;24/05/2026;CLUB ATLETICO HURACAN DE PARQUE PATRICIOS;35;DEPORTIVO SAN ANDRES;70
2026;LIGA PROXIMO MASCULINO;Fase Regular;Torneo Reclasificatorio;RECLASIFICACION;CENTRO;2B;10;24/05/2026;MACABI;42;GEBA;59
2026;LIGA PROXIMO MASCULINO;Fase Regular;Torneo Reclasificatorio;RECLASIFICACION;CENTRO;2B;10;24/05/2026;COMUNICACIONES B;55;ARGENTINOS JUNIORS;46
2026;LIGA PROXIMO MASCULINO;Fase Regular;Torneo Reclasificatorio;RECLASIFICACION;NORTE;2A;1;15/03/2026;HEBRAICA;52;LAS HERAS A;94
2026;LIGA PROXIMO MASCULINO;Fase Regular;Torneo Reclasificatorio;RECLASIFICACION;NORTE;2A;1;15/03/2026;CIUDAD DE BUENOS AIRES B;52;17 DE AGOSTO;74
2026;LIGA PROXIMO MASCULINO;Fase Regular;Torneo Reclasificatorio;RECLASIFICACION;NORTE;2A;1;15/03/2026;COLEGIALES B;71;PINOCHO C;47
2026;LIGA PROXIMO MASCULINO;Fase Regular;Torneo Reclasificatorio;RECLASIFICACION;NORTE;2A;1;15/03/2026;NAUTICO HACOAJ B;48;HARRODS GATH Y CHAVES;88
2026;LIGA PROXIMO MASCULINO;Fase Regular;Torneo Reclasificatorio;RECLASIFICACION;NORTE;2A;2;22/03/2026;NAUTICO HACOAJ B;56;HEBRAICA;48
2026;LIGA PROXIMO MASCULINO;Fase Regular;Torneo Reclasificatorio;RECLASIFICACION;NORTE;2A;2;22/03/2026;HARRODS GATH Y CHAVES;57;COLEGIALES B;32
2026;LIGA PROXIMO MASCULINO;Fase Regular;Torneo Reclasificatorio;RECLASIFICACION;NORTE;2A;2;22/03/2026;PINOCHO C;38;CIUDAD DE BUENOS AIRES B;65
2026;LIGA PROXIMO MASCULINO;Fase Regular;Torneo Reclasificatorio;RECLASIFICACION;NORTE;2A;2;22/03/2026;17 DE AGOSTO;52;LAS HERAS A;98
2026;LIGA PROXIMO MASCULINO;Fase Regular;Torneo Reclasificatorio;RECLASIFICACION;NORTE;2A;3;29/03/2026;HEBRAICA;63;17 DE AGOSTO;59
2026;LIGA PROXIMO MASCULINO;Fase Regular;Torneo Reclasificatorio;RECLASIFICACION;NORTE;2A;3;29/03/2026;LAS HERAS A;68;PINOCHO C;43
2026;LIGA PROXIMO MASCULINO;Fase Regular;Torneo Reclasificatorio;RECLASIFICACION;NORTE;2A;3;29/03/2026;CIUDAD DE BUENOS AIRES B;45;HARRODS GATH Y CHAVES;64
2026;LIGA PROXIMO MASCULINO;Fase Regular;Torneo Reclasificatorio;RECLASIFICACION;NORTE;2A;3;29/03/2026;COLEGIALES B;78;NAUTICO HACOAJ B;67
2026;LIGA PROXIMO MASCULINO;Fase Regular;Torneo Reclasificatorio;RECLASIFICACION;NORTE;2A;4;12/04/2026;COLEGIALES B;54;HEBRAICA;81
2026;LIGA PROXIMO MASCULINO;Fase Regular;Torneo Reclasificatorio;RECLASIFICACION;NORTE;2A;4;12/04/2026;NAUTICO HACOAJ B;47;CIUDAD DE BUENOS AIRES B;90
2026;LIGA PROXIMO MASCULINO;Fase Regular;Torneo Reclasificatorio;RECLASIFICACION;NORTE;2A;4;12/04/2026;HARRODS GATH Y CHAVES;54;LAS HERAS A;55
2026;LIGA PROXIMO MASCULINO;Fase Regular;Torneo Reclasificatorio;RECLASIFICACION;NORTE;2A;4;12/04/2026;PINOCHO C;38;17 DE AGOSTO;60
2026;LIGA PROXIMO MASCULINO;Fase Regular;Torneo Reclasificatorio;RECLASIFICACION;NORTE;2A;5;19/04/2026;HEBRAICA;72;PINOCHO C;44
2026;LIGA PROXIMO MASCULINO;Fase Regular;Torneo Reclasificatorio;RECLASIFICACION;NORTE;2A;5;19/04/2026;17 DE AGOSTO;54;HARRODS GATH Y CHAVES;62
2026;LIGA PROXIMO MASCULINO;Fase Regular;Torneo Reclasificatorio;RECLASIFICACION;NORTE;2A;5;19/04/2026;LAS HERAS A;87;NAUTICO HACOAJ B;38
2026;LIGA PROXIMO MASCULINO;Fase Regular;Torneo Reclasificatorio;RECLASIFICACION;NORTE;2A;5;19/04/2026;CIUDAD DE BUENOS AIRES B;72;COLEGIALES B;49
2026;LIGA PROXIMO MASCULINO;Fase Regular;Torneo Reclasificatorio;RECLASIFICACION;NORTE;2A;6;26/04/2026;CIUDAD DE BUENOS AIRES B;62;HEBRAICA;69
2026;LIGA PROXIMO MASCULINO;Fase Regular;Torneo Reclasificatorio;RECLASIFICACION;NORTE;2A;6;26/04/2026;COLEGIALES B;43;LAS HERAS A;80
2026;LIGA PROXIMO MASCULINO;Fase Regular;Torneo Reclasificatorio;RECLASIFICACION;NORTE;2A;6;26/04/2026;NAUTICO HACOAJ B;50;17 DE AGOSTO;75
2026;LIGA PROXIMO MASCULINO;Fase Regular;Torneo Reclasificatorio;RECLASIFICACION;NORTE;2A;6;26/04/2026;HARRODS GATH Y CHAVES;70;PINOCHO C;36
2026;LIGA PROXIMO MASCULINO;Fase Regular;Torneo Reclasificatorio;RECLASIFICACION;NORTE;2A;7;03/05/2026;HEBRAICA;49;HARRODS GATH Y CHAVES;88
2026;LIGA PROXIMO MASCULINO;Fase Regular;Torneo Reclasificatorio;RECLASIFICACION;NORTE;2A;7;03/05/2026;PINOCHO C;53;NAUTICO HACOAJ B;43
2026;LIGA PROXIMO MASCULINO;Fase Regular;Torneo Reclasificatorio;RECLASIFICACION;NORTE;2A;7;03/05/2026;17 DE AGOSTO;88;COLEGIALES B;64
2026;LIGA PROXIMO MASCULINO;Fase Regular;Torneo Reclasificatorio;RECLASIFICACION;NORTE;2A;7;03/05/2026;LAS HERAS A;78;CIUDAD DE BUENOS AIRES B;45
2026;LIGA PROXIMO MASCULINO;Fase Regular;Torneo Reclasificatorio;RECLASIFICACION;NORTE;2A;8;10/05/2026;LAS HERAS A;93;HEBRAICA;34
2026;LIGA PROXIMO MASCULINO;Fase Regular;Torneo Reclasificatorio;RECLASIFICACION;NORTE;2A;8;10/05/2026;17 DE AGOSTO;64;CIUDAD DE BUENOS AIRES B;71
2026;LIGA PROXIMO MASCULINO;Fase Regular;Torneo Reclasificatorio;RECLASIFICACION;NORTE;2A;8;10/05/2026;PINOCHO C;54;COLEGIALES B;45
2026;LIGA PROXIMO MASCULINO;Fase Regular;Torneo Reclasificatorio;RECLASIFICACION;NORTE;2A;8;10/05/2026;HARRODS GATH Y CHAVES;75;NAUTICO HACOAJ B;38
2026;LIGA PROXIMO MASCULINO;Fase Regular;Torneo Reclasificatorio;RECLASIFICACION;NORTE;2A;9;17/05/2026;HEBRAICA;66;NAUTICO HACOAJ B;43
2026;LIGA PROXIMO MASCULINO;Fase Regular;Torneo Reclasificatorio;RECLASIFICACION;NORTE;2A;9;17/05/2026;COLEGIALES B;53;HARRODS GATH Y CHAVES;81
2026;LIGA PROXIMO MASCULINO;Fase Regular;Torneo Reclasificatorio;RECLASIFICACION;NORTE;2A;9;17/05/2026;CIUDAD DE BUENOS AIRES B;79;PINOCHO C;44
2026;LIGA PROXIMO MASCULINO;Fase Regular;Torneo Reclasificatorio;RECLASIFICACION;NORTE;2A;9;17/05/2026;LAS HERAS A;73;17 DE AGOSTO;39
2026;LIGA PROXIMO MASCULINO;Fase Regular;Torneo Reclasificatorio;RECLASIFICACION;NORTE;2A;10;24/05/2026;17 DE AGOSTO;71;HEBRAICA;57
2026;LIGA PROXIMO MASCULINO;Fase Regular;Torneo Reclasificatorio;RECLASIFICACION;NORTE;2A;10;24/05/2026;PINOCHO C;44;LAS HERAS A;87
2026;LIGA PROXIMO MASCULINO;Fase Regular;Torneo Reclasificatorio;RECLASIFICACION;NORTE;2A;10;24/05/2026;HARRODS GATH Y CHAVES;77;CIUDAD DE BUENOS AIRES B;56
2026;LIGA PROXIMO MASCULINO;Fase Regular;Torneo Reclasificatorio;RECLASIFICACION;NORTE;2A;10;24/05/2026;NAUTICO HACOAJ B;50;COLEGIALES B;54
2026;LIGA PROXIMO MASCULINO;Fase Regular;Torneo Reclasificatorio;RECLASIFICACION;NORTE;2B;1;15/03/2026;BANCO PROVINCIA A;85;COOPERATIVA TORTUGUITAS;73
2026;LIGA PROXIMO MASCULINO;Fase Regular;Torneo Reclasificatorio;RECLASIFICACION;NORTE;2B;1;15/03/2026;SOCIAL BECCAR B;76;SPORTIVO PILAR B;67
2026;LIGA PROXIMO MASCULINO;Fase Regular;Torneo Reclasificatorio;RECLASIFICACION;NORTE;2B;1;15/03/2026;CLUB ATENEO INGENIERO RAVER;71;VICTORIA B;36
2026;LIGA PROXIMO MASCULINO;Fase Regular;Torneo Reclasificatorio;RECLASIFICACION;NORTE;2B;1;15/03/2026;INDEPENDIENTE DE ESCOBAR;55;BANCO NACION A;100
2026;LIGA PROXIMO MASCULINO;Fase Regular;Torneo Reclasificatorio;RECLASIFICACION;NORTE;2B;2;22/03/2026;INDEPENDIENTE DE ESCOBAR;52;CLUB SOCIAL Y DEPORTIVO ARENAL;58
2026;LIGA PROXIMO MASCULINO;Fase Regular;Torneo Reclasificatorio;RECLASIFICACION;NORTE;2B;2;22/03/2026;VICTORIA B;33;SOCIAL BECCAR B;74
2026;LIGA PROXIMO MASCULINO;Fase Regular;Torneo Reclasificatorio;RECLASIFICACION;NORTE;2B;2;22/03/2026;SPORTIVO PILAR B;56;BANCO PROVINCIA A;60
2026;LIGA PROXIMO MASCULINO;Fase Regular;Torneo Reclasificatorio;RECLASIFICACION;NORTE;2B;3;29/03/2026;CLUB SOCIAL Y DEPORTIVO ARENAL;45;COOPERATIVA TORTUGUITAS;55
2026;LIGA PROXIMO MASCULINO;Fase Regular;Torneo Reclasificatorio;RECLASIFICACION;NORTE;2B;3;29/03/2026;BANCO PROVINCIA A;111;VICTORIA B;28
2026;LIGA PROXIMO MASCULINO;Fase Regular;Torneo Reclasificatorio;RECLASIFICACION;NORTE;2B;3;29/03/2026;SOCIAL BECCAR B;53;BANCO NACION A;68
2026;LIGA PROXIMO MASCULINO;Fase Regular;Torneo Reclasificatorio;RECLASIFICACION;NORTE;2B;3;29/03/2026;CLUB ATENEO INGENIERO RAVER;77;INDEPENDIENTE DE ESCOBAR;62
2026;LIGA PROXIMO MASCULINO;Fase Regular;Torneo Reclasificatorio;RECLASIFICACION;NORTE;2B;4;12/04/2026;CLUB ATENEO INGENIERO RAVER;70;CLUB SOCIAL Y DEPORTIVO ARENAL;53
2026;LIGA PROXIMO MASCULINO;Fase Regular;Torneo Reclasificatorio;RECLASIFICACION;NORTE;2B;4;12/04/2026;INDEPENDIENTE DE ESCOBAR;65;SOCIAL BECCAR B;79
2026;LIGA PROXIMO MASCULINO;Fase Regular;Torneo Reclasificatorio;RECLASIFICACION;NORTE;2B;4;12/04/2026;BANCO NACION A;62;BANCO PROVINCIA A;63
2026;LIGA PROXIMO MASCULINO;Fase Regular;Torneo Reclasificatorio;RECLASIFICACION;NORTE;2B;4;12/04/2026;SPORTIVO PILAR B;87;COOPERATIVA TORTUGUITAS;67
2026;LIGA PROXIMO MASCULINO;Fase Regular;Torneo Reclasificatorio;RECLASIFICACION;NORTE;2B;5;19/04/2026;CLUB SOCIAL Y DEPORTIVO ARENAL;61;SPORTIVO PILAR B;55
2026;LIGA PROXIMO MASCULINO;Fase Regular;Torneo Reclasificatorio;RECLASIFICACION;NORTE;2B;5;19/04/2026;COOPERATIVA TORTUGUITAS;102;VICTORIA B;46
2026;LIGA PROXIMO MASCULINO;Fase Regular;Torneo Reclasificatorio;RECLASIFICACION;NORTE;2B;5;19/04/2026;BANCO PROVINCIA A;110;INDEPENDIENTE DE ESCOBAR;57
2026;LIGA PROXIMO MASCULINO;Fase Regular;Torneo Reclasificatorio;RECLASIFICACION;NORTE;2B;5;19/04/2026;SOCIAL BECCAR B;56;CLUB ATENEO INGENIERO RAVER;67
2026;LIGA PROXIMO MASCULINO;Fase Regular;Torneo Reclasificatorio;RECLASIFICACION;NORTE;2B;6;26/04/2026;SOCIAL BECCAR B;61;CLUB SOCIAL Y DEPORTIVO ARENAL;60
2026;LIGA PROXIMO MASCULINO;Fase Regular;Torneo Reclasificatorio;RECLASIFICACION;NORTE;2B;6;26/04/2026;CLUB ATENEO INGENIERO RAVER;70;BANCO PROVINCIA A;53
2026;LIGA PROXIMO MASCULINO;Fase Regular;Torneo Reclasificatorio;RECLASIFICACION;NORTE;2B;6;26/04/2026;BANCO NACION A;77;COOPERATIVA TORTUGUITAS;62
2026;LIGA PROXIMO MASCULINO;Fase Regular;Torneo Reclasificatorio;RECLASIFICACION;NORTE;2B;6;26/04/2026;VICTORIA B;46;SPORTIVO PILAR B;93
2026;LIGA PROXIMO MASCULINO;Fase Regular;Torneo Reclasificatorio;RECLASIFICACION;NORTE;2B;7;03/05/2026;CLUB SOCIAL Y DEPORTIVO ARENAL;65;VICTORIA B;34
2026;LIGA PROXIMO MASCULINO;Fase Regular;Torneo Reclasificatorio;RECLASIFICACION;NORTE;2B;7;03/05/2026;SPORTIVO PILAR B;57;BANCO NACION A;67
2026;LIGA PROXIMO MASCULINO;Fase Regular;Torneo Reclasificatorio;RECLASIFICACION;NORTE;2B;7;03/05/2026;COOPERATIVA TORTUGUITAS;76;INDEPENDIENTE DE ESCOBAR;64
2026;LIGA PROXIMO MASCULINO;Fase Regular;Torneo Reclasificatorio;RECLASIFICACION;NORTE;2B;7;03/05/2026;BANCO PROVINCIA A;83;SOCIAL BECCAR B;62
2026;LIGA PROXIMO MASCULINO;Fase Regular;Torneo Reclasificatorio;RECLASIFICACION;NORTE;2B;8;10/05/2026;BANCO PROVINCIA A;92;CLUB SOCIAL Y DEPORTIVO ARENAL;48
2026;LIGA PROXIMO MASCULINO;Fase Regular;Torneo Reclasificatorio;RECLASIFICACION;NORTE;2B;8;10/05/2026;CLUB ATENEO INGENIERO RAVER;64;COOPERATIVA TORTUGUITAS;74
2026;LIGA PROXIMO MASCULINO;Fase Regular;Torneo Reclasificatorio;RECLASIFICACION;NORTE;2B;8;10/05/2026;INDEPENDIENTE DE ESCOBAR;55;SPORTIVO PILAR B;83
2026;LIGA PROXIMO MASCULINO;Fase Regular;Torneo Reclasificatorio;RECLASIFICACION;NORTE;2B;8;10/05/2026;BANCO NACION A;69;VICTORIA B;59
2026;LIGA PROXIMO MASCULINO;Fase Regular;Torneo Reclasificatorio;RECLASIFICACION;NORTE;2B;9;17/05/2026;CLUB SOCIAL Y DEPORTIVO ARENAL;43;BANCO NACION A;57
2026;LIGA PROXIMO MASCULINO;Fase Regular;Torneo Reclasificatorio;RECLASIFICACION;NORTE;2B;9;17/05/2026;VICTORIA B;53;INDEPENDIENTE DE ESCOBAR;63
2026;LIGA PROXIMO MASCULINO;Fase Regular;Torneo Reclasificatorio;RECLASIFICACION;NORTE;2B;9;17/05/2026;SPORTIVO PILAR B;44;CLUB ATENEO INGENIERO RAVER;57
2026;LIGA PROXIMO MASCULINO;Fase Regular;Torneo Reclasificatorio;RECLASIFICACION;NORTE;2B;9;17/05/2026;COOPERATIVA TORTUGUITAS;89;SOCIAL BECCAR B;76
2026;LIGA PROXIMO MASCULINO;Fase Regular;Torneo Reclasificatorio;RECLASIFICACION;NORTE;2B;10;24/05/2026;COOPERATIVA TORTUGUITAS;69;BANCO PROVINCIA A;103
2026;LIGA PROXIMO MASCULINO;Fase Regular;Torneo Reclasificatorio;RECLASIFICACION;NORTE;2B;10;24/05/2026;SPORTIVO PILAR B;72;SOCIAL BECCAR B;67
2026;LIGA PROXIMO MASCULINO;Fase Regular;Torneo Reclasificatorio;RECLASIFICACION;NORTE;2B;10;24/05/2026;VICTORIA B;33;CLUB ATENEO INGENIERO RAVER;67
2026;LIGA PROXIMO MASCULINO;Fase Regular;Torneo Reclasificatorio;RECLASIFICACION;NORTE;2B;10;24/05/2026;BANCO NACION A;100;INDEPENDIENTE DE ESCOBAR;57
2026;LIGA PROXIMO MASCULINO;Fase Regular;Torneo Reclasificatorio;RECLASIFICACION;NORTE;3C;1;15/03/2026;BANCO NACION B;77;CLUB TRES DE FEBRERO C;18
2026;LIGA PROXIMO MASCULINO;Fase Regular;Torneo Reclasificatorio;RECLASIFICACION;NORTE;3C;1;15/03/2026;VICTORIA A;72;SAN FERNANDO B;46
2026;LIGA PROXIMO MASCULINO;Fase Regular;Torneo Reclasificatorio;RECLASIFICACION;NORTE;3C;1;15/03/2026;UNIVERSIDAD DE BUENOS AIRES;67;PLATENSE B;49
2026;LIGA PROXIMO MASCULINO;Fase Regular;Torneo Reclasificatorio;RECLASIFICACION;NORTE;3C;1;15/03/2026;ATLETICO BOULOGNE A;64;NAUTICO BUCHARDO A;73
2026;LIGA PROXIMO MASCULINO;Fase Regular;Torneo Reclasificatorio;RECLASIFICACION;NORTE;3C;2;22/03/2026;ATLETICO BOULOGNE A;81;BANCO NACION B;45
2026;LIGA PROXIMO MASCULINO;Fase Regular;Torneo Reclasificatorio;RECLASIFICACION;NORTE;3C;2;22/03/2026;NAUTICO BUCHARDO A;81;UNIVERSIDAD DE BUENOS AIRES;52
2026;LIGA PROXIMO MASCULINO;Fase Regular;Torneo Reclasificatorio;RECLASIFICACION;NORTE;3C;2;22/03/2026;PLATENSE B;49;VICTORIA A;65
2026;LIGA PROXIMO MASCULINO;Fase Regular;Torneo Reclasificatorio;RECLASIFICACION;NORTE;3C;2;22/03/2026;SAN FERNANDO B;94;CLUB TRES DE FEBRERO C;35
2026;LIGA PROXIMO MASCULINO;Fase Regular;Torneo Reclasificatorio;RECLASIFICACION;NORTE;3C;3;29/03/2026;BANCO NACION B;15;SAN FERNANDO B;79
2026;LIGA PROXIMO MASCULINO;Fase Regular;Torneo Reclasificatorio;RECLASIFICACION;NORTE;3C;3;29/03/2026;CLUB TRES DE FEBRERO C;24;PLATENSE B;105
2026;LIGA PROXIMO MASCULINO;Fase Regular;Torneo Reclasificatorio;RECLASIFICACION;NORTE;3C;3;29/03/2026;VICTORIA A;50;NAUTICO BUCHARDO A;63
2026;LIGA PROXIMO MASCULINO;Fase Regular;Torneo Reclasificatorio;RECLASIFICACION;NORTE;3C;3;29/03/2026;UNIVERSIDAD DE BUENOS AIRES;70;ATLETICO BOULOGNE A;46
2026;LIGA PROXIMO MASCULINO;Fase Regular;Torneo Reclasificatorio;RECLASIFICACION;NORTE;3C;4;12/04/2026;UNIVERSIDAD DE BUENOS AIRES;80;BANCO NACION B;40
2026;LIGA PROXIMO MASCULINO;Fase Regular;Torneo Reclasificatorio;RECLASIFICACION;NORTE;3C;4;12/04/2026;ATLETICO BOULOGNE A;67;VICTORIA A;88
2026;LIGA PROXIMO MASCULINO;Fase Regular;Torneo Reclasificatorio;RECLASIFICACION;NORTE;3C;4;12/04/2026;NAUTICO BUCHARDO A;153;CLUB TRES DE FEBRERO C;15
2026;LIGA PROXIMO MASCULINO;Fase Regular;Torneo Reclasificatorio;RECLASIFICACION;NORTE;3C;4;12/04/2026;PLATENSE B;59;SAN FERNANDO B;60
2026;LIGA PROXIMO MASCULINO;Fase Regular;Torneo Reclasificatorio;RECLASIFICACION;NORTE;3C;5;19/04/2026;BANCO NACION B;37;PLATENSE B;83
2026;LIGA PROXIMO MASCULINO;Fase Regular;Torneo Reclasificatorio;RECLASIFICACION;NORTE;3C;5;19/04/2026;SAN FERNANDO B;60;NAUTICO BUCHARDO A;82
2026;LIGA PROXIMO MASCULINO;Fase Regular;Torneo Reclasificatorio;RECLASIFICACION;NORTE;3C;5;19/04/2026;CLUB TRES DE FEBRERO C;44;ATLETICO BOULOGNE A;117
2026;LIGA PROXIMO MASCULINO;Fase Regular;Torneo Reclasificatorio;RECLASIFICACION;NORTE;3C;5;19/04/2026;VICTORIA A;70;UNIVERSIDAD DE BUENOS AIRES;67
2026;LIGA PROXIMO MASCULINO;Fase Regular;Torneo Reclasificatorio;RECLASIFICACION;NORTE;3C;6;26/04/2026;VICTORIA A;107;BANCO NACION B;34
2026;LIGA PROXIMO MASCULINO;Fase Regular;Torneo Reclasificatorio;RECLASIFICACION;NORTE;3C;6;26/04/2026;UNIVERSIDAD DE BUENOS AIRES;116;CLUB TRES DE FEBRERO C;30
2026;LIGA PROXIMO MASCULINO;Fase Regular;Torneo Reclasificatorio;RECLASIFICACION;NORTE;3C;6;26/04/2026;ATLETICO BOULOGNE A;49;SAN FERNANDO B;65
2026;LIGA PROXIMO MASCULINO;Fase Regular;Torneo Reclasificatorio;RECLASIFICACION;NORTE;3C;6;26/04/2026;NAUTICO BUCHARDO A;89;PLATENSE B;87
2026;LIGA PROXIMO MASCULINO;Fase Regular;Torneo Reclasificatorio;RECLASIFICACION;NORTE;3C;7;03/05/2026;BANCO NACION B;27;NAUTICO BUCHARDO A;91
2026;LIGA PROXIMO MASCULINO;Fase Regular;Torneo Reclasificatorio;RECLASIFICACION;NORTE;3C;7;03/05/2026;PLATENSE B;47;ATLETICO BOULOGNE A;64
2026;LIGA PROXIMO MASCULINO;Fase Regular;Torneo Reclasificatorio;RECLASIFICACION;NORTE;3C;7;03/05/2026;SAN FERNANDO B;59;UNIVERSIDAD DE BUENOS AIRES;54
2026;LIGA PROXIMO MASCULINO;Fase Regular;Torneo Reclasificatorio;RECLASIFICACION;NORTE;3C;7;03/05/2026;CLUB TRES DE FEBRERO C;19;VICTORIA A;156
2026;LIGA PROXIMO MASCULINO;Fase Regular;Torneo Reclasificatorio;RECLASIFICACION;NORTE;3C;8;10/05/2026;CLUB TRES DE FEBRERO C;43;BANCO NACION B;86
2026;LIGA PROXIMO MASCULINO;Fase Regular;Torneo Reclasificatorio;RECLASIFICACION;NORTE;3C;8;10/05/2026;SAN FERNANDO B;60;VICTORIA A;65
2026;LIGA PROXIMO MASCULINO;Fase Regular;Torneo Reclasificatorio;RECLASIFICACION;NORTE;3C;8;10/05/2026;PLATENSE B;49;UNIVERSIDAD DE BUENOS AIRES;63
2026;LIGA PROXIMO MASCULINO;Fase Regular;Torneo Reclasificatorio;RECLASIFICACION;NORTE;3C;8;10/05/2026;NAUTICO BUCHARDO A;68;ATLETICO BOULOGNE A;41
2026;LIGA PROXIMO MASCULINO;Fase Regular;Torneo Reclasificatorio;RECLASIFICACION;NORTE;3C;9;17/05/2026;BANCO NACION B;47;ATLETICO BOULOGNE A;58
2026;LIGA PROXIMO MASCULINO;Fase Regular;Torneo Reclasificatorio;RECLASIFICACION;NORTE;3C;9;17/05/2026;UNIVERSIDAD DE BUENOS AIRES;73;NAUTICO BUCHARDO A;57
2026;LIGA PROXIMO MASCULINO;Fase Regular;Torneo Reclasificatorio;RECLASIFICACION;NORTE;3C;9;17/05/2026;VICTORIA A;78;PLATENSE B;67
2026;LIGA PROXIMO MASCULINO;Fase Regular;Torneo Reclasificatorio;RECLASIFICACION;NORTE;3C;9;17/05/2026;CLUB TRES DE FEBRERO C;44;SAN FERNANDO B;110
2026;LIGA PROXIMO MASCULINO;Fase Regular;Torneo Reclasificatorio;RECLASIFICACION;NORTE;3C;10;24/05/2026;SAN FERNANDO B;78;BANCO NACION B;23
2026;LIGA PROXIMO MASCULINO;Fase Regular;Torneo Reclasificatorio;RECLASIFICACION;NORTE;3C;10;24/05/2026;PLATENSE B;99;CLUB TRES DE FEBRERO C;21
2026;LIGA PROXIMO MASCULINO;Fase Regular;Torneo Reclasificatorio;RECLASIFICACION;NORTE;3C;10;24/05/2026;NAUTICO BUCHARDO A;68;VICTORIA A;62
2026;LIGA PROXIMO MASCULINO;Fase Regular;Torneo Reclasificatorio;RECLASIFICACION;NORTE;3C;10;24/05/2026;ATLETICO BOULOGNE A;51;UNIVERSIDAD DE BUENOS AIRES;93
2026;LIGA PROXIMO MASCULINO;Fase Regular;Torneo Reclasificatorio;RECLASIFICACION;OESTE;2A;1;15/03/2026;NOLTING;44;DEFENSORES DE MORENO A;59
2026;LIGA PROXIMO MASCULINO;Fase Regular;Torneo Reclasificatorio;RECLASIFICACION;OESTE;2A;1;15/03/2026;CENTRO ESPAÑOL;50;GIMNASIA Y ESGRIMA DE ITUZAINGO B;81
2026;LIGA PROXIMO MASCULINO;Fase Regular;Torneo Reclasificatorio;RECLASIFICACION;OESTE;2A;1;15/03/2026;CLUB CEPA;103;CLUB PORTUGUES DEL GRAN BUENOS AIRES;36
2026;LIGA PROXIMO MASCULINO;Fase Regular;Torneo Reclasificatorio;RECLASIFICACION;OESTE;2A;1;15/03/2026;DEP. MORON B;0;SITAS B;0
2026;LIGA PROXIMO MASCULINO;Fase Regular;Torneo Reclasificatorio;RECLASIFICACION;OESTE;2A;2;22/03/2026;DEP. MORON B;53;RAMOS MEJIA LTC;68
2026;LIGA PROXIMO MASCULINO;Fase Regular;Torneo Reclasificatorio;RECLASIFICACION;OESTE;2A;2;22/03/2026;SITAS B;36;CLUB CEPA;91
2026;LIGA PROXIMO MASCULINO;Fase Regular;Torneo Reclasificatorio;RECLASIFICACION;OESTE;2A;2;22/03/2026;CLUB PORTUGUES DEL GRAN BUENOS AIRES;67;CENTRO ESPAÑOL;56
2026;LIGA PROXIMO MASCULINO;Fase Regular;Torneo Reclasificatorio;RECLASIFICACION;OESTE;2A;2;22/03/2026;GIMNASIA Y ESGRIMA DE ITUZAINGO B;48;NOLTING;51
2026;LIGA PROXIMO MASCULINO;Fase Regular;Torneo Reclasificatorio;RECLASIFICACION;OESTE;2A;3;29/03/2026;RAMOS MEJIA LTC;56;DEFENSORES DE MORENO A;81
2026;LIGA PROXIMO MASCULINO;Fase Regular;Torneo Reclasificatorio;RECLASIFICACION;OESTE;2A;3;29/03/2026;NOLTING;88;CLUB PORTUGUES DEL GRAN BUENOS AIRES;30
2026;LIGA PROXIMO MASCULINO;Fase Regular;Torneo Reclasificatorio;RECLASIFICACION;OESTE;2A;3;29/03/2026;CENTRO ESPAÑOL;56;SITAS B;39
2026;LIGA PROXIMO MASCULINO;Fase Regular;Torneo Reclasificatorio;RECLASIFICACION;OESTE;2A;3;29/03/2026;CLUB CEPA;73;DEP. MORON B;54
2026;LIGA PROXIMO MASCULINO;Fase Regular;Torneo Reclasificatorio;RECLASIFICACION;OESTE;2A;4;12/04/2026;CLUB CEPA;61;RAMOS MEJIA LTC;52
2026;LIGA PROXIMO MASCULINO;Fase Regular;Torneo Reclasificatorio;RECLASIFICACION;OESTE;2A;4;12/04/2026;DEP. MORON B;63;CENTRO ESPAÑOL;57
2026;LIGA PROXIMO MASCULINO;Fase Regular;Torneo Reclasificatorio;RECLASIFICACION;OESTE;2A;4;12/04/2026;CLUB PORTUGUES DEL GRAN BUENOS AIRES;27;FERROCARRIL OESTE C;47
2026;LIGA PROXIMO MASCULINO;Fase Regular;Torneo Reclasificatorio;RECLASIFICACION;OESTE;2A;4;12/04/2026;GIMNASIA Y ESGRIMA DE ITUZAINGO B;44;DEFENSORES DE MORENO A;74
2026;LIGA PROXIMO MASCULINO;Fase Regular;Torneo Reclasificatorio;RECLASIFICACION;OESTE;2A;5;19/04/2026;RAMOS MEJIA LTC;67;GIMNASIA Y ESGRIMA DE ITUZAINGO B;63
2026;LIGA PROXIMO MASCULINO;Fase Regular;Torneo Reclasificatorio;RECLASIFICACION;OESTE;2A;5;19/04/2026;DEFENSORES DE MORENO A;92;CLUB PORTUGUES DEL GRAN BUENOS AIRES;47
2026;LIGA PROXIMO MASCULINO;Fase Regular;Torneo Reclasificatorio;RECLASIFICACION;OESTE;2A;5;19/04/2026;FERROCARRIL OESTE C;119;SITAS B;40
2026;LIGA PROXIMO MASCULINO;Fase Regular;Torneo Reclasificatorio;RECLASIFICACION;OESTE;2A;5;19/04/2026;NOLTING;49;DEP. MORON B;40
2026;LIGA PROXIMO MASCULINO;Fase Regular;Torneo Reclasificatorio;RECLASIFICACION;OESTE;2A;5;19/04/2026;CENTRO ESPAÑOL;71;CLUB CEPA;93
2026;LIGA PROXIMO MASCULINO;Fase Regular;Torneo Reclasificatorio;RECLASIFICACION;OESTE;2A;6;26/04/2026;CENTRO ESPAÑOL;47;RAMOS MEJIA LTC;83
2026;LIGA PROXIMO MASCULINO;Fase Regular;Torneo Reclasificatorio;RECLASIFICACION;OESTE;2A;6;26/04/2026;CLUB CEPA;77;NOLTING;64
2026;LIGA PROXIMO MASCULINO;Fase Regular;Torneo Reclasificatorio;RECLASIFICACION;OESTE;2A;6;26/04/2026;SITAS B;18;DEFENSORES DE MORENO A;97
2026;LIGA PROXIMO MASCULINO;Fase Regular;Torneo Reclasificatorio;RECLASIFICACION;OESTE;2A;6;26/04/2026;CLUB PORTUGUES DEL GRAN BUENOS AIRES;25;GIMNASIA Y ESGRIMA DE ITUZAINGO B;84
2026;LIGA PROXIMO MASCULINO;Fase Regular;Torneo Reclasificatorio;RECLASIFICACION;OESTE;2A;7;03/05/2026;RAMOS MEJIA LTC;86;CLUB PORTUGUES DEL GRAN BUENOS AIRES;59
2026;LIGA PROXIMO MASCULINO;Fase Regular;Torneo Reclasificatorio;RECLASIFICACION;OESTE;2A;7;03/05/2026;GIMNASIA Y ESGRIMA DE ITUZAINGO B;91;SITAS B;32
2026;LIGA PROXIMO MASCULINO;Fase Regular;Torneo Reclasificatorio;RECLASIFICACION;OESTE;2A;7;03/05/2026;DEFENSORES DE MORENO A;83;DEP. MORON B;62
2026;LIGA PROXIMO MASCULINO;Fase Regular;Torneo Reclasificatorio;RECLASIFICACION;OESTE;2A;7;03/05/2026;FERROCARRIL OESTE C;51;CLUB CEPA;74
2026;LIGA PROXIMO MASCULINO;Fase Regular;Torneo Reclasificatorio;RECLASIFICACION;OESTE;2A;7;03/05/2026;NOLTING;107;CENTRO ESPAÑOL;42
2026;LIGA PROXIMO MASCULINO;Fase Regular;Torneo Reclasificatorio;RECLASIFICACION;OESTE;2A;8;10/05/2026;NOLTING;79;RAMOS MEJIA LTC;66
2026;LIGA PROXIMO MASCULINO;Fase Regular;Torneo Reclasificatorio;RECLASIFICACION;OESTE;2A;8;10/05/2026;CENTRO ESPAÑOL;66;FERROCARRIL OESTE C;99
2026;LIGA PROXIMO MASCULINO;Fase Regular;Torneo Reclasificatorio;RECLASIFICACION;OESTE;2A;8;10/05/2026;CLUB CEPA;59;DEFENSORES DE MORENO A;62
2026;LIGA PROXIMO MASCULINO;Fase Regular;Torneo Reclasificatorio;RECLASIFICACION;OESTE;2A;8;10/05/2026;DEP. MORON B;42;GIMNASIA Y ESGRIMA DE ITUZAINGO B;64
2026;LIGA PROXIMO MASCULINO;Fase Regular;Torneo Reclasificatorio;RECLASIFICACION;OESTE;2A;8;10/05/2026;SITAS B;34;CLUB PORTUGUES DEL GRAN BUENOS AIRES;85
2026;LIGA PROXIMO MASCULINO;Fase Regular;Torneo Reclasificatorio;RECLASIFICACION;OESTE;2A;9;17/05/2026;RAMOS MEJIA LTC;89;SITAS B;45
2026;LIGA PROXIMO MASCULINO;Fase Regular;Torneo Reclasificatorio;RECLASIFICACION;OESTE;2A;9;17/05/2026;CLUB PORTUGUES DEL GRAN BUENOS AIRES;44;DEP. MORON B;40
2026;LIGA PROXIMO MASCULINO;Fase Regular;Torneo Reclasificatorio;RECLASIFICACION;OESTE;2A;9;17/05/2026;DEFENSORES DE MORENO A;89;CENTRO ESPAÑOL;39
2026;LIGA PROXIMO MASCULINO;Fase Regular;Torneo Reclasificatorio;RECLASIFICACION;OESTE;2A;9;17/05/2026;FERROCARRIL OESTE C;66;NOLTING;70
2026;LIGA PROXIMO MASCULINO;Fase Regular;Torneo Reclasificatorio;RECLASIFICACION;OESTE;2A;10;24/05/2026;DEFENSORES DE MORENO A;64;NOLTING;62
2026;LIGA PROXIMO MASCULINO;Fase Regular;Torneo Reclasificatorio;RECLASIFICACION;OESTE;2A;10;24/05/2026;CLUB PORTUGUES DEL GRAN BUENOS AIRES;18;CLUB CEPA;55
2026;LIGA PROXIMO MASCULINO;Fase Regular;Torneo Reclasificatorio;RECLASIFICACION;OESTE;2A;10;24/05/2026;SITAS B;49;DEP. MORON B;73
2026;LIGA PROXIMO MASCULINO;Fase Regular;Torneo Reclasificatorio;RECLASIFICACION;OESTE;2A;13;14/06/2026;NOLTING;85;SITAS B;39
2026;LIGA PROXIMO MASCULINO;Fase Regular;Torneo Reclasificatorio;RECLASIFICACION;OESTE;2B;1;15/03/2026;SITAS A;60;VELEZ SARSFIELD B;58
2026;LIGA PROXIMO MASCULINO;Fase Regular;Torneo Reclasificatorio;RECLASIFICACION;OESTE;2B;1;15/03/2026;DEFENSORES DE SANTOS LUGARES;67;MORON B;59
2026;LIGA PROXIMO MASCULINO;Fase Regular;Torneo Reclasificatorio;RECLASIFICACION;OESTE;2B;1;15/03/2026;CEDEM;49;PASO DEL REY;58
2026;LIGA PROXIMO MASCULINO;Fase Regular;Torneo Reclasificatorio;RECLASIFICACION;OESTE;2B;1;15/03/2026;UNITARIOS DE MARCOS PAZ;20;SAN MIGUEL A;0
2026;LIGA PROXIMO MASCULINO;Fase Regular;Torneo Reclasificatorio;RECLASIFICACION;OESTE;2B;1;15/03/2026;ESTUDIANTIL PORTEÑO B;40;DEFENSORES DE HURLINGHAM B;47
2026;LIGA PROXIMO MASCULINO;Fase Regular;Torneo Reclasificatorio;RECLASIFICACION;OESTE;2B;2;22/03/2026;ESTUDIANTIL PORTEÑO B;49;SITAS A;75
2026;LIGA PROXIMO MASCULINO;Fase Regular;Torneo Reclasificatorio;RECLASIFICACION;OESTE;2B;2;22/03/2026;DEFENSORES DE HURLINGHAM B;52;UNITARIOS DE MARCOS PAZ;68
2026;LIGA PROXIMO MASCULINO;Fase Regular;Torneo Reclasificatorio;RECLASIFICACION;OESTE;2B;2;22/03/2026;SAN MIGUEL A;50;CEDEM;65
2026;LIGA PROXIMO MASCULINO;Fase Regular;Torneo Reclasificatorio;RECLASIFICACION;OESTE;2B;2;22/03/2026;PASO DEL REY;80;DEFENSORES DE SANTOS LUGARES;68
2026;LIGA PROXIMO MASCULINO;Fase Regular;Torneo Reclasificatorio;RECLASIFICACION;OESTE;2B;2;22/03/2026;MORON B;49;VELEZ SARSFIELD B;54
2026;LIGA PROXIMO MASCULINO;Fase Regular;Torneo Reclasificatorio;RECLASIFICACION;OESTE;2B;3;29/03/2026;SITAS A;67;MORON B;37
2026;LIGA PROXIMO MASCULINO;Fase Regular;Torneo Reclasificatorio;RECLASIFICACION;OESTE;2B;3;29/03/2026;VELEZ SARSFIELD B;68;PASO DEL REY;75
2026;LIGA PROXIMO MASCULINO;Fase Regular;Torneo Reclasificatorio;RECLASIFICACION;OESTE;2B;3;29/03/2026;DEFENSORES DE SANTOS LUGARES;72;SAN MIGUEL A;48
2026;LIGA PROXIMO MASCULINO;Fase Regular;Torneo Reclasificatorio;RECLASIFICACION;OESTE;2B;3;29/03/2026;CEDEM;70;DEFENSORES DE HURLINGHAM B;65
2026;LIGA PROXIMO MASCULINO;Fase Regular;Torneo Reclasificatorio;RECLASIFICACION;OESTE;2B;3;29/03/2026;UNITARIOS DE MARCOS PAZ;64;ESTUDIANTIL PORTEÑO B;52
2026;LIGA PROXIMO MASCULINO;Fase Regular;Torneo Reclasificatorio;RECLASIFICACION;OESTE;2B;4;12/04/2026;UNITARIOS DE MARCOS PAZ;69;SITAS A;52
2026;LIGA PROXIMO MASCULINO;Fase Regular;Torneo Reclasificatorio;RECLASIFICACION;OESTE;2B;4;12/04/2026;ESTUDIANTIL PORTEÑO B;53;CEDEM;62
2026;LIGA PROXIMO MASCULINO;Fase Regular;Torneo Reclasificatorio;RECLASIFICACION;OESTE;2B;4;12/04/2026;DEFENSORES DE HURLINGHAM B;51;DEFENSORES DE SANTOS LUGARES;62
2026;LIGA PROXIMO MASCULINO;Fase Regular;Torneo Reclasificatorio;RECLASIFICACION;OESTE;2B;4;12/04/2026;SAN MIGUEL A;52;VELEZ SARSFIELD B;53
2026;LIGA PROXIMO MASCULINO;Fase Regular;Torneo Reclasificatorio;RECLASIFICACION;OESTE;2B;4;12/04/2026;PASO DEL REY;69;MORON B;65
2026;LIGA PROXIMO MASCULINO;Fase Regular;Torneo Reclasificatorio;RECLASIFICACION;OESTE;2B;5;19/04/2026;SITAS A;56;PASO DEL REY;64
2026;LIGA PROXIMO MASCULINO;Fase Regular;Torneo Reclasificatorio;RECLASIFICACION;OESTE;2B;5;19/04/2026;MORON B;64;SAN MIGUEL A;42
2026;LIGA PROXIMO MASCULINO;Fase Regular;Torneo Reclasificatorio;RECLASIFICACION;OESTE;2B;5;19/04/2026;VELEZ SARSFIELD B;44;DEFENSORES DE HURLINGHAM B;50
2026;LIGA PROXIMO MASCULINO;Fase Regular;Torneo Reclasificatorio;RECLASIFICACION;OESTE;2B;5;19/04/2026;DEFENSORES DE SANTOS LUGARES;65;ESTUDIANTIL PORTEÑO B;58
2026;LIGA PROXIMO MASCULINO;Fase Regular;Torneo Reclasificatorio;RECLASIFICACION;OESTE;2B;5;19/04/2026;CEDEM;73;UNITARIOS DE MARCOS PAZ;31
2026;LIGA PROXIMO MASCULINO;Fase Regular;Torneo Reclasificatorio;RECLASIFICACION;OESTE;2B;6;26/04/2026;CEDEM;67;SITAS A;53
2026;LIGA PROXIMO MASCULINO;Fase Regular;Torneo Reclasificatorio;RECLASIFICACION;OESTE;2B;6;26/04/2026;UNITARIOS DE MARCOS PAZ;65;DEFENSORES DE SANTOS LUGARES;56
2026;LIGA PROXIMO MASCULINO;Fase Regular;Torneo Reclasificatorio;RECLASIFICACION;OESTE;2B;6;26/04/2026;ESTUDIANTIL PORTEÑO B;44;VELEZ SARSFIELD B;66
2026;LIGA PROXIMO MASCULINO;Fase Regular;Torneo Reclasificatorio;RECLASIFICACION;OESTE;2B;6;26/04/2026;DEFENSORES DE HURLINGHAM B;41;MORON B;64
2026;LIGA PROXIMO MASCULINO;Fase Regular;Torneo Reclasificatorio;RECLASIFICACION;OESTE;2B;6;26/04/2026;SAN MIGUEL A;48;PASO DEL REY;63
2026;LIGA PROXIMO MASCULINO;Fase Regular;Torneo Reclasificatorio;RECLASIFICACION;OESTE;2B;7;03/05/2026;SITAS A;56;SAN MIGUEL A;48
2026;LIGA PROXIMO MASCULINO;Fase Regular;Torneo Reclasificatorio;RECLASIFICACION;OESTE;2B;7;03/05/2026;PASO DEL REY;67;DEFENSORES DE HURLINGHAM B;61
2026;LIGA PROXIMO MASCULINO;Fase Regular;Torneo Reclasificatorio;RECLASIFICACION;OESTE;2B;7;03/05/2026;MORON B;76;ESTUDIANTIL PORTEÑO B;46
2026;LIGA PROXIMO MASCULINO;Fase Regular;Torneo Reclasificatorio;RECLASIFICACION;OESTE;2B;7;03/05/2026;VELEZ SARSFIELD B;87;UNITARIOS DE MARCOS PAZ;47
2026;LIGA PROXIMO MASCULINO;Fase Regular;Torneo Reclasificatorio;RECLASIFICACION;OESTE;2B;7;03/05/2026;DEFENSORES DE SANTOS LUGARES;66;CEDEM;82
2026;LIGA PROXIMO MASCULINO;Fase Regular;Torneo Reclasificatorio;RECLASIFICACION;OESTE;2B;8;10/05/2026;DEFENSORES DE SANTOS LUGARES;78;SITAS A;85
2026;LIGA PROXIMO MASCULINO;Fase Regular;Torneo Reclasificatorio;RECLASIFICACION;OESTE;2B;8;10/05/2026;CEDEM;54;VELEZ SARSFIELD B;51
2026;LIGA PROXIMO MASCULINO;Fase Regular;Torneo Reclasificatorio;RECLASIFICACION;OESTE;2B;8;10/05/2026;UNITARIOS DE MARCOS PAZ;59;MORON B;46
2026;LIGA PROXIMO MASCULINO;Fase Regular;Torneo Reclasificatorio;RECLASIFICACION;OESTE;2B;8;10/05/2026;ESTUDIANTIL PORTEÑO B;69;PASO DEL REY;67
2026;LIGA PROXIMO MASCULINO;Fase Regular;Torneo Reclasificatorio;RECLASIFICACION;OESTE;2B;8;10/05/2026;DEFENSORES DE HURLINGHAM B;40;SAN MIGUEL A;36
2026;LIGA PROXIMO MASCULINO;Fase Regular;Torneo Reclasificatorio;RECLASIFICACION;OESTE;2B;9;17/05/2026;SITAS A;54;DEFENSORES DE HURLINGHAM B;51
2026;LIGA PROXIMO MASCULINO;Fase Regular;Torneo Reclasificatorio;RECLASIFICACION;OESTE;2B;9;17/05/2026;PASO DEL REY;78;UNITARIOS DE MARCOS PAZ;51
2026;LIGA PROXIMO MASCULINO;Fase Regular;Torneo Reclasificatorio;RECLASIFICACION;OESTE;2B;9;17/05/2026;MORON B;50;CEDEM;56
2026;LIGA PROXIMO MASCULINO;Fase Regular;Torneo Reclasificatorio;RECLASIFICACION;OESTE;2B;9;17/05/2026;VELEZ SARSFIELD B;82;DEFENSORES DE SANTOS LUGARES;56
2026;LIGA PROXIMO MASCULINO;Fase Regular;Torneo Reclasificatorio;RECLASIFICACION;OESTE;2B;10;24/05/2026;VELEZ SARSFIELD B;76;SITAS A;42
2026;LIGA PROXIMO MASCULINO;Fase Regular;Torneo Reclasificatorio;RECLASIFICACION;OESTE;2B;10;24/05/2026;MORON B;63;DEFENSORES DE SANTOS LUGARES;66
2026;LIGA PROXIMO MASCULINO;Fase Regular;Torneo Reclasificatorio;RECLASIFICACION;OESTE;2B;10;24/05/2026;PASO DEL REY;62;CEDEM;49
2026;LIGA PROXIMO MASCULINO;Fase Regular;Torneo Reclasificatorio;RECLASIFICACION;OESTE;2B;10;24/05/2026;SAN MIGUEL A;44;UNITARIOS DE MARCOS PAZ;59
2026;LIGA PROXIMO MASCULINO;Fase Regular;Torneo Reclasificatorio;RECLASIFICACION;OESTE;2B;10;24/05/2026;DEFENSORES DE HURLINGHAM B;34;ESTUDIANTIL PORTEÑO B;43
2026;LIGA PROXIMO MASCULINO;Fase Regular;Torneo Reclasificatorio;RECLASIFICACION;OESTE;3C;1;15/03/2026;HURACAN DE SAN JUSTO B;20;GIMNASIA Y ESGRIMA DE ITUZAINGO C;0
2026;LIGA PROXIMO MASCULINO;Fase Regular;Torneo Reclasificatorio;RECLASIFICACION;OESTE;3C;1;15/03/2026;EL PALOMAR;80;ARGENTINO DE CASTELAR C;27
2026;LIGA PROXIMO MASCULINO;Fase Regular;Torneo Reclasificatorio;RECLASIFICACION;OESTE;3C;1;15/03/2026;SPORTIVO HAEDO;63;MUNICIPALIDAD DE HURLINGHAM;23
2026;LIGA PROXIMO MASCULINO;Fase Regular;Torneo Reclasificatorio;RECLASIFICACION;OESTE;3C;1;15/03/2026;ITALIANO DE JOSE C PAZ;45;PORTEÑO ATHLETIC CLUB B;40
2026;LIGA PROXIMO MASCULINO;Fase Regular;Torneo Reclasificatorio;RECLASIFICACION;OESTE;3C;1;15/03/2026;CIUDADELA NORTE;49;C.A.S.A PADUA B;63
2026;LIGA PROXIMO MASCULINO;Fase Regular;Torneo Reclasificatorio;RECLASIFICACION;OESTE;3C;2;22/03/2026;CIUDADELA NORTE;87;HURACAN DE SAN JUSTO B;47
2026;LIGA PROXIMO MASCULINO;Fase Regular;Torneo Reclasificatorio;RECLASIFICACION;OESTE;3C;2;22/03/2026;C.A.S.A PADUA B;86;ITALIANO DE JOSE C PAZ;32
2026;LIGA PROXIMO MASCULINO;Fase Regular;Torneo Reclasificatorio;RECLASIFICACION;OESTE;3C;2;22/03/2026;PORTEÑO ATHLETIC CLUB B;34;SPORTIVO HAEDO;68
2026;LIGA PROXIMO MASCULINO;Fase Regular;Torneo Reclasificatorio;RECLASIFICACION;OESTE;3C;2;22/03/2026;MUNICIPALIDAD DE HURLINGHAM;35;EL PALOMAR;83
2026;LIGA PROXIMO MASCULINO;Fase Regular;Torneo Reclasificatorio;RECLASIFICACION;OESTE;3C;2;22/03/2026;ARGENTINO DE CASTELAR C;60;GIMNASIA Y ESGRIMA DE ITUZAINGO C;47
2026;LIGA PROXIMO MASCULINO;Fase Regular;Torneo Reclasificatorio;RECLASIFICACION;OESTE;3C;3;29/03/2026;HURACAN DE SAN JUSTO B;61;ARGENTINO DE CASTELAR C;64
2026;LIGA PROXIMO MASCULINO;Fase Regular;Torneo Reclasificatorio;RECLASIFICACION;OESTE;3C;3;29/03/2026;GIMNASIA Y ESGRIMA DE ITUZAINGO C;21;MUNICIPALIDAD DE HURLINGHAM;73
2026;LIGA PROXIMO MASCULINO;Fase Regular;Torneo Reclasificatorio;RECLASIFICACION;OESTE;3C;3;29/03/2026;EL PALOMAR;86;PORTEÑO ATHLETIC CLUB B;26
2026;LIGA PROXIMO MASCULINO;Fase Regular;Torneo Reclasificatorio;RECLASIFICACION;OESTE;3C;3;29/03/2026;SPORTIVO HAEDO;61;C.A.S.A PADUA B;57
2026;LIGA PROXIMO MASCULINO;Fase Regular;Torneo Reclasificatorio;RECLASIFICACION;OESTE;3C;3;29/03/2026;ITALIANO DE JOSE C PAZ;45;CIUDADELA NORTE;66
2026;LIGA PROXIMO MASCULINO;Fase Regular;Torneo Reclasificatorio;RECLASIFICACION;OESTE;3C;4;12/04/2026;ITALIANO DE JOSE C PAZ;46;HURACAN DE SAN JUSTO B;50
2026;LIGA PROXIMO MASCULINO;Fase Regular;Torneo Reclasificatorio;RECLASIFICACION;OESTE;3C;4;12/04/2026;CIUDADELA NORTE;79;SPORTIVO HAEDO;67
2026;LIGA PROXIMO MASCULINO;Fase Regular;Torneo Reclasificatorio;RECLASIFICACION;OESTE;3C;4;12/04/2026;C.A.S.A PADUA B;43;EL PALOMAR;50
2026;LIGA PROXIMO MASCULINO;Fase Regular;Torneo Reclasificatorio;RECLASIFICACION;OESTE;3C;4;12/04/2026;PORTEÑO ATHLETIC CLUB B;51;GIMNASIA Y ESGRIMA DE ITUZAINGO C;44
2026;LIGA PROXIMO MASCULINO;Fase Regular;Torneo Reclasificatorio;RECLASIFICACION;OESTE;3C;4;12/04/2026;MUNICIPALIDAD DE HURLINGHAM;57;ARGENTINO DE CASTELAR C;50
2026;LIGA PROXIMO MASCULINO;Fase Regular;Torneo Reclasificatorio;RECLASIFICACION;OESTE;3C;5;19/04/2026;HURACAN DE SAN JUSTO B;70;MUNICIPALIDAD DE HURLINGHAM;63
2026;LIGA PROXIMO MASCULINO;Fase Regular;Torneo Reclasificatorio;RECLASIFICACION;OESTE;3C;5;19/04/2026;ARGENTINO DE CASTELAR C;64;PORTEÑO ATHLETIC CLUB B;55
2026;LIGA PROXIMO MASCULINO;Fase Regular;Torneo Reclasificatorio;RECLASIFICACION;OESTE;3C;5;19/04/2026;GIMNASIA Y ESGRIMA DE ITUZAINGO C;41;C.A.S.A PADUA B;95
2026;LIGA PROXIMO MASCULINO;Fase Regular;Torneo Reclasificatorio;RECLASIFICACION;OESTE;3C;5;19/04/2026;EL PALOMAR;94;CIUDADELA NORTE;89
2026;LIGA PROXIMO MASCULINO;Fase Regular;Torneo Reclasificatorio;RECLASIFICACION;OESTE;3C;5;19/04/2026;SPORTIVO HAEDO;81;ITALIANO DE JOSE C PAZ;30
2026;LIGA PROXIMO MASCULINO;Fase Regular;Torneo Reclasificatorio;RECLASIFICACION;OESTE;3C;6;26/04/2026;SPORTIVO HAEDO;82;HURACAN DE SAN JUSTO B;58
2026;LIGA PROXIMO MASCULINO;Fase Regular;Torneo Reclasificatorio;RECLASIFICACION;OESTE;3C;6;26/04/2026;ITALIANO DE JOSE C PAZ;41;EL PALOMAR;70
2026;LIGA PROXIMO MASCULINO;Fase Regular;Torneo Reclasificatorio;RECLASIFICACION;OESTE;3C;6;26/04/2026;CIUDADELA NORTE;91;GIMNASIA Y ESGRIMA DE ITUZAINGO C;46
2026;LIGA PROXIMO MASCULINO;Fase Regular;Torneo Reclasificatorio;RECLASIFICACION;OESTE;3C;6;26/04/2026;C.A.S.A PADUA B;73;ARGENTINO DE CASTELAR C;39
2026;LIGA PROXIMO MASCULINO;Fase Regular;Torneo Reclasificatorio;RECLASIFICACION;OESTE;3C;6;26/04/2026;PORTEÑO ATHLETIC CLUB B;40;MUNICIPALIDAD DE HURLINGHAM;62
2026;LIGA PROXIMO MASCULINO;Fase Regular;Torneo Reclasificatorio;RECLASIFICACION;OESTE;3C;7;03/05/2026;HURACAN DE SAN JUSTO B;55;PORTEÑO ATHLETIC CLUB B;45
2026;LIGA PROXIMO MASCULINO;Fase Regular;Torneo Reclasificatorio;RECLASIFICACION;OESTE;3C;7;03/05/2026;MUNICIPALIDAD DE HURLINGHAM;48;C.A.S.A PADUA B;74
2026;LIGA PROXIMO MASCULINO;Fase Regular;Torneo Reclasificatorio;RECLASIFICACION;OESTE;3C;7;03/05/2026;ARGENTINO DE CASTELAR C;40;CIUDADELA NORTE;68
2026;LIGA PROXIMO MASCULINO;Fase Regular;Torneo Reclasificatorio;RECLASIFICACION;OESTE;3C;7;03/05/2026;GIMNASIA Y ESGRIMA DE ITUZAINGO C;61;ITALIANO DE JOSE C PAZ;59
2026;LIGA PROXIMO MASCULINO;Fase Regular;Torneo Reclasificatorio;RECLASIFICACION;OESTE;3C;7;03/05/2026;EL PALOMAR;57;SPORTIVO HAEDO;38
2026;LIGA PROXIMO MASCULINO;Fase Regular;Torneo Reclasificatorio;RECLASIFICACION;OESTE;3C;8;10/05/2026;EL PALOMAR;96;HURACAN DE SAN JUSTO B;59
2026;LIGA PROXIMO MASCULINO;Fase Regular;Torneo Reclasificatorio;RECLASIFICACION;OESTE;3C;8;10/05/2026;SPORTIVO HAEDO;73;GIMNASIA Y ESGRIMA DE ITUZAINGO C;40
2026;LIGA PROXIMO MASCULINO;Fase Regular;Torneo Reclasificatorio;RECLASIFICACION;OESTE;3C;8;10/05/2026;ITALIANO DE JOSE C PAZ;31;ARGENTINO DE CASTELAR C;37
2026;LIGA PROXIMO MASCULINO;Fase Regular;Torneo Reclasificatorio;RECLASIFICACION;OESTE;3C;8;10/05/2026;CIUDADELA NORTE;80;MUNICIPALIDAD DE HURLINGHAM;44
2026;LIGA PROXIMO MASCULINO;Fase Regular;Torneo Reclasificatorio;RECLASIFICACION;OESTE;3C;8;10/05/2026;C.A.S.A PADUA B;75;PORTEÑO ATHLETIC CLUB B;32
2026;LIGA PROXIMO MASCULINO;Fase Regular;Torneo Reclasificatorio;RECLASIFICACION;OESTE;3C;9;17/05/2026;HURACAN DE SAN JUSTO B;39;C.A.S.A PADUA B;80
2026;LIGA PROXIMO MASCULINO;Fase Regular;Torneo Reclasificatorio;RECLASIFICACION;OESTE;3C;9;17/05/2026;PORTEÑO ATHLETIC CLUB B;40;CIUDADELA NORTE;92
2026;LIGA PROXIMO MASCULINO;Fase Regular;Torneo Reclasificatorio;RECLASIFICACION;OESTE;3C;9;17/05/2026;MUNICIPALIDAD DE HURLINGHAM;60;ITALIANO DE JOSE C PAZ;45
2026;LIGA PROXIMO MASCULINO;Fase Regular;Torneo Reclasificatorio;RECLASIFICACION;OESTE;3C;9;17/05/2026;ARGENTINO DE CASTELAR C;32;SPORTIVO HAEDO;48
2026;LIGA PROXIMO MASCULINO;Fase Regular;Torneo Reclasificatorio;RECLASIFICACION;OESTE;3C;9;17/05/2026;GIMNASIA Y ESGRIMA DE ITUZAINGO C;45;EL PALOMAR;96
2026;LIGA PROXIMO MASCULINO;Fase Regular;Torneo Reclasificatorio;RECLASIFICACION;OESTE;3C;10;24/05/2026;GIMNASIA Y ESGRIMA DE ITUZAINGO C;52;HURACAN DE SAN JUSTO B;46
2026;LIGA PROXIMO MASCULINO;Fase Regular;Torneo Reclasificatorio;RECLASIFICACION;OESTE;3C;10;24/05/2026;ARGENTINO DE CASTELAR C;43;EL PALOMAR;66
2026;LIGA PROXIMO MASCULINO;Fase Regular;Torneo Reclasificatorio;RECLASIFICACION;OESTE;3C;10;24/05/2026;MUNICIPALIDAD DE HURLINGHAM;47;SPORTIVO HAEDO;52
2026;LIGA PROXIMO MASCULINO;Fase Regular;Torneo Reclasificatorio;RECLASIFICACION;OESTE;3C;10;24/05/2026;PORTEÑO ATHLETIC CLUB B;46;ITALIANO DE JOSE C PAZ;42
2026;LIGA PROXIMO MASCULINO;Fase Regular;Torneo Reclasificatorio;RECLASIFICACION;OESTE;3C;10;24/05/2026;C.A.S.A PADUA B;74;CIUDADELA NORTE;56
2026;LIGA PROXIMO MASCULINO;Fase Regular;Torneo Reclasificatorio;RECLASIFICACION;SUR;2A;1;15/03/2026;LA UNION;69;LANUS B;81
2026;LIGA PROXIMO MASCULINO;Fase Regular;Torneo Reclasificatorio;RECLASIFICACION;SUR;2A;1;15/03/2026;CLUB ATLETICO PAMPERO;81;TAMBEROS UNIDOS;71
2026;LIGA PROXIMO MASCULINO;Fase Regular;Torneo Reclasificatorio;RECLASIFICACION;SUR;2A;1;15/03/2026;CLUB ATLETICO BERNAL;78;GUILLON BASQUET;57
2026;LIGA PROXIMO MASCULINO;Fase Regular;Torneo Reclasificatorio;RECLASIFICACION;SUR;2A;2;22/03/2026;GUILLON BASQUET;68;CLUB ATLETICO PAMPERO;58
2026;LIGA PROXIMO MASCULINO;Fase Regular;Torneo Reclasificatorio;RECLASIFICACION;SUR;2A;2;22/03/2026;TAMBEROS UNIDOS;50;LA UNION;69
2026;LIGA PROXIMO MASCULINO;Fase Regular;Torneo Reclasificatorio;RECLASIFICACION;SUR;2A;2;22/03/2026;LANUS B;60;JUVENTUD UNIDA;56
2026;LIGA PROXIMO MASCULINO;Fase Regular;Torneo Reclasificatorio;RECLASIFICACION;SUR;2A;3;29/03/2026;JUVENTUD UNIDA;60;TAMBEROS UNIDOS;62
2026;LIGA PROXIMO MASCULINO;Fase Regular;Torneo Reclasificatorio;RECLASIFICACION;SUR;2A;3;29/03/2026;LA UNION;65;GUILLON BASQUET;75
2026;LIGA PROXIMO MASCULINO;Fase Regular;Torneo Reclasificatorio;RECLASIFICACION;SUR;2A;3;29/03/2026;CLUB ATLETICO PAMPERO;48;CLUB ATLETICO BERNAL;66
2026;LIGA PROXIMO MASCULINO;Fase Regular;Torneo Reclasificatorio;RECLASIFICACION;SUR;2A;4;12/04/2026;CLUB ATLETICO BERNAL;88;LA UNION;53
2026;LIGA PROXIMO MASCULINO;Fase Regular;Torneo Reclasificatorio;RECLASIFICACION;SUR;2A;4;12/04/2026;GUILLON BASQUET;73;JUVENTUD UNIDA;53
2026;LIGA PROXIMO MASCULINO;Fase Regular;Torneo Reclasificatorio;RECLASIFICACION;SUR;2A;4;12/04/2026;TAMBEROS UNIDOS;64;LANUS B;68
2026;LIGA PROXIMO MASCULINO;Fase Regular;Torneo Reclasificatorio;RECLASIFICACION;SUR;2A;5;19/04/2026;LANUS B;47;GUILLON BASQUET;55
2026;LIGA PROXIMO MASCULINO;Fase Regular;Torneo Reclasificatorio;RECLASIFICACION;SUR;2A;5;19/04/2026;JUVENTUD UNIDA;59;CLUB ATLETICO BERNAL;92
2026;LIGA PROXIMO MASCULINO;Fase Regular;Torneo Reclasificatorio;RECLASIFICACION;SUR;2A;5;19/04/2026;LA UNION;74;CLUB ATLETICO PAMPERO;75
2026;LIGA PROXIMO MASCULINO;Fase Regular;Torneo Reclasificatorio;RECLASIFICACION;SUR;2A;6;26/04/2026;CLUB ATLETICO PAMPERO;69;JUVENTUD UNIDA;61
2026;LIGA PROXIMO MASCULINO;Fase Regular;Torneo Reclasificatorio;RECLASIFICACION;SUR;2A;6;26/04/2026;CLUB ATLETICO BERNAL;76;LANUS B;48
2026;LIGA PROXIMO MASCULINO;Fase Regular;Torneo Reclasificatorio;RECLASIFICACION;SUR;2A;6;26/04/2026;GUILLON BASQUET;69;TAMBEROS UNIDOS;50
2026;LIGA PROXIMO MASCULINO;Fase Regular;Torneo Reclasificatorio;RECLASIFICACION;SUR;2A;7;03/05/2026;TAMBEROS UNIDOS;66;CLUB ATLETICO BERNAL;84
2026;LIGA PROXIMO MASCULINO;Fase Regular;Torneo Reclasificatorio;RECLASIFICACION;SUR;2A;7;03/05/2026;LANUS B;66;CLUB ATLETICO PAMPERO;58
2026;LIGA PROXIMO MASCULINO;Fase Regular;Torneo Reclasificatorio;RECLASIFICACION;SUR;2A;7;03/05/2026;JUVENTUD UNIDA;73;LA UNION;63
2026;LIGA PROXIMO MASCULINO;Fase Regular;Torneo Reclasificatorio;RECLASIFICACION;SUR;2A;8;10/05/2026;LANUS B;64;LA UNION;46
2026;LIGA PROXIMO MASCULINO;Fase Regular;Torneo Reclasificatorio;RECLASIFICACION;SUR;2A;8;10/05/2026;TAMBEROS UNIDOS;59;CLUB ATLETICO PAMPERO;68
2026;LIGA PROXIMO MASCULINO;Fase Regular;Torneo Reclasificatorio;RECLASIFICACION;SUR;2A;8;10/05/2026;GUILLON BASQUET;44;CLUB ATLETICO BERNAL;61
2026;LIGA PROXIMO MASCULINO;Fase Regular;Torneo Reclasificatorio;RECLASIFICACION;SUR;2A;9;17/05/2026;CLUB ATLETICO PAMPERO;52;GUILLON BASQUET;58
2026;LIGA PROXIMO MASCULINO;Fase Regular;Torneo Reclasificatorio;RECLASIFICACION;SUR;2A;9;17/05/2026;LA UNION;88;TAMBEROS UNIDOS;69
2026;LIGA PROXIMO MASCULINO;Fase Regular;Torneo Reclasificatorio;RECLASIFICACION;SUR;2A;9;17/05/2026;JUVENTUD UNIDA;50;LANUS B;72
2026;LIGA PROXIMO MASCULINO;Fase Regular;Torneo Reclasificatorio;RECLASIFICACION;SUR;2A;10;24/05/2026;TAMBEROS UNIDOS;62;JUVENTUD UNIDA;50
2026;LIGA PROXIMO MASCULINO;Fase Regular;Torneo Reclasificatorio;RECLASIFICACION;SUR;2A;10;24/05/2026;GUILLON BASQUET;60;LA UNION;51
2026;LIGA PROXIMO MASCULINO;Fase Regular;Torneo Reclasificatorio;RECLASIFICACION;SUR;2A;10;24/05/2026;CLUB ATLETICO BERNAL;70;CLUB ATLETICO PAMPERO;53
2026;LIGA PROXIMO MASCULINO;Fase Regular;Torneo Reclasificatorio;RECLASIFICACION;SUR;2B;1;15/03/2026;DEFENSORES DE GLEW;98;COUNTRY BANFIELD B;18
2026;LIGA PROXIMO MASCULINO;Fase Regular;Torneo Reclasificatorio;RECLASIFICACION;SUR;2B;1;15/03/2026;LUZ Y ARTE;113;CLUB ATLETICO 9 DE JULIO DE LANUS;42
2026;LIGA PROXIMO MASCULINO;Fase Regular;Torneo Reclasificatorio;RECLASIFICACION;SUR;2B;1;15/03/2026;MORENO DE QUILMES;95;CLUB  ATLETICO Y PROGRESO DE BRANDSEN;48
2026;LIGA PROXIMO MASCULINO;Fase Regular;Torneo Reclasificatorio;RECLASIFICACION;SUR;2B;1;15/03/2026;COOPERARIOS;52;TALLERES;66
2026;LIGA PROXIMO MASCULINO;Fase Regular;Torneo Reclasificatorio;RECLASIFICACION;SUR;2B;1;15/03/2026;DEFENSORES DE BANFIELD;86;MONTE GRANDE B;20
2026;LIGA PROXIMO MASCULINO;Fase Regular;Torneo Reclasificatorio;RECLASIFICACION;SUR;2B;2;22/03/2026;DEFENSORES DE BANFIELD;49;DEFENSORES DE GLEW;58
2026;LIGA PROXIMO MASCULINO;Fase Regular;Torneo Reclasificatorio;RECLASIFICACION;SUR;2B;2;22/03/2026;MONTE GRANDE B;39;COOPERARIOS;69
2026;LIGA PROXIMO MASCULINO;Fase Regular;Torneo Reclasificatorio;RECLASIFICACION;SUR;2B;2;22/03/2026;TALLERES;66;MORENO DE QUILMES;72
2026;LIGA PROXIMO MASCULINO;Fase Regular;Torneo Reclasificatorio;RECLASIFICACION;SUR;2B;2;22/03/2026;CLUB  ATLETICO Y PROGRESO DE BRANDSEN;52;LUZ Y ARTE;104
2026;LIGA PROXIMO MASCULINO;Fase Regular;Torneo Reclasificatorio;RECLASIFICACION;SUR;2B;2;22/03/2026;CLUB ATLETICO 9 DE JULIO DE LANUS;43;COUNTRY BANFIELD B;38
2026;LIGA PROXIMO MASCULINO;Fase Regular;Torneo Reclasificatorio;RECLASIFICACION;SUR;2B;3;29/03/2026;DEFENSORES DE GLEW;85;CLUB ATLETICO 9 DE JULIO DE LANUS;23
2026;LIGA PROXIMO MASCULINO;Fase Regular;Torneo Reclasificatorio;RECLASIFICACION;SUR;2B;3;29/03/2026;COUNTRY BANFIELD B;29;CLUB  ATLETICO Y PROGRESO DE BRANDSEN;91
2026;LIGA PROXIMO MASCULINO;Fase Regular;Torneo Reclasificatorio;RECLASIFICACION;SUR;2B;3;29/03/2026;LUZ Y ARTE;55;TALLERES;65
2026;LIGA PROXIMO MASCULINO;Fase Regular;Torneo Reclasificatorio;RECLASIFICACION;SUR;2B;3;29/03/2026;MORENO DE QUILMES;95;MONTE GRANDE B;41
2026;LIGA PROXIMO MASCULINO;Fase Regular;Torneo Reclasificatorio;RECLASIFICACION;SUR;2B;3;29/03/2026;COOPERARIOS;87;DEFENSORES DE BANFIELD;56
2026;LIGA PROXIMO MASCULINO;Fase Regular;Torneo Reclasificatorio;RECLASIFICACION;SUR;2B;4;12/04/2026;COOPERARIOS;71;DEFENSORES DE GLEW;80
2026;LIGA PROXIMO MASCULINO;Fase Regular;Torneo Reclasificatorio;RECLASIFICACION;SUR;2B;4;12/04/2026;DEFENSORES DE BANFIELD;28;MORENO DE QUILMES;62
2026;LIGA PROXIMO MASCULINO;Fase Regular;Torneo Reclasificatorio;RECLASIFICACION;SUR;2B;4;12/04/2026;MONTE GRANDE B;32;LUZ Y ARTE;81
2026;LIGA PROXIMO MASCULINO;Fase Regular;Torneo Reclasificatorio;RECLASIFICACION;SUR;2B;4;12/04/2026;TALLERES;69;COUNTRY BANFIELD B;15
2026;LIGA PROXIMO MASCULINO;Fase Regular;Torneo Reclasificatorio;RECLASIFICACION;SUR;2B;4;12/04/2026;CLUB  ATLETICO Y PROGRESO DE BRANDSEN;79;CLUB ATLETICO 9 DE JULIO DE LANUS;30
2026;LIGA PROXIMO MASCULINO;Fase Regular;Torneo Reclasificatorio;RECLASIFICACION;SUR;2B;5;19/04/2026;DEFENSORES DE GLEW;82;CLUB  ATLETICO Y PROGRESO DE BRANDSEN;41
2026;LIGA PROXIMO MASCULINO;Fase Regular;Torneo Reclasificatorio;RECLASIFICACION;SUR;2B;5;19/04/2026;CLUB ATLETICO 9 DE JULIO DE LANUS;31;TALLERES;91
2026;LIGA PROXIMO MASCULINO;Fase Regular;Torneo Reclasificatorio;RECLASIFICACION;SUR;2B;5;19/04/2026;COUNTRY BANFIELD B;49;MONTE GRANDE B;90
2026;LIGA PROXIMO MASCULINO;Fase Regular;Torneo Reclasificatorio;RECLASIFICACION;SUR;2B;5;19/04/2026;LUZ Y ARTE;73;DEFENSORES DE BANFIELD;43
2026;LIGA PROXIMO MASCULINO;Fase Regular;Torneo Reclasificatorio;RECLASIFICACION;SUR;2B;5;19/04/2026;MORENO DE QUILMES;71;COOPERARIOS;50
2026;LIGA PROXIMO MASCULINO;Fase Regular;Torneo Reclasificatorio;RECLASIFICACION;SUR;2B;6;26/04/2026;MORENO DE QUILMES;60;DEFENSORES DE GLEW;63
2026;LIGA PROXIMO MASCULINO;Fase Regular;Torneo Reclasificatorio;RECLASIFICACION;SUR;2B;6;26/04/2026;COOPERARIOS;67;LUZ Y ARTE;70
2026;LIGA PROXIMO MASCULINO;Fase Regular;Torneo Reclasificatorio;RECLASIFICACION;SUR;2B;6;26/04/2026;DEFENSORES DE BANFIELD;67;COUNTRY BANFIELD B;27
2026;LIGA PROXIMO MASCULINO;Fase Regular;Torneo Reclasificatorio;RECLASIFICACION;SUR;2B;6;26/04/2026;MONTE GRANDE B;70;CLUB ATLETICO 9 DE JULIO DE LANUS;51
2026;LIGA PROXIMO MASCULINO;Fase Regular;Torneo Reclasificatorio;RECLASIFICACION;SUR;2B;6;26/04/2026;TALLERES;85;CLUB  ATLETICO Y PROGRESO DE BRANDSEN;40
2026;LIGA PROXIMO MASCULINO;Fase Regular;Torneo Reclasificatorio;RECLASIFICACION;SUR;2B;7;03/05/2026;DEFENSORES DE GLEW;73;TALLERES;62
2026;LIGA PROXIMO MASCULINO;Fase Regular;Torneo Reclasificatorio;RECLASIFICACION;SUR;2B;7;03/05/2026;CLUB  ATLETICO Y PROGRESO DE BRANDSEN;57;MONTE GRANDE B;55
2026;LIGA PROXIMO MASCULINO;Fase Regular;Torneo Reclasificatorio;RECLASIFICACION;SUR;2B;7;03/05/2026;CLUB ATLETICO 9 DE JULIO DE LANUS;34;DEFENSORES DE BANFIELD;53
2026;LIGA PROXIMO MASCULINO;Fase Regular;Torneo Reclasificatorio;RECLASIFICACION;SUR;2B;7;03/05/2026;COUNTRY BANFIELD B;30;COOPERARIOS;77
2026;LIGA PROXIMO MASCULINO;Fase Regular;Torneo Reclasificatorio;RECLASIFICACION;SUR;2B;7;03/05/2026;LUZ Y ARTE;76;MORENO DE QUILMES;73
2026;LIGA PROXIMO MASCULINO;Fase Regular;Torneo Reclasificatorio;RECLASIFICACION;SUR;2B;8;10/05/2026;LUZ Y ARTE;65;DEFENSORES DE GLEW;71
2026;LIGA PROXIMO MASCULINO;Fase Regular;Torneo Reclasificatorio;RECLASIFICACION;SUR;2B;8;10/05/2026;MORENO DE QUILMES;98;COUNTRY BANFIELD B;28
2026;LIGA PROXIMO MASCULINO;Fase Regular;Torneo Reclasificatorio;RECLASIFICACION;SUR;2B;8;10/05/2026;COOPERARIOS;84;CLUB ATLETICO 9 DE JULIO DE LANUS;29
2026;LIGA PROXIMO MASCULINO;Fase Regular;Torneo Reclasificatorio;RECLASIFICACION;SUR;2B;8;10/05/2026;DEFENSORES DE BANFIELD;67;CLUB  ATLETICO Y PROGRESO DE BRANDSEN;62
2026;LIGA PROXIMO MASCULINO;Fase Regular;Torneo Reclasificatorio;RECLASIFICACION;SUR;2B;8;10/05/2026;MONTE GRANDE B;58;TALLERES;82
2026;LIGA PROXIMO MASCULINO;Fase Regular;Torneo Reclasificatorio;RECLASIFICACION;SUR;2B;9;17/05/2026;DEFENSORES DE GLEW;97;MONTE GRANDE B;47
2026;LIGA PROXIMO MASCULINO;Fase Regular;Torneo Reclasificatorio;RECLASIFICACION;SUR;2B;9;17/05/2026;TALLERES;65;DEFENSORES DE BANFIELD;57
2026;LIGA PROXIMO MASCULINO;Fase Regular;Torneo Reclasificatorio;RECLASIFICACION;SUR;2B;9;17/05/2026;CLUB  ATLETICO Y PROGRESO DE BRANDSEN;52;COOPERARIOS;83
2026;LIGA PROXIMO MASCULINO;Fase Regular;Torneo Reclasificatorio;RECLASIFICACION;SUR;2B;9;17/05/2026;CLUB ATLETICO 9 DE JULIO DE LANUS;29;MORENO DE QUILMES;78
2026;LIGA PROXIMO MASCULINO;Fase Regular;Torneo Reclasificatorio;RECLASIFICACION;SUR;2B;9;17/05/2026;COUNTRY BANFIELD B;37;LUZ Y ARTE;91
2026;LIGA PROXIMO MASCULINO;Fase Regular;Torneo Reclasificatorio;RECLASIFICACION;SUR;2B;10;24/05/2026;COUNTRY BANFIELD B;20;DEFENSORES DE GLEW;105
2026;LIGA PROXIMO MASCULINO;Fase Regular;Torneo Reclasificatorio;RECLASIFICACION;SUR;2B;10;24/05/2026;CLUB ATLETICO 9 DE JULIO DE LANUS;40;LUZ Y ARTE;92
2026;LIGA PROXIMO MASCULINO;Fase Regular;Torneo Reclasificatorio;RECLASIFICACION;SUR;2B;10;24/05/2026;CLUB  ATLETICO Y PROGRESO DE BRANDSEN;59;MORENO DE QUILMES;79
2026;LIGA PROXIMO MASCULINO;Fase Regular;Torneo Reclasificatorio;RECLASIFICACION;SUR;2B;10;24/05/2026;TALLERES;65;COOPERARIOS;71
2026;LIGA PROXIMO MASCULINO;Fase Regular;Torneo Reclasificatorio;RECLASIFICACION;SUR;2B;10;24/05/2026;MONTE GRANDE B;50;DEFENSORES DE BANFIELD;72
2026;LIGA PROXIMO MASCULINO;Fase Regular;Torneo Reclasificatorio;RECLASIFICACION;SUR;2C;1;15/03/2026;CLUB EL FOGON;78;TAPONAZO  FUTBOL CLUB;57
2026;LIGA PROXIMO MASCULINO;Fase Regular;Torneo Reclasificatorio;RECLASIFICACION;SUR;2C;1;15/03/2026;VILLA ESPAÑA;69;SOCIAL LANUS;76
2026;LIGA PROXIMO MASCULINO;Fase Regular;Torneo Reclasificatorio;RECLASIFICACION;SUR;2C;1;15/03/2026;BERAZATEGUI;84;GIMNASIA y ESGRIMA DE LOMAS DE ZAMORA B;86
2026;LIGA PROXIMO MASCULINO;Fase Regular;Torneo Reclasificatorio;RECLASIFICACION;SUR;2C;1;15/03/2026;SPORTIVO ALSINA;71;COLON FC;72
2026;LIGA PROXIMO MASCULINO;Fase Regular;Torneo Reclasificatorio;RECLASIFICACION;SUR;2C;1;15/03/2026;MUNICIPALIDAD DE AVELLANEDA;76;GIMNASIA Y ESGRIMA DE LA PLATA B;60
2026;LIGA PROXIMO MASCULINO;Fase Regular;Torneo Reclasificatorio;RECLASIFICACION;SUR;2C;2;22/03/2026;MUNICIPALIDAD DE AVELLANEDA;70;CLUB EL FOGON;69
2026;LIGA PROXIMO MASCULINO;Fase Regular;Torneo Reclasificatorio;RECLASIFICACION;SUR;2C;2;22/03/2026;GIMNASIA Y ESGRIMA DE LA PLATA B;39;SPORTIVO ALSINA;74
2026;LIGA PROXIMO MASCULINO;Fase Regular;Torneo Reclasificatorio;RECLASIFICACION;SUR;2C;2;22/03/2026;COLON FC;64;BERAZATEGUI;80
2026;LIGA PROXIMO MASCULINO;Fase Regular;Torneo Reclasificatorio;RECLASIFICACION;SUR;2C;2;22/03/2026;GIMNASIA y ESGRIMA DE LOMAS DE ZAMORA B;82;VILLA ESPAÑA;80
2026;LIGA PROXIMO MASCULINO;Fase Regular;Torneo Reclasificatorio;RECLASIFICACION;SUR;2C;2;22/03/2026;SOCIAL LANUS;70;TAPONAZO  FUTBOL CLUB;54
2026;LIGA PROXIMO MASCULINO;Fase Regular;Torneo Reclasificatorio;RECLASIFICACION;SUR;2C;3;29/03/2026;CLUB EL FOGON;50;SOCIAL LANUS;52
2026;LIGA PROXIMO MASCULINO;Fase Regular;Torneo Reclasificatorio;RECLASIFICACION;SUR;2C;3;29/03/2026;TAPONAZO  FUTBOL CLUB;63;GIMNASIA y ESGRIMA DE LOMAS DE ZAMORA B;86
2026;LIGA PROXIMO MASCULINO;Fase Regular;Torneo Reclasificatorio;RECLASIFICACION;SUR;2C;3;29/03/2026;VILLA ESPAÑA;68;COLON FC;78
2026;LIGA PROXIMO MASCULINO;Fase Regular;Torneo Reclasificatorio;RECLASIFICACION;SUR;2C;3;29/03/2026;BERAZATEGUI;75;GIMNASIA Y ESGRIMA DE LA PLATA B;40
2026;LIGA PROXIMO MASCULINO;Fase Regular;Torneo Reclasificatorio;RECLASIFICACION;SUR;2C;3;29/03/2026;SPORTIVO ALSINA;88;MUNICIPALIDAD DE AVELLANEDA;67
2026;LIGA PROXIMO MASCULINO;Fase Regular;Torneo Reclasificatorio;RECLASIFICACION;SUR;2C;4;12/04/2026;SPORTIVO ALSINA;72;CLUB EL FOGON;62
2026;LIGA PROXIMO MASCULINO;Fase Regular;Torneo Reclasificatorio;RECLASIFICACION;SUR;2C;4;12/04/2026;MUNICIPALIDAD DE AVELLANEDA;36;BERAZATEGUI;63
2026;LIGA PROXIMO MASCULINO;Fase Regular;Torneo Reclasificatorio;RECLASIFICACION;SUR;2C;4;12/04/2026;GIMNASIA Y ESGRIMA DE LA PLATA B;51;VILLA ESPAÑA;70
2026;LIGA PROXIMO MASCULINO;Fase Regular;Torneo Reclasificatorio;RECLASIFICACION;SUR;2C;4;12/04/2026;COLON FC;72;TAPONAZO  FUTBOL CLUB;55
2026;LIGA PROXIMO MASCULINO;Fase Regular;Torneo Reclasificatorio;RECLASIFICACION;SUR;2C;4;12/04/2026;GIMNASIA y ESGRIMA DE LOMAS DE ZAMORA B;98;SOCIAL LANUS;55
2026;LIGA PROXIMO MASCULINO;Fase Regular;Torneo Reclasificatorio;RECLASIFICACION;SUR;2C;5;19/04/2026;CLUB EL FOGON;74;GIMNASIA y ESGRIMA DE LOMAS DE ZAMORA B;85
2026;LIGA PROXIMO MASCULINO;Fase Regular;Torneo Reclasificatorio;RECLASIFICACION;SUR;2C;5;19/04/2026;SOCIAL LANUS;52;COLON FC;44
2026;LIGA PROXIMO MASCULINO;Fase Regular;Torneo Reclasificatorio;RECLASIFICACION;SUR;2C;5;19/04/2026;TAPONAZO  FUTBOL CLUB;73;GIMNASIA Y ESGRIMA DE LA PLATA B;54
2026;LIGA PROXIMO MASCULINO;Fase Regular;Torneo Reclasificatorio;RECLASIFICACION;SUR;2C;5;19/04/2026;VILLA ESPAÑA;70;MUNICIPALIDAD DE AVELLANEDA;56
2026;LIGA PROXIMO MASCULINO;Fase Regular;Torneo Reclasificatorio;RECLASIFICACION;SUR;2C;5;19/04/2026;BERAZATEGUI;71;SPORTIVO ALSINA;48
2026;LIGA PROXIMO MASCULINO;Fase Regular;Torneo Reclasificatorio;RECLASIFICACION;SUR;2C;6;26/04/2026;BERAZATEGUI;68;CLUB EL FOGON;58
2026;LIGA PROXIMO MASCULINO;Fase Regular;Torneo Reclasificatorio;RECLASIFICACION;SUR;2C;6;26/04/2026;SPORTIVO ALSINA;87;VILLA ESPAÑA;70
2026;LIGA PROXIMO MASCULINO;Fase Regular;Torneo Reclasificatorio;RECLASIFICACION;SUR;2C;6;26/04/2026;MUNICIPALIDAD DE AVELLANEDA;53;TAPONAZO  FUTBOL CLUB;44
2026;LIGA PROXIMO MASCULINO;Fase Regular;Torneo Reclasificatorio;RECLASIFICACION;SUR;2C;6;26/04/2026;GIMNASIA Y ESGRIMA DE LA PLATA B;30;SOCIAL LANUS;66
2026;LIGA PROXIMO MASCULINO;Fase Regular;Torneo Reclasificatorio;RECLASIFICACION;SUR;2C;6;26/04/2026;COLON FC;56;GIMNASIA y ESGRIMA DE LOMAS DE ZAMORA B;84
2026;LIGA PROXIMO MASCULINO;Fase Regular;Torneo Reclasificatorio;RECLASIFICACION;SUR;2C;7;03/05/2026;CLUB EL FOGON;73;COLON FC;62
2026;LIGA PROXIMO MASCULINO;Fase Regular;Torneo Reclasificatorio;RECLASIFICACION;SUR;2C;7;03/05/2026;GIMNASIA y ESGRIMA DE LOMAS DE ZAMORA B;100;GIMNASIA Y ESGRIMA DE LA PLATA B;44
2026;LIGA PROXIMO MASCULINO;Fase Regular;Torneo Reclasificatorio;RECLASIFICACION;SUR;2C;7;03/05/2026;SOCIAL LANUS;94;MUNICIPALIDAD DE AVELLANEDA;44
2026;LIGA PROXIMO MASCULINO;Fase Regular;Torneo Reclasificatorio;RECLASIFICACION;SUR;2C;7;03/05/2026;TAPONAZO  FUTBOL CLUB;46;SPORTIVO ALSINA;50
2026;LIGA PROXIMO MASCULINO;Fase Regular;Torneo Reclasificatorio;RECLASIFICACION;SUR;2C;7;03/05/2026;VILLA ESPAÑA;56;BERAZATEGUI;76
2026;LIGA PROXIMO MASCULINO;Fase Regular;Torneo Reclasificatorio;RECLASIFICACION;SUR;2C;8;10/05/2026;VILLA ESPAÑA;90;CLUB EL FOGON;76
2026;LIGA PROXIMO MASCULINO;Fase Regular;Torneo Reclasificatorio;RECLASIFICACION;SUR;2C;8;10/05/2026;BERAZATEGUI;89;TAPONAZO  FUTBOL CLUB;41
2026;LIGA PROXIMO MASCULINO;Fase Regular;Torneo Reclasificatorio;RECLASIFICACION;SUR;2C;8;10/05/2026;SPORTIVO ALSINA;48;SOCIAL LANUS;66
2026;LIGA PROXIMO MASCULINO;Fase Regular;Torneo Reclasificatorio;RECLASIFICACION;SUR;2C;8;10/05/2026;MUNICIPALIDAD DE AVELLANEDA;51;GIMNASIA y ESGRIMA DE LOMAS DE ZAMORA B;74
2026;LIGA PROXIMO MASCULINO;Fase Regular;Torneo Reclasificatorio;RECLASIFICACION;SUR;2C;8;10/05/2026;GIMNASIA Y ESGRIMA DE LA PLATA B;66;COLON FC;65
2026;LIGA PROXIMO MASCULINO;Fase Regular;Torneo Reclasificatorio;RECLASIFICACION;SUR;2C;9;17/05/2026;CLUB EL FOGON;82;GIMNASIA Y ESGRIMA DE LA PLATA B;52
2026;LIGA PROXIMO MASCULINO;Fase Regular;Torneo Reclasificatorio;RECLASIFICACION;SUR;2C;9;17/05/2026;COLON FC;74;MUNICIPALIDAD DE AVELLANEDA;44
2026;LIGA PROXIMO MASCULINO;Fase Regular;Torneo Reclasificatorio;RECLASIFICACION;SUR;2C;9;17/05/2026;GIMNASIA y ESGRIMA DE LOMAS DE ZAMORA B;71;SPORTIVO ALSINA;65
2026;LIGA PROXIMO MASCULINO;Fase Regular;Torneo Reclasificatorio;RECLASIFICACION;SUR;2C;9;17/05/2026;SOCIAL LANUS;49;BERAZATEGUI;61
2026;LIGA PROXIMO MASCULINO;Fase Regular;Torneo Reclasificatorio;RECLASIFICACION;SUR;2C;9;17/05/2026;TAPONAZO  FUTBOL CLUB;62;VILLA ESPAÑA;63
2026;LIGA PROXIMO MASCULINO;Fase Regular;Torneo Reclasificatorio;RECLASIFICACION;SUR;2C;10;24/05/2026;TAPONAZO  FUTBOL CLUB;44;CLUB EL FOGON;47
2026;LIGA PROXIMO MASCULINO;Fase Regular;Torneo Reclasificatorio;RECLASIFICACION;SUR;2C;10;24/05/2026;SOCIAL LANUS;71;VILLA ESPAÑA;69
2026;LIGA PROXIMO MASCULINO;Fase Regular;Torneo Reclasificatorio;RECLASIFICACION;SUR;2C;10;24/05/2026;GIMNASIA y ESGRIMA DE LOMAS DE ZAMORA B;83;BERAZATEGUI;86
2026;LIGA PROXIMO MASCULINO;Fase Regular;Torneo Reclasificatorio;RECLASIFICACION;SUR;2C;10;24/05/2026;COLON FC;46;SPORTIVO ALSINA;63
2026;LIGA PROXIMO MASCULINO;Fase Regular;Torneo Reclasificatorio;RECLASIFICACION;SUR;2C;10;24/05/2026;GIMNASIA Y ESGRIMA DE LA PLATA B;33;MUNICIPALIDAD DE AVELLANEDA;50
2026;JUVENILES MASCULINO;Fase Regular;Torneo Clasificacion;CLASIFICACION;NORTE;1A;1;15/03/2026;SPORTIVO PILAR A;70;PLATENSE A;49
2026;JUVENILES MASCULINO;Fase Regular;Torneo Clasificacion;CLASIFICACION;NORTE;1A;1;15/03/2026;EL TALAR;56;SPORTIVO ESCOBAR;76
2026;JUVENILES MASCULINO;Fase Regular;Torneo Clasificacion;CLASIFICACION;NORTE;1A;1;15/03/2026;CAZA Y PESCA A;59;PRESIDENTE DERQUI;72
2026;JUVENILES MASCULINO;Fase Regular;Torneo Clasificacion;CLASIFICACION;NORTE;1A;1;15/03/2026;SAN FERNANDO A;83;CLUB ATLETICO PILAR;86
2026;JUVENILES MASCULINO;Fase Regular;Torneo Clasificacion;CLASIFICACION;NORTE;1A;2;22/03/2026;SAN FERNANDO A;47;SPORTIVO PILAR A;58
2026;JUVENILES MASCULINO;Fase Regular;Torneo Clasificacion;CLASIFICACION;NORTE;1A;2;22/03/2026;CLUB ATLETICO PILAR;71;CAZA Y PESCA A;83
2026;JUVENILES MASCULINO;Fase Regular;Torneo Clasificacion;CLASIFICACION;NORTE;1A;2;22/03/2026;PRESIDENTE DERQUI;77;EL TALAR;55
2026;JUVENILES MASCULINO;Fase Regular;Torneo Clasificacion;CLASIFICACION;NORTE;1A;2;22/03/2026;SPORTIVO ESCOBAR;62;PLATENSE A;55
2026;JUVENILES MASCULINO;Fase Regular;Torneo Clasificacion;CLASIFICACION;NORTE;1A;3;29/03/2026;SPORTIVO PILAR A;67;SPORTIVO ESCOBAR;58
2026;JUVENILES MASCULINO;Fase Regular;Torneo Clasificacion;CLASIFICACION;NORTE;1A;3;29/03/2026;PLATENSE A;68;PRESIDENTE DERQUI;74
2026;JUVENILES MASCULINO;Fase Regular;Torneo Clasificacion;CLASIFICACION;NORTE;1A;3;29/03/2026;EL TALAR;76;CLUB ATLETICO PILAR;62
2026;JUVENILES MASCULINO;Fase Regular;Torneo Clasificacion;CLASIFICACION;NORTE;1A;3;29/03/2026;CAZA Y PESCA A;84;SAN FERNANDO A;43
2026;JUVENILES MASCULINO;Fase Regular;Torneo Clasificacion;CLASIFICACION;NORTE;1A;4;12/04/2026;CAZA Y PESCA A;64;SPORTIVO PILAR A;69
2026;JUVENILES MASCULINO;Fase Regular;Torneo Clasificacion;CLASIFICACION;NORTE;1A;4;12/04/2026;SAN FERNANDO A;76;EL TALAR;66
2026;JUVENILES MASCULINO;Fase Regular;Torneo Clasificacion;CLASIFICACION;NORTE;1A;4;12/04/2026;CLUB ATLETICO PILAR;54;PLATENSE A;74
2026;JUVENILES MASCULINO;Fase Regular;Torneo Clasificacion;CLASIFICACION;NORTE;1A;4;12/04/2026;PRESIDENTE DERQUI;48;SPORTIVO ESCOBAR;39
2026;JUVENILES MASCULINO;Fase Regular;Torneo Clasificacion;CLASIFICACION;NORTE;1A;5;19/04/2026;SPORTIVO PILAR A;73;PRESIDENTE DERQUI;56
2026;JUVENILES MASCULINO;Fase Regular;Torneo Clasificacion;CLASIFICACION;NORTE;1A;5;19/04/2026;SPORTIVO ESCOBAR;83;CLUB ATLETICO PILAR;70
2026;JUVENILES MASCULINO;Fase Regular;Torneo Clasificacion;CLASIFICACION;NORTE;1A;5;19/04/2026;PLATENSE A;59;SAN FERNANDO A;63
2026;JUVENILES MASCULINO;Fase Regular;Torneo Clasificacion;CLASIFICACION;NORTE;1A;5;19/04/2026;EL TALAR;70;CAZA Y PESCA A;83
2026;JUVENILES MASCULINO;Fase Regular;Torneo Clasificacion;CLASIFICACION;NORTE;1A;6;26/04/2026;EL TALAR;52;SPORTIVO PILAR A;71
2026;JUVENILES MASCULINO;Fase Regular;Torneo Clasificacion;CLASIFICACION;NORTE;1A;6;26/04/2026;CAZA Y PESCA A;51;PLATENSE A;55
2026;JUVENILES MASCULINO;Fase Regular;Torneo Clasificacion;CLASIFICACION;NORTE;1A;6;26/04/2026;SAN FERNANDO A;60;SPORTIVO ESCOBAR;65
2026;JUVENILES MASCULINO;Fase Regular;Torneo Clasificacion;CLASIFICACION;NORTE;1A;6;26/04/2026;CLUB ATLETICO PILAR;59;PRESIDENTE DERQUI;62
2026;JUVENILES MASCULINO;Fase Regular;Torneo Clasificacion;CLASIFICACION;NORTE;1A;7;03/05/2026;SPORTIVO PILAR A;80;CLUB ATLETICO PILAR;70
2026;JUVENILES MASCULINO;Fase Regular;Torneo Clasificacion;CLASIFICACION;NORTE;1A;7;03/05/2026;PRESIDENTE DERQUI;81;SAN FERNANDO A;66
2026;JUVENILES MASCULINO;Fase Regular;Torneo Clasificacion;CLASIFICACION;NORTE;1A;7;03/05/2026;SPORTIVO ESCOBAR;57;CAZA Y PESCA A;53
2026;JUVENILES MASCULINO;Fase Regular;Torneo Clasificacion;CLASIFICACION;NORTE;1A;7;03/05/2026;PLATENSE A;53;EL TALAR;37
2026;JUVENILES MASCULINO;Fase Regular;Torneo Clasificacion;CLASIFICACION;NORTE;1A;8;10/05/2026;PLATENSE A;67;SPORTIVO PILAR A;61
2026;JUVENILES MASCULINO;Fase Regular;Torneo Clasificacion;CLASIFICACION;NORTE;1A;8;10/05/2026;SPORTIVO ESCOBAR;69;EL TALAR;58
2026;JUVENILES MASCULINO;Fase Regular;Torneo Clasificacion;CLASIFICACION;NORTE;1A;8;10/05/2026;PRESIDENTE DERQUI;67;CAZA Y PESCA A;62
2026;JUVENILES MASCULINO;Fase Regular;Torneo Clasificacion;CLASIFICACION;NORTE;1A;8;10/05/2026;CLUB ATLETICO PILAR;55;SAN FERNANDO A;94
2026;JUVENILES MASCULINO;Fase Regular;Torneo Clasificacion;CLASIFICACION;NORTE;1A;9;17/05/2026;SPORTIVO PILAR A;58;SAN FERNANDO A;68
2026;JUVENILES MASCULINO;Fase Regular;Torneo Clasificacion;CLASIFICACION;NORTE;1A;9;17/05/2026;CAZA Y PESCA A;72;CLUB ATLETICO PILAR;57
2026;JUVENILES MASCULINO;Fase Regular;Torneo Clasificacion;CLASIFICACION;NORTE;1A;9;17/05/2026;EL TALAR;54;PRESIDENTE DERQUI;63
2026;JUVENILES MASCULINO;Fase Regular;Torneo Clasificacion;CLASIFICACION;NORTE;1A;9;17/05/2026;PLATENSE A;46;SPORTIVO ESCOBAR;57
2026;JUVENILES MASCULINO;Fase Regular;Torneo Clasificacion;CLASIFICACION;NORTE;1A;10;24/05/2026;SPORTIVO ESCOBAR;89;SPORTIVO PILAR A;71
2026;JUVENILES MASCULINO;Fase Regular;Torneo Clasificacion;CLASIFICACION;NORTE;1A;10;24/05/2026;PRESIDENTE DERQUI;54;PLATENSE A;57
2026;JUVENILES MASCULINO;Fase Regular;Torneo Clasificacion;CLASIFICACION;NORTE;1A;10;24/05/2026;CLUB ATLETICO PILAR;57;EL TALAR;70
2026;JUVENILES MASCULINO;Fase Regular;Torneo Clasificacion;CLASIFICACION;NORTE;1A;10;24/05/2026;SAN FERNANDO A;76;CAZA Y PESCA A;66
2026;JUVENILES MASCULINO;Fase Regular;Torneo Clasificacion;CLASIFICACION;CENTRO;1A;1;15/03/2026;IMPERIO A;94;YUPANQUI;31
2026;JUVENILES MASCULINO;Fase Regular;Torneo Clasificacion;CLASIFICACION;CENTRO;1A;1;15/03/2026;DEPORTIVO CROVARA A;47;COLEGIALES A;69
2026;JUVENILES MASCULINO;Fase Regular;Torneo Clasificacion;CLASIFICACION;CENTRO;1A;1;15/03/2026;COMUNICACIONES A;116;COPELLO;40
2026;JUVENILES MASCULINO;Fase Regular;Torneo Clasificacion;CLASIFICACION;CENTRO;1A;1;15/03/2026;ARQUITECTURA A;75;SAN LORENZO A;84
2026;JUVENILES MASCULINO;Fase Regular;Torneo Clasificacion;CLASIFICACION;CENTRO;1A;2;22/03/2026;ARQUITECTURA A;61;IMPERIO A;65
2026;JUVENILES MASCULINO;Fase Regular;Torneo Clasificacion;CLASIFICACION;CENTRO;1A;2;22/03/2026;SAN LORENZO A;74;COMUNICACIONES A;59
2026;JUVENILES MASCULINO;Fase Regular;Torneo Clasificacion;CLASIFICACION;CENTRO;1A;2;22/03/2026;COPELLO;61;DEPORTIVO CROVARA A;74
2026;JUVENILES MASCULINO;Fase Regular;Torneo Clasificacion;CLASIFICACION;CENTRO;1A;2;22/03/2026;COLEGIALES A;56;YUPANQUI;44
2026;JUVENILES MASCULINO;Fase Regular;Torneo Clasificacion;CLASIFICACION;CENTRO;1A;3;29/03/2026;IMPERIO A;45;COLEGIALES A;33
2026;JUVENILES MASCULINO;Fase Regular;Torneo Clasificacion;CLASIFICACION;CENTRO;1A;3;29/03/2026;YUPANQUI;43;COPELLO;63
2026;JUVENILES MASCULINO;Fase Regular;Torneo Clasificacion;CLASIFICACION;CENTRO;1A;3;29/03/2026;DEPORTIVO CROVARA A;29;SAN LORENZO A;78
2026;JUVENILES MASCULINO;Fase Regular;Torneo Clasificacion;CLASIFICACION;CENTRO;1A;3;29/03/2026;COMUNICACIONES A;68;ARQUITECTURA A;52
2026;JUVENILES MASCULINO;Fase Regular;Torneo Clasificacion;CLASIFICACION;CENTRO;1A;4;12/04/2026;COMUNICACIONES A;82;IMPERIO A;44
2026;JUVENILES MASCULINO;Fase Regular;Torneo Clasificacion;CLASIFICACION;CENTRO;1A;4;12/04/2026;ARQUITECTURA A;90;DEPORTIVO CROVARA A;45
2026;JUVENILES MASCULINO;Fase Regular;Torneo Clasificacion;CLASIFICACION;CENTRO;1A;4;12/04/2026;SAN LORENZO A;90;YUPANQUI;36
2026;JUVENILES MASCULINO;Fase Regular;Torneo Clasificacion;CLASIFICACION;CENTRO;1A;4;12/04/2026;COPELLO;46;COLEGIALES A;61
2026;JUVENILES MASCULINO;Fase Regular;Torneo Clasificacion;CLASIFICACION;CENTRO;1A;5;19/04/2026;IMPERIO A;79;COPELLO;31
2026;JUVENILES MASCULINO;Fase Regular;Torneo Clasificacion;CLASIFICACION;CENTRO;1A;5;19/04/2026;COLEGIALES A;41;SAN LORENZO A;77
2026;JUVENILES MASCULINO;Fase Regular;Torneo Clasificacion;CLASIFICACION;CENTRO;1A;5;19/04/2026;YUPANQUI;37;ARQUITECTURA A;83
2026;JUVENILES MASCULINO;Fase Regular;Torneo Clasificacion;CLASIFICACION;CENTRO;1A;5;19/04/2026;DEPORTIVO CROVARA A;43;COMUNICACIONES A;93
2026;JUVENILES MASCULINO;Fase Regular;Torneo Clasificacion;CLASIFICACION;CENTRO;1A;6;26/04/2026;DEPORTIVO CROVARA A;55;IMPERIO A;72
2026;JUVENILES MASCULINO;Fase Regular;Torneo Clasificacion;CLASIFICACION;CENTRO;1A;6;26/04/2026;COMUNICACIONES A;103;YUPANQUI;21
2026;JUVENILES MASCULINO;Fase Regular;Torneo Clasificacion;CLASIFICACION;CENTRO;1A;6;26/04/2026;ARQUITECTURA A;61;COLEGIALES A;52
2026;JUVENILES MASCULINO;Fase Regular;Torneo Clasificacion;CLASIFICACION;CENTRO;1A;6;26/04/2026;SAN LORENZO A;89;COPELLO;34
2026;JUVENILES MASCULINO;Fase Regular;Torneo Clasificacion;CLASIFICACION;CENTRO;1A;7;03/05/2026;IMPERIO A;60;SAN LORENZO A;77
2026;JUVENILES MASCULINO;Fase Regular;Torneo Clasificacion;CLASIFICACION;CENTRO;1A;7;03/05/2026;COPELLO;62;ARQUITECTURA A;75
2026;JUVENILES MASCULINO;Fase Regular;Torneo Clasificacion;CLASIFICACION;CENTRO;1A;7;03/05/2026;COLEGIALES A;63;COMUNICACIONES A;69
2026;JUVENILES MASCULINO;Fase Regular;Torneo Clasificacion;CLASIFICACION;CENTRO;1A;7;03/05/2026;YUPANQUI;48;DEPORTIVO CROVARA A;77
2026;JUVENILES MASCULINO;Fase Regular;Torneo Clasificacion;CLASIFICACION;CENTRO;1A;8;10/05/2026;YUPANQUI;28;IMPERIO A;82
2026;JUVENILES MASCULINO;Fase Regular;Torneo Clasificacion;CLASIFICACION;CENTRO;1A;8;10/05/2026;COLEGIALES A;72;DEPORTIVO CROVARA A;59
2026;JUVENILES MASCULINO;Fase Regular;Torneo Clasificacion;CLASIFICACION;CENTRO;1A;8;10/05/2026;COPELLO;22;COMUNICACIONES A;103
2026;JUVENILES MASCULINO;Fase Regular;Torneo Clasificacion;CLASIFICACION;CENTRO;1A;8;10/05/2026;SAN LORENZO A;64;ARQUITECTURA A;54
2026;JUVENILES MASCULINO;Fase Regular;Torneo Clasificacion;CLASIFICACION;CENTRO;1A;9;17/05/2026;IMPERIO A;73;ARQUITECTURA A;79
2026;JUVENILES MASCULINO;Fase Regular;Torneo Clasificacion;CLASIFICACION;CENTRO;1A;9;17/05/2026;COMUNICACIONES A;71;SAN LORENZO A;60
2026;JUVENILES MASCULINO;Fase Regular;Torneo Clasificacion;CLASIFICACION;CENTRO;1A;9;17/05/2026;DEPORTIVO CROVARA A;61;COPELLO;56
2026;JUVENILES MASCULINO;Fase Regular;Torneo Clasificacion;CLASIFICACION;CENTRO;1A;9;17/05/2026;YUPANQUI;43;COLEGIALES A;64
2026;JUVENILES MASCULINO;Fase Regular;Torneo Clasificacion;CLASIFICACION;CENTRO;1A;10;24/05/2026;COLEGIALES A;32;IMPERIO A;57
2026;JUVENILES MASCULINO;Fase Regular;Torneo Clasificacion;CLASIFICACION;CENTRO;1A;10;24/05/2026;COPELLO;58;YUPANQUI;55
2026;JUVENILES MASCULINO;Fase Regular;Torneo Clasificacion;CLASIFICACION;CENTRO;1A;10;24/05/2026;SAN LORENZO A;78;DEPORTIVO CROVARA A;51
2026;JUVENILES MASCULINO;Fase Regular;Torneo Clasificacion;CLASIFICACION;CENTRO;1A;10;24/05/2026;ARQUITECTURA A;56;COMUNICACIONES A;79
2026;JUVENILES MASCULINO;Fase Regular;Torneo Clasificacion;CLASIFICACION;CENTRO;1A;12;07/06/2026;COMUNICACIONES A;97;DEPORTIVO CROVARA A;39
2026;JUVENILES MASCULINO;Fase Regular;Torneo Clasificacion;CLASIFICACION;OESTE;1A;1;15/03/2026;C.A.S.A PADUA A;69;LOS INDIOS DE MORENO A;35
2026;JUVENILES MASCULINO;Fase Regular;Torneo Clasificacion;CLASIFICACION;OESTE;1A;1;15/03/2026;ARGENTINO DE CASTELAR A;68;A.F.A.L.P. A;38
2026;JUVENILES MASCULINO;Fase Regular;Torneo Clasificacion;CLASIFICACION;OESTE;1A;1;15/03/2026;CLARIDAD;75;DEP. MORON A;55
2026;JUVENILES MASCULINO;Fase Regular;Torneo Clasificacion;CLASIFICACION;OESTE;1A;2;22/03/2026;CLARIDAD;60;ESTUDIANTIL PORTEÑO A;102
2026;JUVENILES MASCULINO;Fase Regular;Torneo Clasificacion;CLASIFICACION;OESTE;1A;2;22/03/2026;DEP. MORON A;73;ARGENTINO DE CASTELAR A;84
2026;JUVENILES MASCULINO;Fase Regular;Torneo Clasificacion;CLASIFICACION;OESTE;1A;2;22/03/2026;A.F.A.L.P. A;19;C.A.S.A PADUA A;80
2026;JUVENILES MASCULINO;Fase Regular;Torneo Clasificacion;CLASIFICACION;OESTE;1A;3;29/03/2026;ESTUDIANTIL PORTEÑO A;99;LOS INDIOS DE MORENO A;53
2026;JUVENILES MASCULINO;Fase Regular;Torneo Clasificacion;CLASIFICACION;OESTE;1A;3;29/03/2026;C.A.S.A PADUA A;88;DEP. MORON A;46
2026;JUVENILES MASCULINO;Fase Regular;Torneo Clasificacion;CLASIFICACION;OESTE;1A;3;29/03/2026;ARGENTINO DE CASTELAR A;72;CLARIDAD;58
2026;JUVENILES MASCULINO;Fase Regular;Torneo Clasificacion;CLASIFICACION;OESTE;1A;4;12/04/2026;ARGENTINO DE CASTELAR A;62;ESTUDIANTIL PORTEÑO A;83
2026;JUVENILES MASCULINO;Fase Regular;Torneo Clasificacion;CLASIFICACION;OESTE;1A;4;12/04/2026;CLARIDAD;73;C.A.S.A PADUA A;78
2026;JUVENILES MASCULINO;Fase Regular;Torneo Clasificacion;CLASIFICACION;OESTE;1A;4;12/04/2026;A.F.A.L.P. A;54;LOS INDIOS DE MORENO A;69
2026;JUVENILES MASCULINO;Fase Regular;Torneo Clasificacion;CLASIFICACION;OESTE;1A;5;19/04/2026;ESTUDIANTIL PORTEÑO A;94;A.F.A.L.P. A;41
2026;JUVENILES MASCULINO;Fase Regular;Torneo Clasificacion;CLASIFICACION;OESTE;1A;5;19/04/2026;LOS INDIOS DE MORENO A;72;DEP. MORON A;46
2026;JUVENILES MASCULINO;Fase Regular;Torneo Clasificacion;CLASIFICACION;OESTE;1A;5;19/04/2026;C.A.S.A PADUA A;67;ARGENTINO DE CASTELAR A;73
2026;JUVENILES MASCULINO;Fase Regular;Torneo Clasificacion;CLASIFICACION;OESTE;1A;6;26/04/2026;C.A.S.A PADUA A;59;ESTUDIANTIL PORTEÑO A;71
2026;JUVENILES MASCULINO;Fase Regular;Torneo Clasificacion;CLASIFICACION;OESTE;1A;6;26/04/2026;CLARIDAD;77;LOS INDIOS DE MORENO A;72
2026;JUVENILES MASCULINO;Fase Regular;Torneo Clasificacion;CLASIFICACION;OESTE;1A;6;26/04/2026;DEP. MORON A;61;A.F.A.L.P. A;47
2026;JUVENILES MASCULINO;Fase Regular;Torneo Clasificacion;CLASIFICACION;OESTE;1A;7;03/05/2026;ESTUDIANTIL PORTEÑO A;73;DEP. MORON A;61
2026;JUVENILES MASCULINO;Fase Regular;Torneo Clasificacion;CLASIFICACION;OESTE;1A;7;03/05/2026;A.F.A.L.P. A;49;CLARIDAD;75
2026;JUVENILES MASCULINO;Fase Regular;Torneo Clasificacion;CLASIFICACION;OESTE;1A;7;03/05/2026;LOS INDIOS DE MORENO A;54;ARGENTINO DE CASTELAR A;65
2026;JUVENILES MASCULINO;Fase Regular;Torneo Clasificacion;CLASIFICACION;OESTE;1A;8;10/05/2026;LOS INDIOS DE MORENO A;54;C.A.S.A PADUA A;67
2026;JUVENILES MASCULINO;Fase Regular;Torneo Clasificacion;CLASIFICACION;OESTE;1A;8;10/05/2026;A.F.A.L.P. A;33;ARGENTINO DE CASTELAR A;62
2026;JUVENILES MASCULINO;Fase Regular;Torneo Clasificacion;CLASIFICACION;OESTE;1A;8;10/05/2026;DEP. MORON A;73;CLARIDAD;81
2026;JUVENILES MASCULINO;Fase Regular;Torneo Clasificacion;CLASIFICACION;OESTE;1A;9;17/05/2026;ESTUDIANTIL PORTEÑO A;94;CLARIDAD;57
2026;JUVENILES MASCULINO;Fase Regular;Torneo Clasificacion;CLASIFICACION;OESTE;1A;9;17/05/2026;ARGENTINO DE CASTELAR A;84;DEP. MORON A;69
2026;JUVENILES MASCULINO;Fase Regular;Torneo Clasificacion;CLASIFICACION;OESTE;1A;9;17/05/2026;C.A.S.A PADUA A;75;A.F.A.L.P. A;15
2026;JUVENILES MASCULINO;Fase Regular;Torneo Clasificacion;CLASIFICACION;OESTE;1A;10;24/05/2026;LOS INDIOS DE MORENO A;52;ESTUDIANTIL PORTEÑO A;69
2026;JUVENILES MASCULINO;Fase Regular;Torneo Clasificacion;CLASIFICACION;OESTE;1A;10;24/05/2026;DEP. MORON A;56;C.A.S.A PADUA A;78
2026;JUVENILES MASCULINO;Fase Regular;Torneo Clasificacion;CLASIFICACION;OESTE;1A;10;24/05/2026;CLARIDAD;64;ARGENTINO DE CASTELAR A;70
2026;JUVENILES MASCULINO;Fase Regular;Torneo Clasificacion;CLASIFICACION;SUR;1A;1;15/03/2026;QUILMES A.C.;82;INDEPENDIENTE A;58
2026;JUVENILES MASCULINO;Fase Regular;Torneo Clasificacion;CLASIFICACION;SUR;1A;1;15/03/2026;WILDE SPORTING;88;CLUB SOCIAL EZEIZA;39
2026;JUVENILES MASCULINO;Fase Regular;Torneo Clasificacion;CLASIFICACION;SUR;1A;1;15/03/2026;VARELA JRS;70;GIMNASIA Y ESGRIMA DE LOMAS DE ZAMORA A;80
2026;JUVENILES MASCULINO;Fase Regular;Torneo Clasificacion;CLASIFICACION;SUR;1A;2;22/03/2026;VARELA JRS;60;MONTE GRANDE A;69
2026;JUVENILES MASCULINO;Fase Regular;Torneo Clasificacion;CLASIFICACION;SUR;1A;2;22/03/2026;GIMNASIA Y ESGRIMA DE LOMAS DE ZAMORA A;61;WILDE SPORTING;58
2026;JUVENILES MASCULINO;Fase Regular;Torneo Clasificacion;CLASIFICACION;SUR;1A;2;22/03/2026;CLUB SOCIAL EZEIZA;28;QUILMES A.C.;80
2026;JUVENILES MASCULINO;Fase Regular;Torneo Clasificacion;CLASIFICACION;SUR;1A;3;29/03/2026;MONTE GRANDE A;65;INDEPENDIENTE A;46
2026;JUVENILES MASCULINO;Fase Regular;Torneo Clasificacion;CLASIFICACION;SUR;1A;3;29/03/2026;QUILMES A.C.;41;GIMNASIA Y ESGRIMA DE LOMAS DE ZAMORA A;49
2026;JUVENILES MASCULINO;Fase Regular;Torneo Clasificacion;CLASIFICACION;SUR;1A;3;29/03/2026;WILDE SPORTING;71;VARELA JRS;70
2026;JUVENILES MASCULINO;Fase Regular;Torneo Clasificacion;CLASIFICACION;SUR;1A;4;12/04/2026;WILDE SPORTING;59;MONTE GRANDE A;71
2026;JUVENILES MASCULINO;Fase Regular;Torneo Clasificacion;CLASIFICACION;SUR;1A;4;12/04/2026;VARELA JRS;79;QUILMES A.C.;64
2026;JUVENILES MASCULINO;Fase Regular;Torneo Clasificacion;CLASIFICACION;SUR;1A;4;12/04/2026;CLUB SOCIAL EZEIZA;60;INDEPENDIENTE A;75
2026;JUVENILES MASCULINO;Fase Regular;Torneo Clasificacion;CLASIFICACION;SUR;1A;5;19/04/2026;MONTE GRANDE A;102;CLUB SOCIAL EZEIZA;45
2026;JUVENILES MASCULINO;Fase Regular;Torneo Clasificacion;CLASIFICACION;SUR;1A;5;19/04/2026;INDEPENDIENTE A;50;GIMNASIA Y ESGRIMA DE LOMAS DE ZAMORA A;59
2026;JUVENILES MASCULINO;Fase Regular;Torneo Clasificacion;CLASIFICACION;SUR;1A;5;19/04/2026;QUILMES A.C.;66;WILDE SPORTING;49
2026;JUVENILES MASCULINO;Fase Regular;Torneo Clasificacion;CLASIFICACION;SUR;1A;6;26/04/2026;QUILMES A.C.;52;MONTE GRANDE A;63
2026;JUVENILES MASCULINO;Fase Regular;Torneo Clasificacion;CLASIFICACION;SUR;1A;6;26/04/2026;VARELA JRS;63;INDEPENDIENTE A;69
2026;JUVENILES MASCULINO;Fase Regular;Torneo Clasificacion;CLASIFICACION;SUR;1A;6;26/04/2026;GIMNASIA Y ESGRIMA DE LOMAS DE ZAMORA A;111;CLUB SOCIAL EZEIZA;18
2026;JUVENILES MASCULINO;Fase Regular;Torneo Clasificacion;CLASIFICACION;SUR;1A;7;03/05/2026;MONTE GRANDE A;63;GIMNASIA Y ESGRIMA DE LOMAS DE ZAMORA A;71
2026;JUVENILES MASCULINO;Fase Regular;Torneo Clasificacion;CLASIFICACION;SUR;1A;7;03/05/2026;CLUB SOCIAL EZEIZA;30;VARELA JRS;96
2026;JUVENILES MASCULINO;Fase Regular;Torneo Clasificacion;CLASIFICACION;SUR;1A;7;03/05/2026;INDEPENDIENTE A;43;WILDE SPORTING;52
2026;JUVENILES MASCULINO;Fase Regular;Torneo Clasificacion;CLASIFICACION;SUR;1A;8;10/05/2026;INDEPENDIENTE A;47;QUILMES A.C.;61
2026;JUVENILES MASCULINO;Fase Regular;Torneo Clasificacion;CLASIFICACION;SUR;1A;8;10/05/2026;CLUB SOCIAL EZEIZA;41;WILDE SPORTING;65
2026;JUVENILES MASCULINO;Fase Regular;Torneo Clasificacion;CLASIFICACION;SUR;1A;8;10/05/2026;GIMNASIA Y ESGRIMA DE LOMAS DE ZAMORA A;68;VARELA JRS;51
2026;JUVENILES MASCULINO;Fase Regular;Torneo Clasificacion;CLASIFICACION;SUR;1A;9;17/05/2026;MONTE GRANDE A;65;VARELA JRS;64
2026;JUVENILES MASCULINO;Fase Regular;Torneo Clasificacion;CLASIFICACION;SUR;1A;9;17/05/2026;WILDE SPORTING;49;GIMNASIA Y ESGRIMA DE LOMAS DE ZAMORA A;58
2026;JUVENILES MASCULINO;Fase Regular;Torneo Clasificacion;CLASIFICACION;SUR;1A;9;17/05/2026;QUILMES A.C.;77;CLUB SOCIAL EZEIZA;45
2026;JUVENILES MASCULINO;Fase Regular;Torneo Clasificacion;CLASIFICACION;SUR;1A;10;24/05/2026;INDEPENDIENTE A;52;MONTE GRANDE A;38
2026;JUVENILES MASCULINO;Fase Regular;Torneo Clasificacion;CLASIFICACION;SUR;1A;10;24/05/2026;GIMNASIA Y ESGRIMA DE LOMAS DE ZAMORA A;53;QUILMES A.C.;46
2026;JUVENILES MASCULINO;Fase Regular;Torneo Clasificacion;CLASIFICACION;SUR;1A;10;24/05/2026;VARELA JRS;70;WILDE SPORTING;79
2026;JUVENILES MASCULINO;Fase Regular;Torneo Clasificacion;CLASIFICACION;NORTE;2B;1;15/03/2026;CLUB TRES DE FEBRERO A;84;NAUTICO HACOAJ A;64
2026;JUVENILES MASCULINO;Fase Regular;Torneo Clasificacion;CLASIFICACION;NORTE;2B;1;15/03/2026;UNION FLORIDA;28;RIVER PLATE;81
2026;JUVENILES MASCULINO;Fase Regular;Torneo Clasificacion;CLASIFICACION;NORTE;2B;1;15/03/2026;SPORTIVO VILLA BALLESTER;51;UNION VECINAL DE MUNRO;49
2026;JUVENILES MASCULINO;Fase Regular;Torneo Clasificacion;CLASIFICACION;NORTE;2B;1;15/03/2026;U.V.V.ADELINA;51;OBRAS SANITARIAS A;115
2026;JUVENILES MASCULINO;Fase Regular;Torneo Clasificacion;CLASIFICACION;NORTE;2B;2;22/03/2026;U.V.V.ADELINA;54;CLUB TRES DE FEBRERO A;105
2026;JUVENILES MASCULINO;Fase Regular;Torneo Clasificacion;CLASIFICACION;NORTE;2B;2;22/03/2026;OBRAS SANITARIAS A;80;SPORTIVO VILLA BALLESTER;41
2026;JUVENILES MASCULINO;Fase Regular;Torneo Clasificacion;CLASIFICACION;NORTE;2B;2;22/03/2026;UNION VECINAL DE MUNRO;70;UNION FLORIDA;51
2026;JUVENILES MASCULINO;Fase Regular;Torneo Clasificacion;CLASIFICACION;NORTE;2B;2;22/03/2026;RIVER PLATE;81;NAUTICO HACOAJ A;59
2026;JUVENILES MASCULINO;Fase Regular;Torneo Clasificacion;CLASIFICACION;NORTE;2B;3;29/03/2026;CLUB TRES DE FEBRERO A;46;RIVER PLATE;64
2026;JUVENILES MASCULINO;Fase Regular;Torneo Clasificacion;CLASIFICACION;NORTE;2B;3;29/03/2026;NAUTICO HACOAJ A;128;UNION VECINAL DE MUNRO;57
2026;JUVENILES MASCULINO;Fase Regular;Torneo Clasificacion;CLASIFICACION;NORTE;2B;3;29/03/2026;UNION FLORIDA;27;OBRAS SANITARIAS A;104
2026;JUVENILES MASCULINO;Fase Regular;Torneo Clasificacion;CLASIFICACION;NORTE;2B;3;29/03/2026;SPORTIVO VILLA BALLESTER;51;U.V.V.ADELINA;67
2026;JUVENILES MASCULINO;Fase Regular;Torneo Clasificacion;CLASIFICACION;NORTE;2B;4;12/04/2026;SPORTIVO VILLA BALLESTER;26;CLUB TRES DE FEBRERO A;111
2026;JUVENILES MASCULINO;Fase Regular;Torneo Clasificacion;CLASIFICACION;NORTE;2B;4;12/04/2026;U.V.V.ADELINA;63;UNION FLORIDA;72
2026;JUVENILES MASCULINO;Fase Regular;Torneo Clasificacion;CLASIFICACION;NORTE;2B;4;12/04/2026;OBRAS SANITARIAS A;75;NAUTICO HACOAJ A;53
2026;JUVENILES MASCULINO;Fase Regular;Torneo Clasificacion;CLASIFICACION;NORTE;2B;4;12/04/2026;UNION VECINAL DE MUNRO;57;RIVER PLATE;109
2026;JUVENILES MASCULINO;Fase Regular;Torneo Clasificacion;CLASIFICACION;NORTE;2B;5;19/04/2026;CLUB TRES DE FEBRERO A;99;UNION VECINAL DE MUNRO;67
2026;JUVENILES MASCULINO;Fase Regular;Torneo Clasificacion;CLASIFICACION;NORTE;2B;5;19/04/2026;RIVER PLATE;83;OBRAS SANITARIAS A;79
2026;JUVENILES MASCULINO;Fase Regular;Torneo Clasificacion;CLASIFICACION;NORTE;2B;5;19/04/2026;NAUTICO HACOAJ A;88;U.V.V.ADELINA;42
2026;JUVENILES MASCULINO;Fase Regular;Torneo Clasificacion;CLASIFICACION;NORTE;2B;5;19/04/2026;UNION FLORIDA;60;SPORTIVO VILLA BALLESTER;35
2026;JUVENILES MASCULINO;Fase Regular;Torneo Clasificacion;CLASIFICACION;NORTE;2B;6;26/04/2026;UNION FLORIDA;51;CLUB TRES DE FEBRERO A;66
2026;JUVENILES MASCULINO;Fase Regular;Torneo Clasificacion;CLASIFICACION;NORTE;2B;6;26/04/2026;SPORTIVO VILLA BALLESTER;33;NAUTICO HACOAJ A;102
2026;JUVENILES MASCULINO;Fase Regular;Torneo Clasificacion;CLASIFICACION;NORTE;2B;6;26/04/2026;U.V.V.ADELINA;50;RIVER PLATE;90
2026;JUVENILES MASCULINO;Fase Regular;Torneo Clasificacion;CLASIFICACION;NORTE;2B;6;26/04/2026;OBRAS SANITARIAS A;116;UNION VECINAL DE MUNRO;37
2026;JUVENILES MASCULINO;Fase Regular;Torneo Clasificacion;CLASIFICACION;NORTE;2B;7;03/05/2026;CLUB TRES DE FEBRERO A;70;OBRAS SANITARIAS A;86
2026;JUVENILES MASCULINO;Fase Regular;Torneo Clasificacion;CLASIFICACION;NORTE;2B;7;03/05/2026;UNION VECINAL DE MUNRO;58;U.V.V.ADELINA;64
2026;JUVENILES MASCULINO;Fase Regular;Torneo Clasificacion;CLASIFICACION;NORTE;2B;7;03/05/2026;RIVER PLATE;103;SPORTIVO VILLA BALLESTER;32
2026;JUVENILES MASCULINO;Fase Regular;Torneo Clasificacion;CLASIFICACION;NORTE;2B;7;03/05/2026;NAUTICO HACOAJ A;64;UNION FLORIDA;40
2026;JUVENILES MASCULINO;Fase Regular;Torneo Clasificacion;CLASIFICACION;NORTE;2B;8;10/05/2026;NAUTICO HACOAJ A;56;CLUB TRES DE FEBRERO A;87
2026;JUVENILES MASCULINO;Fase Regular;Torneo Clasificacion;CLASIFICACION;NORTE;2B;8;10/05/2026;RIVER PLATE;76;UNION FLORIDA;35
2026;JUVENILES MASCULINO;Fase Regular;Torneo Clasificacion;CLASIFICACION;NORTE;2B;8;10/05/2026;UNION VECINAL DE MUNRO;76;SPORTIVO VILLA BALLESTER;64
2026;JUVENILES MASCULINO;Fase Regular;Torneo Clasificacion;CLASIFICACION;NORTE;2B;8;10/05/2026;OBRAS SANITARIAS A;82;U.V.V.ADELINA;43
2026;JUVENILES MASCULINO;Fase Regular;Torneo Clasificacion;CLASIFICACION;NORTE;2B;9;17/05/2026;CLUB TRES DE FEBRERO A;87;U.V.V.ADELINA;54
2026;JUVENILES MASCULINO;Fase Regular;Torneo Clasificacion;CLASIFICACION;NORTE;2B;9;17/05/2026;SPORTIVO VILLA BALLESTER;21;OBRAS SANITARIAS A;107
2026;JUVENILES MASCULINO;Fase Regular;Torneo Clasificacion;CLASIFICACION;NORTE;2B;9;17/05/2026;UNION FLORIDA;66;UNION VECINAL DE MUNRO;43
2026;JUVENILES MASCULINO;Fase Regular;Torneo Clasificacion;CLASIFICACION;NORTE;2B;9;17/05/2026;NAUTICO HACOAJ A;43;RIVER PLATE;113
2026;JUVENILES MASCULINO;Fase Regular;Torneo Clasificacion;CLASIFICACION;NORTE;2B;10;24/05/2026;RIVER PLATE;73;CLUB TRES DE FEBRERO A;64
2026;JUVENILES MASCULINO;Fase Regular;Torneo Clasificacion;CLASIFICACION;NORTE;2B;10;24/05/2026;UNION VECINAL DE MUNRO;45;NAUTICO HACOAJ A;69
2026;JUVENILES MASCULINO;Fase Regular;Torneo Clasificacion;CLASIFICACION;NORTE;2B;10;24/05/2026;OBRAS SANITARIAS A;89;UNION FLORIDA;25
2026;JUVENILES MASCULINO;Fase Regular;Torneo Clasificacion;CLASIFICACION;NORTE;2B;10;24/05/2026;U.V.V.ADELINA;62;SPORTIVO VILLA BALLESTER;40
2026;JUVENILES MASCULINO;Fase Regular;Torneo Clasificacion;CLASIFICACION;CENTRO;2B;1;15/03/2026;ATENEO POPULAR VERSAILLES;91;ESTRELLA DE BOEDO;41
2026;JUVENILES MASCULINO;Fase Regular;Torneo Clasificacion;CLASIFICACION;CENTRO;2B;1;15/03/2026;FERROCARRIL OESTE A;83;VELEZ SARSFIELD A;47
2026;JUVENILES MASCULINO;Fase Regular;Torneo Clasificacion;CLASIFICACION;CENTRO;2B;1;15/03/2026;PINOCHO B;27;CIUDAD DE BUENOS AIRES A;73
2026;JUVENILES MASCULINO;Fase Regular;Torneo Clasificacion;CLASIFICACION;CENTRO;2B;1;15/03/2026;VILLA MITRE;50;JOSE HERNANDEZ A;63
2026;JUVENILES MASCULINO;Fase Regular;Torneo Clasificacion;CLASIFICACION;CENTRO;2B;2;22/03/2026;VILLA MITRE;53;ATENEO POPULAR VERSAILLES;49
2026;JUVENILES MASCULINO;Fase Regular;Torneo Clasificacion;CLASIFICACION;CENTRO;2B;2;22/03/2026;JOSE HERNANDEZ A;53;PINOCHO B;44
2026;JUVENILES MASCULINO;Fase Regular;Torneo Clasificacion;CLASIFICACION;CENTRO;2B;2;22/03/2026;CIUDAD DE BUENOS AIRES A;67;FERROCARRIL OESTE A;87
2026;JUVENILES MASCULINO;Fase Regular;Torneo Clasificacion;CLASIFICACION;CENTRO;2B;2;22/03/2026;VELEZ SARSFIELD A;89;ESTRELLA DE BOEDO;38
2026;JUVENILES MASCULINO;Fase Regular;Torneo Clasificacion;CLASIFICACION;CENTRO;2B;3;29/03/2026;ATENEO POPULAR VERSAILLES;70;VELEZ SARSFIELD A;68
2026;JUVENILES MASCULINO;Fase Regular;Torneo Clasificacion;CLASIFICACION;CENTRO;2B;3;29/03/2026;ESTRELLA DE BOEDO;50;CIUDAD DE BUENOS AIRES A;56
2026;JUVENILES MASCULINO;Fase Regular;Torneo Clasificacion;CLASIFICACION;CENTRO;2B;3;29/03/2026;FERROCARRIL OESTE A;93;JOSE HERNANDEZ A;63
2026;JUVENILES MASCULINO;Fase Regular;Torneo Clasificacion;CLASIFICACION;CENTRO;2B;3;29/03/2026;PINOCHO B;39;VILLA MITRE;68
2026;JUVENILES MASCULINO;Fase Regular;Torneo Clasificacion;CLASIFICACION;CENTRO;2B;4;12/04/2026;PINOCHO B;39;ATENEO POPULAR VERSAILLES;82
2026;JUVENILES MASCULINO;Fase Regular;Torneo Clasificacion;CLASIFICACION;CENTRO;2B;4;12/04/2026;VILLA MITRE;34;FERROCARRIL OESTE A;89
2026;JUVENILES MASCULINO;Fase Regular;Torneo Clasificacion;CLASIFICACION;CENTRO;2B;4;12/04/2026;JOSE HERNANDEZ A;66;ESTRELLA DE BOEDO;58
2026;JUVENILES MASCULINO;Fase Regular;Torneo Clasificacion;CLASIFICACION;CENTRO;2B;4;12/04/2026;CIUDAD DE BUENOS AIRES A;57;VELEZ SARSFIELD A;64
2026;JUVENILES MASCULINO;Fase Regular;Torneo Clasificacion;CLASIFICACION;CENTRO;2B;5;19/04/2026;ATENEO POPULAR VERSAILLES;51;CIUDAD DE BUENOS AIRES A;71
2026;JUVENILES MASCULINO;Fase Regular;Torneo Clasificacion;CLASIFICACION;CENTRO;2B;5;19/04/2026;VELEZ SARSFIELD A;93;JOSE HERNANDEZ A;42
2026;JUVENILES MASCULINO;Fase Regular;Torneo Clasificacion;CLASIFICACION;CENTRO;2B;5;19/04/2026;ESTRELLA DE BOEDO;51;VILLA MITRE;67
2026;JUVENILES MASCULINO;Fase Regular;Torneo Clasificacion;CLASIFICACION;CENTRO;2B;5;19/04/2026;FERROCARRIL OESTE A;80;PINOCHO B;43
2026;JUVENILES MASCULINO;Fase Regular;Torneo Clasificacion;CLASIFICACION;CENTRO;2B;6;26/04/2026;FERROCARRIL OESTE A;79;ATENEO POPULAR VERSAILLES;45
2026;JUVENILES MASCULINO;Fase Regular;Torneo Clasificacion;CLASIFICACION;CENTRO;2B;6;26/04/2026;PINOCHO B;61;ESTRELLA DE BOEDO;55
2026;JUVENILES MASCULINO;Fase Regular;Torneo Clasificacion;CLASIFICACION;CENTRO;2B;6;26/04/2026;VILLA MITRE;50;VELEZ SARSFIELD A;67
2026;JUVENILES MASCULINO;Fase Regular;Torneo Clasificacion;CLASIFICACION;CENTRO;2B;6;26/04/2026;JOSE HERNANDEZ A;51;CIUDAD DE BUENOS AIRES A;60
2026;JUVENILES MASCULINO;Fase Regular;Torneo Clasificacion;CLASIFICACION;CENTRO;2B;7;03/05/2026;ATENEO POPULAR VERSAILLES;80;JOSE HERNANDEZ A;44
2026;JUVENILES MASCULINO;Fase Regular;Torneo Clasificacion;CLASIFICACION;CENTRO;2B;7;03/05/2026;CIUDAD DE BUENOS AIRES A;63;VILLA MITRE;46
2026;JUVENILES MASCULINO;Fase Regular;Torneo Clasificacion;CLASIFICACION;CENTRO;2B;7;03/05/2026;VELEZ SARSFIELD A;86;PINOCHO B;29
2026;JUVENILES MASCULINO;Fase Regular;Torneo Clasificacion;CLASIFICACION;CENTRO;2B;7;03/05/2026;ESTRELLA DE BOEDO;34;FERROCARRIL OESTE A;119
2026;JUVENILES MASCULINO;Fase Regular;Torneo Clasificacion;CLASIFICACION;CENTRO;2B;8;10/05/2026;ESTRELLA DE BOEDO;48;ATENEO POPULAR VERSAILLES;65
2026;JUVENILES MASCULINO;Fase Regular;Torneo Clasificacion;CLASIFICACION;CENTRO;2B;8;10/05/2026;VELEZ SARSFIELD A;46;FERROCARRIL OESTE A;77
2026;JUVENILES MASCULINO;Fase Regular;Torneo Clasificacion;CLASIFICACION;CENTRO;2B;8;10/05/2026;CIUDAD DE BUENOS AIRES A;65;PINOCHO B;45
2026;JUVENILES MASCULINO;Fase Regular;Torneo Clasificacion;CLASIFICACION;CENTRO;2B;8;10/05/2026;JOSE HERNANDEZ A;37;VILLA MITRE;56
2026;JUVENILES MASCULINO;Fase Regular;Torneo Clasificacion;CLASIFICACION;CENTRO;2B;9;17/05/2026;ATENEO POPULAR VERSAILLES;72;VILLA MITRE;55
2026;JUVENILES MASCULINO;Fase Regular;Torneo Clasificacion;CLASIFICACION;CENTRO;2B;9;17/05/2026;PINOCHO B;49;JOSE HERNANDEZ A;43
2026;JUVENILES MASCULINO;Fase Regular;Torneo Clasificacion;CLASIFICACION;CENTRO;2B;9;17/05/2026;FERROCARRIL OESTE A;102;CIUDAD DE BUENOS AIRES A;39
2026;JUVENILES MASCULINO;Fase Regular;Torneo Clasificacion;CLASIFICACION;CENTRO;2B;9;17/05/2026;ESTRELLA DE BOEDO;49;VELEZ SARSFIELD A;78
2026;JUVENILES MASCULINO;Fase Regular;Torneo Clasificacion;CLASIFICACION;CENTRO;2B;10;24/05/2026;VELEZ SARSFIELD A;73;ATENEO POPULAR VERSAILLES;52
2026;JUVENILES MASCULINO;Fase Regular;Torneo Clasificacion;CLASIFICACION;CENTRO;2B;10;24/05/2026;CIUDAD DE BUENOS AIRES A;65;ESTRELLA DE BOEDO;32
2026;JUVENILES MASCULINO;Fase Regular;Torneo Clasificacion;CLASIFICACION;CENTRO;2B;10;24/05/2026;JOSE HERNANDEZ A;39;FERROCARRIL OESTE A;92
2026;JUVENILES MASCULINO;Fase Regular;Torneo Clasificacion;CLASIFICACION;CENTRO;2B;10;24/05/2026;VILLA MITRE;44;PINOCHO B;33
2026;JUVENILES MASCULINO;Fase Regular;Torneo Clasificacion;CLASIFICACION;OESTE;2B;1;15/03/2026;PORTEÑO ATHLETIC CLUB A;76;ARGENTINO DE CASTELAR B;54
2026;JUVENILES MASCULINO;Fase Regular;Torneo Clasificacion;CLASIFICACION;OESTE;2B;1;15/03/2026;LOS INDIOS DE MORENO B;37;INSTITUCION SARMIENTO B;64
2026;JUVENILES MASCULINO;Fase Regular;Torneo Clasificacion;CLASIFICACION;OESTE;2B;1;15/03/2026;LEANDRO N ALEM;27;MORON A;101
2026;JUVENILES MASCULINO;Fase Regular;Torneo Clasificacion;CLASIFICACION;OESTE;2B;2;22/03/2026;MORON A;94;LOS INDIOS DE MORENO B;43
2026;JUVENILES MASCULINO;Fase Regular;Torneo Clasificacion;CLASIFICACION;OESTE;2B;2;22/03/2026;INSTITUCION SARMIENTO B;55;PORTEÑO ATHLETIC CLUB A;49
2026;JUVENILES MASCULINO;Fase Regular;Torneo Clasificacion;CLASIFICACION;OESTE;2B;2;22/03/2026;ARGENTINO DE CASTELAR B;36;GIMNASIA Y ESGRIMA DE ITUZAINGO A;128
2026;JUVENILES MASCULINO;Fase Regular;Torneo Clasificacion;CLASIFICACION;OESTE;2B;3;29/03/2026;GIMNASIA Y ESGRIMA DE ITUZAINGO A;59;INSTITUCION SARMIENTO B;38
2026;JUVENILES MASCULINO;Fase Regular;Torneo Clasificacion;CLASIFICACION;OESTE;2B;3;29/03/2026;PORTEÑO ATHLETIC CLUB A;32;MORON A;71
2026;JUVENILES MASCULINO;Fase Regular;Torneo Clasificacion;CLASIFICACION;OESTE;2B;3;29/03/2026;LOS INDIOS DE MORENO B;75;LEANDRO N ALEM;32
2026;JUVENILES MASCULINO;Fase Regular;Torneo Clasificacion;CLASIFICACION;OESTE;2B;4;12/04/2026;LEANDRO N ALEM;44;PORTEÑO ATHLETIC CLUB A;69
2026;JUVENILES MASCULINO;Fase Regular;Torneo Clasificacion;CLASIFICACION;OESTE;2B;4;12/04/2026;MORON A;71;GIMNASIA Y ESGRIMA DE ITUZAINGO A;46
2026;JUVENILES MASCULINO;Fase Regular;Torneo Clasificacion;CLASIFICACION;OESTE;2B;4;12/04/2026;INSTITUCION SARMIENTO B;81;ARGENTINO DE CASTELAR B;25
2026;JUVENILES MASCULINO;Fase Regular;Torneo Clasificacion;CLASIFICACION;OESTE;2B;5;19/04/2026;ARGENTINO DE CASTELAR B;29;MORON A;115
2026;JUVENILES MASCULINO;Fase Regular;Torneo Clasificacion;CLASIFICACION;OESTE;2B;5;19/04/2026;GIMNASIA Y ESGRIMA DE ITUZAINGO A;113;LEANDRO N ALEM;29
2026;JUVENILES MASCULINO;Fase Regular;Torneo Clasificacion;CLASIFICACION;OESTE;2B;5;19/04/2026;PORTEÑO ATHLETIC CLUB A;37;LOS INDIOS DE MORENO B;40
2026;JUVENILES MASCULINO;Fase Regular;Torneo Clasificacion;CLASIFICACION;OESTE;2B;6;26/04/2026;LOS INDIOS DE MORENO B;44;GIMNASIA Y ESGRIMA DE ITUZAINGO A;71
2026;JUVENILES MASCULINO;Fase Regular;Torneo Clasificacion;CLASIFICACION;OESTE;2B;6;26/04/2026;LEANDRO N ALEM;49;ARGENTINO DE CASTELAR B;70
2026;JUVENILES MASCULINO;Fase Regular;Torneo Clasificacion;CLASIFICACION;OESTE;2B;6;26/04/2026;MORON A;87;INSTITUCION SARMIENTO B;35
2026;JUVENILES MASCULINO;Fase Regular;Torneo Clasificacion;CLASIFICACION;OESTE;2B;7;03/05/2026;INSTITUCION SARMIENTO B;79;LEANDRO N ALEM;23
2026;JUVENILES MASCULINO;Fase Regular;Torneo Clasificacion;CLASIFICACION;OESTE;2B;7;03/05/2026;ARGENTINO DE CASTELAR B;58;LOS INDIOS DE MORENO B;84
2026;JUVENILES MASCULINO;Fase Regular;Torneo Clasificacion;CLASIFICACION;OESTE;2B;7;03/05/2026;GIMNASIA Y ESGRIMA DE ITUZAINGO A;113;PORTEÑO ATHLETIC CLUB A;46
2026;JUVENILES MASCULINO;Fase Regular;Torneo Clasificacion;CLASIFICACION;OESTE;2B;8;10/05/2026;ARGENTINO DE CASTELAR B;50;PORTEÑO ATHLETIC CLUB A;68
2026;JUVENILES MASCULINO;Fase Regular;Torneo Clasificacion;CLASIFICACION;OESTE;2B;8;10/05/2026;INSTITUCION SARMIENTO B;54;LOS INDIOS DE MORENO B;55
2026;JUVENILES MASCULINO;Fase Regular;Torneo Clasificacion;CLASIFICACION;OESTE;2B;8;10/05/2026;MORON A;103;LEANDRO N ALEM;28
2026;JUVENILES MASCULINO;Fase Regular;Torneo Clasificacion;CLASIFICACION;OESTE;2B;9;17/05/2026;LOS INDIOS DE MORENO B;50;MORON A;92
2026;JUVENILES MASCULINO;Fase Regular;Torneo Clasificacion;CLASIFICACION;OESTE;2B;9;17/05/2026;PORTEÑO ATHLETIC CLUB A;53;INSTITUCION SARMIENTO B;59
2026;JUVENILES MASCULINO;Fase Regular;Torneo Clasificacion;CLASIFICACION;OESTE;2B;9;17/05/2026;GIMNASIA Y ESGRIMA DE ITUZAINGO A;105;ARGENTINO DE CASTELAR B;43
2026;JUVENILES MASCULINO;Fase Regular;Torneo Clasificacion;CLASIFICACION;OESTE;2B;10;24/05/2026;INSTITUCION SARMIENTO B;51;GIMNASIA Y ESGRIMA DE ITUZAINGO A;59
2026;JUVENILES MASCULINO;Fase Regular;Torneo Clasificacion;CLASIFICACION;OESTE;2B;10;24/05/2026;MORON A;83;PORTEÑO ATHLETIC CLUB A;29
2026;JUVENILES MASCULINO;Fase Regular;Torneo Clasificacion;CLASIFICACION;OESTE;2B;10;24/05/2026;LEANDRO N ALEM;27;LOS INDIOS DE MORENO B;73
2026;JUVENILES MASCULINO;Fase Regular;Torneo Clasificacion;CLASIFICACION;OESTE;2B;12;07/06/2026;MORON A;81;ARGENTINO DE CASTELAR B;27
2026;JUVENILES MASCULINO;Fase Regular;Torneo Clasificacion;CLASIFICACION;SUR;2B;1;15/03/2026;BOCA JUNIORS A;109;OLIMPO A;38
2026;JUVENILES MASCULINO;Fase Regular;Torneo Clasificacion;CLASIFICACION;SUR;2B;1;15/03/2026;COUNTRY BANFIELD A;58;LOBOS ATHLETIC CLUB;80
2026;JUVENILES MASCULINO;Fase Regular;Torneo Clasificacion;CLASIFICACION;SUR;2B;1;15/03/2026;TRISTAN SUAREZ;55;CLUB SOCIAL ALEJANDRO KORN;46
2026;JUVENILES MASCULINO;Fase Regular;Torneo Clasificacion;CLASIFICACION;SUR;2B;2;22/03/2026;TRISTAN SUAREZ;38;BOCA JUNIORS A;95
2026;JUVENILES MASCULINO;Fase Regular;Torneo Clasificacion;CLASIFICACION;SUR;2B;2;22/03/2026;CLUB SOCIAL ALEJANDRO KORN;74;COUNTRY BANFIELD A;48
2026;JUVENILES MASCULINO;Fase Regular;Torneo Clasificacion;CLASIFICACION;SUR;2B;2;22/03/2026;LOBOS ATHLETIC CLUB;49;BURZACO FC A;79
2026;JUVENILES MASCULINO;Fase Regular;Torneo Clasificacion;CLASIFICACION;SUR;2B;2;22/03/2026;LOS ANDES;39;OLIMPO A;63
2026;JUVENILES MASCULINO;Fase Regular;Torneo Clasificacion;CLASIFICACION;SUR;2B;3;29/03/2026;BOCA JUNIORS A;114;LOS ANDES;32
2026;JUVENILES MASCULINO;Fase Regular;Torneo Clasificacion;CLASIFICACION;SUR;2B;3;29/03/2026;OLIMPO A;67;LOBOS ATHLETIC CLUB;64
2026;JUVENILES MASCULINO;Fase Regular;Torneo Clasificacion;CLASIFICACION;SUR;2B;3;29/03/2026;BURZACO FC A;53;CLUB SOCIAL ALEJANDRO KORN;46
2026;JUVENILES MASCULINO;Fase Regular;Torneo Clasificacion;CLASIFICACION;SUR;2B;3;29/03/2026;COUNTRY BANFIELD A;45;TRISTAN SUAREZ;62
2026;JUVENILES MASCULINO;Fase Regular;Torneo Clasificacion;CLASIFICACION;SUR;2B;4;12/04/2026;COUNTRY BANFIELD A;37;BOCA JUNIORS A;113
2026;JUVENILES MASCULINO;Fase Regular;Torneo Clasificacion;CLASIFICACION;SUR;2B;4;12/04/2026;TRISTAN SUAREZ;56;BURZACO FC A;54
2026;JUVENILES MASCULINO;Fase Regular;Torneo Clasificacion;CLASIFICACION;SUR;2B;4;12/04/2026;CLUB SOCIAL ALEJANDRO KORN;54;OLIMPO A;45
2026;JUVENILES MASCULINO;Fase Regular;Torneo Clasificacion;CLASIFICACION;SUR;2B;4;12/04/2026;LOBOS ATHLETIC CLUB;82;LOS ANDES;27
2026;JUVENILES MASCULINO;Fase Regular;Torneo Clasificacion;CLASIFICACION;SUR;2B;5;19/04/2026;BOCA JUNIORS A;126;LOBOS ATHLETIC CLUB;59
2026;JUVENILES MASCULINO;Fase Regular;Torneo Clasificacion;CLASIFICACION;SUR;2B;5;19/04/2026;LOS ANDES;21;CLUB SOCIAL ALEJANDRO KORN;70
2026;JUVENILES MASCULINO;Fase Regular;Torneo Clasificacion;CLASIFICACION;SUR;2B;5;19/04/2026;OLIMPO A;42;TRISTAN SUAREZ;61
2026;JUVENILES MASCULINO;Fase Regular;Torneo Clasificacion;CLASIFICACION;SUR;2B;5;19/04/2026;BURZACO FC A;94;COUNTRY BANFIELD A;52
2026;JUVENILES MASCULINO;Fase Regular;Torneo Clasificacion;CLASIFICACION;SUR;2B;6;26/04/2026;BURZACO FC A;47;BOCA JUNIORS A;87
2026;JUVENILES MASCULINO;Fase Regular;Torneo Clasificacion;CLASIFICACION;SUR;2B;6;26/04/2026;COUNTRY BANFIELD A;62;OLIMPO A;61
2026;JUVENILES MASCULINO;Fase Regular;Torneo Clasificacion;CLASIFICACION;SUR;2B;6;26/04/2026;TRISTAN SUAREZ;104;LOS ANDES;24
2026;JUVENILES MASCULINO;Fase Regular;Torneo Clasificacion;CLASIFICACION;SUR;2B;6;26/04/2026;CLUB SOCIAL ALEJANDRO KORN;63;LOBOS ATHLETIC CLUB;49
2026;JUVENILES MASCULINO;Fase Regular;Torneo Clasificacion;CLASIFICACION;SUR;2B;7;03/05/2026;BOCA JUNIORS A;88;CLUB SOCIAL ALEJANDRO KORN;42
2026;JUVENILES MASCULINO;Fase Regular;Torneo Clasificacion;CLASIFICACION;SUR;2B;7;03/05/2026;LOBOS ATHLETIC CLUB;45;TRISTAN SUAREZ;71
2026;JUVENILES MASCULINO;Fase Regular;Torneo Clasificacion;CLASIFICACION;SUR;2B;7;03/05/2026;LOS ANDES;28;COUNTRY BANFIELD A;89
2026;JUVENILES MASCULINO;Fase Regular;Torneo Clasificacion;CLASIFICACION;SUR;2B;7;03/05/2026;OLIMPO A;26;BURZACO FC A;68
2026;JUVENILES MASCULINO;Fase Regular;Torneo Clasificacion;CLASIFICACION;SUR;2B;8;10/05/2026;OLIMPO A;26;BOCA JUNIORS A;130
2026;JUVENILES MASCULINO;Fase Regular;Torneo Clasificacion;CLASIFICACION;SUR;2B;8;10/05/2026;LOS ANDES;23;BURZACO FC A;83
2026;JUVENILES MASCULINO;Fase Regular;Torneo Clasificacion;CLASIFICACION;SUR;2B;8;10/05/2026;LOBOS ATHLETIC CLUB;67;COUNTRY BANFIELD A;39
2026;JUVENILES MASCULINO;Fase Regular;Torneo Clasificacion;CLASIFICACION;SUR;2B;8;10/05/2026;CLUB SOCIAL ALEJANDRO KORN;54;TRISTAN SUAREZ;48
2026;JUVENILES MASCULINO;Fase Regular;Torneo Clasificacion;CLASIFICACION;SUR;2B;9;17/05/2026;BOCA JUNIORS A;123;TRISTAN SUAREZ;40
2026;JUVENILES MASCULINO;Fase Regular;Torneo Clasificacion;CLASIFICACION;SUR;2B;9;17/05/2026;COUNTRY BANFIELD A;41;CLUB SOCIAL ALEJANDRO KORN;58
2026;JUVENILES MASCULINO;Fase Regular;Torneo Clasificacion;CLASIFICACION;SUR;2B;9;17/05/2026;BURZACO FC A;84;LOBOS ATHLETIC CLUB;60
2026;JUVENILES MASCULINO;Fase Regular;Torneo Clasificacion;CLASIFICACION;SUR;2B;9;17/05/2026;OLIMPO A;88;LOS ANDES;25
2026;JUVENILES MASCULINO;Fase Regular;Torneo Clasificacion;CLASIFICACION;SUR;2B;10;24/05/2026;LOS ANDES;27;BOCA JUNIORS A;144
2026;JUVENILES MASCULINO;Fase Regular;Torneo Clasificacion;CLASIFICACION;SUR;2B;10;24/05/2026;LOBOS ATHLETIC CLUB;68;OLIMPO A;42
2026;JUVENILES MASCULINO;Fase Regular;Torneo Clasificacion;CLASIFICACION;SUR;2B;10;24/05/2026;CLUB SOCIAL ALEJANDRO KORN;45;BURZACO FC A;38
2026;JUVENILES MASCULINO;Fase Regular;Torneo Clasificacion;CLASIFICACION;SUR;2B;10;24/05/2026;TRISTAN SUAREZ;63;COUNTRY BANFIELD A;38
2026;JUVENILES MASCULINO;Fase Regular;Torneo Clasificacion;CLASIFICACION;NORTE;3C;1;15/03/2026;BELLA VISTA;51;CAZA Y PESCA B;54
2026;JUVENILES MASCULINO;Fase Regular;Torneo Clasificacion;CLASIFICACION;NORTE;3C;1;15/03/2026;GEVP A;78;SOCIAL BECCAR A;80
2026;JUVENILES MASCULINO;Fase Regular;Torneo Clasificacion;CLASIFICACION;NORTE;3C;1;15/03/2026;BANADE A;56;CLUB TRES DE FEBRERO B;62
2026;JUVENILES MASCULINO;Fase Regular;Torneo Clasificacion;CLASIFICACION;NORTE;3C;2;22/03/2026;BANADE A;49;CENTRO GALICIA;67
2026;JUVENILES MASCULINO;Fase Regular;Torneo Clasificacion;CLASIFICACION;NORTE;3C;2;22/03/2026;CLUB TRES DE FEBRERO B;47;GEVP A;60
2026;JUVENILES MASCULINO;Fase Regular;Torneo Clasificacion;CLASIFICACION;NORTE;3C;2;22/03/2026;SOCIAL BECCAR A;91;BELLA VISTA;41
2026;JUVENILES MASCULINO;Fase Regular;Torneo Clasificacion;CLASIFICACION;NORTE;3C;3;29/03/2026;CENTRO GALICIA;32;CAZA Y PESCA B;85
2026;JUVENILES MASCULINO;Fase Regular;Torneo Clasificacion;CLASIFICACION;NORTE;3C;3;29/03/2026;BELLA VISTA;77;CLUB TRES DE FEBRERO B;89
2026;JUVENILES MASCULINO;Fase Regular;Torneo Clasificacion;CLASIFICACION;NORTE;3C;3;29/03/2026;GEVP A;84;BANADE A;35
2026;JUVENILES MASCULINO;Fase Regular;Torneo Clasificacion;CLASIFICACION;NORTE;3C;4;12/04/2026;GEVP A;110;CENTRO GALICIA;41
2026;JUVENILES MASCULINO;Fase Regular;Torneo Clasificacion;CLASIFICACION;NORTE;3C;4;12/04/2026;BANADE A;63;BELLA VISTA;55
2026;JUVENILES MASCULINO;Fase Regular;Torneo Clasificacion;CLASIFICACION;NORTE;3C;4;12/04/2026;SOCIAL BECCAR A;82;CAZA Y PESCA B;52
2026;JUVENILES MASCULINO;Fase Regular;Torneo Clasificacion;CLASIFICACION;NORTE;3C;5;19/04/2026;CENTRO GALICIA;33;SOCIAL BECCAR A;132
2026;JUVENILES MASCULINO;Fase Regular;Torneo Clasificacion;CLASIFICACION;NORTE;3C;5;19/04/2026;CAZA Y PESCA B;72;CLUB TRES DE FEBRERO B;58
2026;JUVENILES MASCULINO;Fase Regular;Torneo Clasificacion;CLASIFICACION;NORTE;3C;5;19/04/2026;BELLA VISTA;62;GEVP A;102
2026;JUVENILES MASCULINO;Fase Regular;Torneo Clasificacion;CLASIFICACION;NORTE;3C;6;26/04/2026;BELLA VISTA;66;CENTRO GALICIA;64
2026;JUVENILES MASCULINO;Fase Regular;Torneo Clasificacion;CLASIFICACION;NORTE;3C;6;26/04/2026;BANADE A;56;CAZA Y PESCA B;70
2026;JUVENILES MASCULINO;Fase Regular;Torneo Clasificacion;CLASIFICACION;NORTE;3C;6;26/04/2026;CLUB TRES DE FEBRERO B;56;SOCIAL BECCAR A;77
2026;JUVENILES MASCULINO;Fase Regular;Torneo Clasificacion;CLASIFICACION;NORTE;3C;7;03/05/2026;CENTRO GALICIA;44;CLUB TRES DE FEBRERO B;72
2026;JUVENILES MASCULINO;Fase Regular;Torneo Clasificacion;CLASIFICACION;NORTE;3C;7;03/05/2026;SOCIAL BECCAR A;89;BANADE A;44
2026;JUVENILES MASCULINO;Fase Regular;Torneo Clasificacion;CLASIFICACION;NORTE;3C;7;03/05/2026;CAZA Y PESCA B;48;GEVP A;68
2026;JUVENILES MASCULINO;Fase Regular;Torneo Clasificacion;CLASIFICACION;NORTE;3C;8;10/05/2026;CAZA Y PESCA B;59;BELLA VISTA;53
2026;JUVENILES MASCULINO;Fase Regular;Torneo Clasificacion;CLASIFICACION;NORTE;3C;8;10/05/2026;SOCIAL BECCAR A;54;GEVP A;70
2026;JUVENILES MASCULINO;Fase Regular;Torneo Clasificacion;CLASIFICACION;NORTE;3C;8;10/05/2026;CLUB TRES DE FEBRERO B;86;BANADE A;55
2026;JUVENILES MASCULINO;Fase Regular;Torneo Clasificacion;CLASIFICACION;NORTE;3C;9;17/05/2026;CENTRO GALICIA;53;BANADE A;93
2026;JUVENILES MASCULINO;Fase Regular;Torneo Clasificacion;CLASIFICACION;NORTE;3C;9;17/05/2026;GEVP A;95;CLUB TRES DE FEBRERO B;47
2026;JUVENILES MASCULINO;Fase Regular;Torneo Clasificacion;CLASIFICACION;NORTE;3C;9;17/05/2026;BELLA VISTA;64;SOCIAL BECCAR A;86
2026;JUVENILES MASCULINO;Fase Regular;Torneo Clasificacion;CLASIFICACION;NORTE;3C;10;24/05/2026;CAZA Y PESCA B;66;CENTRO GALICIA;46
2026;JUVENILES MASCULINO;Fase Regular;Torneo Clasificacion;CLASIFICACION;NORTE;3C;10;24/05/2026;CLUB TRES DE FEBRERO B;65;BELLA VISTA;47
2026;JUVENILES MASCULINO;Fase Regular;Torneo Clasificacion;CLASIFICACION;NORTE;3C;10;24/05/2026;BANADE A;64;GEVP A;94
2026;JUVENILES MASCULINO;Fase Regular;Torneo Clasificacion;CLASIFICACION;CENTRO;3C;1;15/03/2026;ITALIANO A;113;ARQUITECTURA B;21
2026;JUVENILES MASCULINO;Fase Regular;Torneo Clasificacion;CLASIFICACION;CENTRO;3C;1;15/03/2026;PINOCHO A;99;GEVP B;30
2026;JUVENILES MASCULINO;Fase Regular;Torneo Clasificacion;CLASIFICACION;CENTRO;3C;1;15/03/2026;ARMENIA;53;ALL BOYS A;55
2026;JUVENILES MASCULINO;Fase Regular;Torneo Clasificacion;CLASIFICACION;CENTRO;3C;1;15/03/2026;FERROCARRIL OESTE B;48;PEDRO ECHAGUE A;61
2026;JUVENILES MASCULINO;Fase Regular;Torneo Clasificacion;CLASIFICACION;CENTRO;3C;2;22/03/2026;FERROCARRIL OESTE B;75;ITALIANO A;79
2026;JUVENILES MASCULINO;Fase Regular;Torneo Clasificacion;CLASIFICACION;CENTRO;3C;2;22/03/2026;PEDRO ECHAGUE A;58;ARMENIA;22
2026;JUVENILES MASCULINO;Fase Regular;Torneo Clasificacion;CLASIFICACION;CENTRO;3C;2;22/03/2026;ALL BOYS A;41;PINOCHO A;109
2026;JUVENILES MASCULINO;Fase Regular;Torneo Clasificacion;CLASIFICACION;CENTRO;3C;2;22/03/2026;GEVP B;81;ARQUITECTURA B;30
2026;JUVENILES MASCULINO;Fase Regular;Torneo Clasificacion;CLASIFICACION;CENTRO;3C;3;29/03/2026;ITALIANO A;90;GEVP B;34
2026;JUVENILES MASCULINO;Fase Regular;Torneo Clasificacion;CLASIFICACION;CENTRO;3C;3;29/03/2026;ARQUITECTURA B;34;ALL BOYS A;56
2026;JUVENILES MASCULINO;Fase Regular;Torneo Clasificacion;CLASIFICACION;CENTRO;3C;3;29/03/2026;PINOCHO A;56;PEDRO ECHAGUE A;38
2026;JUVENILES MASCULINO;Fase Regular;Torneo Clasificacion;CLASIFICACION;CENTRO;3C;3;29/03/2026;ARMENIA;44;FERROCARRIL OESTE B;86
2026;JUVENILES MASCULINO;Fase Regular;Torneo Clasificacion;CLASIFICACION;CENTRO;3C;4;12/04/2026;ARMENIA;46;ITALIANO A;82
2026;JUVENILES MASCULINO;Fase Regular;Torneo Clasificacion;CLASIFICACION;CENTRO;3C;4;12/04/2026;FERROCARRIL OESTE B;42;PINOCHO A;74
2026;JUVENILES MASCULINO;Fase Regular;Torneo Clasificacion;CLASIFICACION;CENTRO;3C;4;12/04/2026;PEDRO ECHAGUE A;109;ARQUITECTURA B;28
2026;JUVENILES MASCULINO;Fase Regular;Torneo Clasificacion;CLASIFICACION;CENTRO;3C;4;12/04/2026;ALL BOYS A;54;GEVP B;47
2026;JUVENILES MASCULINO;Fase Regular;Torneo Clasificacion;CLASIFICACION;CENTRO;3C;5;19/04/2026;ITALIANO A;124;ALL BOYS A;38
2026;JUVENILES MASCULINO;Fase Regular;Torneo Clasificacion;CLASIFICACION;CENTRO;3C;5;19/04/2026;GEVP B;26;PEDRO ECHAGUE A;77
2026;JUVENILES MASCULINO;Fase Regular;Torneo Clasificacion;CLASIFICACION;CENTRO;3C;5;19/04/2026;ARQUITECTURA B;53;FERROCARRIL OESTE B;81
2026;JUVENILES MASCULINO;Fase Regular;Torneo Clasificacion;CLASIFICACION;CENTRO;3C;5;19/04/2026;PINOCHO A;79;ARMENIA;25
2026;JUVENILES MASCULINO;Fase Regular;Torneo Clasificacion;CLASIFICACION;CENTRO;3C;6;26/04/2026;PINOCHO A;58;ITALIANO A;64
2026;JUVENILES MASCULINO;Fase Regular;Torneo Clasificacion;CLASIFICACION;CENTRO;3C;6;26/04/2026;ARMENIA;49;ARQUITECTURA B;30
2026;JUVENILES MASCULINO;Fase Regular;Torneo Clasificacion;CLASIFICACION;CENTRO;3C;6;26/04/2026;FERROCARRIL OESTE B;74;GEVP B;54
2026;JUVENILES MASCULINO;Fase Regular;Torneo Clasificacion;CLASIFICACION;CENTRO;3C;6;26/04/2026;PEDRO ECHAGUE A;87;ALL BOYS A;37
2026;JUVENILES MASCULINO;Fase Regular;Torneo Clasificacion;CLASIFICACION;CENTRO;3C;7;03/05/2026;ITALIANO A;83;PEDRO ECHAGUE A;59
2026;JUVENILES MASCULINO;Fase Regular;Torneo Clasificacion;CLASIFICACION;CENTRO;3C;7;03/05/2026;ALL BOYS A;53;FERROCARRIL OESTE B;75
2026;JUVENILES MASCULINO;Fase Regular;Torneo Clasificacion;CLASIFICACION;CENTRO;3C;7;03/05/2026;GEVP B;47;ARMENIA;34
2026;JUVENILES MASCULINO;Fase Regular;Torneo Clasificacion;CLASIFICACION;CENTRO;3C;7;03/05/2026;ARQUITECTURA B;24;PINOCHO A;115
2026;JUVENILES MASCULINO;Fase Regular;Torneo Clasificacion;CLASIFICACION;CENTRO;3C;8;10/05/2026;ARQUITECTURA B;21;ITALIANO A;95
2026;JUVENILES MASCULINO;Fase Regular;Torneo Clasificacion;CLASIFICACION;CENTRO;3C;8;10/05/2026;GEVP B;26;PINOCHO A;70
2026;JUVENILES MASCULINO;Fase Regular;Torneo Clasificacion;CLASIFICACION;CENTRO;3C;8;10/05/2026;ALL BOYS A;45;ARMENIA;59
2026;JUVENILES MASCULINO;Fase Regular;Torneo Clasificacion;CLASIFICACION;CENTRO;3C;8;10/05/2026;PEDRO ECHAGUE A;68;FERROCARRIL OESTE B;33
2026;JUVENILES MASCULINO;Fase Regular;Torneo Clasificacion;CLASIFICACION;CENTRO;3C;9;17/05/2026;ITALIANO A;85;FERROCARRIL OESTE B;52
2026;JUVENILES MASCULINO;Fase Regular;Torneo Clasificacion;CLASIFICACION;CENTRO;3C;9;17/05/2026;ARMENIA;22;PEDRO ECHAGUE A;82
2026;JUVENILES MASCULINO;Fase Regular;Torneo Clasificacion;CLASIFICACION;CENTRO;3C;9;17/05/2026;PINOCHO A;119;ALL BOYS A;24
2026;JUVENILES MASCULINO;Fase Regular;Torneo Clasificacion;CLASIFICACION;CENTRO;3C;9;17/05/2026;ARQUITECTURA B;37;GEVP B;77
2026;JUVENILES MASCULINO;Fase Regular;Torneo Clasificacion;CLASIFICACION;CENTRO;3C;10;24/05/2026;GEVP B;38;ITALIANO A;92
2026;JUVENILES MASCULINO;Fase Regular;Torneo Clasificacion;CLASIFICACION;CENTRO;3C;10;24/05/2026;ALL BOYS A;84;ARQUITECTURA B;46
2026;JUVENILES MASCULINO;Fase Regular;Torneo Clasificacion;CLASIFICACION;CENTRO;3C;10;24/05/2026;PEDRO ECHAGUE A;57;PINOCHO A;67
2026;JUVENILES MASCULINO;Fase Regular;Torneo Clasificacion;CLASIFICACION;CENTRO;3C;10;24/05/2026;FERROCARRIL OESTE B;61;ARMENIA;47
2026;JUVENILES MASCULINO;Fase Regular;Torneo Clasificacion;CLASIFICACION;OESTE;3C;1;15/03/2026;SAN MIGUEL B;47;DEFENSORES DE HURLINGHAM A;60
2026;JUVENILES MASCULINO;Fase Regular;Torneo Clasificacion;CLASIFICACION;OESTE;3C;1;15/03/2026;UNIVERSIDAD DE LA MATANZA;64;EL PORVENIR;37
2026;JUVENILES MASCULINO;Fase Regular;Torneo Clasificacion;CLASIFICACION;OESTE;3C;1;15/03/2026;MIDLAND;55;HURACAN DE SAN JUSTO A;66
2026;JUVENILES MASCULINO;Fase Regular;Torneo Clasificacion;CLASIFICACION;OESTE;3C;2;22/03/2026;MIDLAND;59;SAN MIGUEL B;73
2026;JUVENILES MASCULINO;Fase Regular;Torneo Clasificacion;CLASIFICACION;OESTE;3C;2;22/03/2026;HURACAN DE SAN JUSTO A;73;UNIVERSIDAD DE LA MATANZA;42
2026;JUVENILES MASCULINO;Fase Regular;Torneo Clasificacion;CLASIFICACION;OESTE;3C;2;22/03/2026;EL PORVENIR;21;INSTITUCION SARMIENTO A;129
2026;JUVENILES MASCULINO;Fase Regular;Torneo Clasificacion;CLASIFICACION;OESTE;3C;3;29/03/2026;DEFENSORES DE HURLINGHAM A;75;EL PORVENIR;27
2026;JUVENILES MASCULINO;Fase Regular;Torneo Clasificacion;CLASIFICACION;OESTE;3C;3;29/03/2026;INSTITUCION SARMIENTO A;82;HURACAN DE SAN JUSTO A;42
2026;JUVENILES MASCULINO;Fase Regular;Torneo Clasificacion;CLASIFICACION;OESTE;3C;3;29/03/2026;UNIVERSIDAD DE LA MATANZA;70;MIDLAND;75
2026;JUVENILES MASCULINO;Fase Regular;Torneo Clasificacion;CLASIFICACION;OESTE;3C;4;12/04/2026;UNIVERSIDAD DE LA MATANZA;32;SAN MIGUEL B;78
2026;JUVENILES MASCULINO;Fase Regular;Torneo Clasificacion;CLASIFICACION;OESTE;3C;4;12/04/2026;MIDLAND;27;INSTITUCION SARMIENTO A;107
2026;JUVENILES MASCULINO;Fase Regular;Torneo Clasificacion;CLASIFICACION;OESTE;3C;4;12/04/2026;HURACAN DE SAN JUSTO A;55;DEFENSORES DE HURLINGHAM A;62
2026;JUVENILES MASCULINO;Fase Regular;Torneo Clasificacion;CLASIFICACION;OESTE;3C;5;19/04/2026;SAN MIGUEL B;110;EL PORVENIR;34
2026;JUVENILES MASCULINO;Fase Regular;Torneo Clasificacion;CLASIFICACION;OESTE;3C;5;19/04/2026;DEFENSORES DE HURLINGHAM A;59;MIDLAND;49
2026;JUVENILES MASCULINO;Fase Regular;Torneo Clasificacion;CLASIFICACION;OESTE;3C;5;19/04/2026;INSTITUCION SARMIENTO A;107;UNIVERSIDAD DE LA MATANZA;39
2026;JUVENILES MASCULINO;Fase Regular;Torneo Clasificacion;CLASIFICACION;OESTE;3C;6;26/04/2026;INSTITUCION SARMIENTO A;94;SAN MIGUEL B;61
2026;JUVENILES MASCULINO;Fase Regular;Torneo Clasificacion;CLASIFICACION;OESTE;3C;6;26/04/2026;UNIVERSIDAD DE LA MATANZA;60;DEFENSORES DE HURLINGHAM A;64
2026;JUVENILES MASCULINO;Fase Regular;Torneo Clasificacion;CLASIFICACION;OESTE;3C;6;26/04/2026;HURACAN DE SAN JUSTO A;87;EL PORVENIR;38
2026;JUVENILES MASCULINO;Fase Regular;Torneo Clasificacion;CLASIFICACION;OESTE;3C;7;03/05/2026;SAN MIGUEL B;86;HURACAN DE SAN JUSTO A;52
2026;JUVENILES MASCULINO;Fase Regular;Torneo Clasificacion;CLASIFICACION;OESTE;3C;7;03/05/2026;EL PORVENIR;31;MIDLAND;74
2026;JUVENILES MASCULINO;Fase Regular;Torneo Clasificacion;CLASIFICACION;OESTE;3C;7;03/05/2026;DEFENSORES DE HURLINGHAM A;34;INSTITUCION SARMIENTO A;91
2026;JUVENILES MASCULINO;Fase Regular;Torneo Clasificacion;CLASIFICACION;OESTE;3C;8;10/05/2026;DEFENSORES DE HURLINGHAM A;48;SAN MIGUEL B;63
2026;JUVENILES MASCULINO;Fase Regular;Torneo Clasificacion;CLASIFICACION;OESTE;3C;8;10/05/2026;EL PORVENIR;38;UNIVERSIDAD DE LA MATANZA;65
2026;JUVENILES MASCULINO;Fase Regular;Torneo Clasificacion;CLASIFICACION;OESTE;3C;8;10/05/2026;HURACAN DE SAN JUSTO A;70;MIDLAND;33
2026;JUVENILES MASCULINO;Fase Regular;Torneo Clasificacion;CLASIFICACION;OESTE;3C;9;17/05/2026;SAN MIGUEL B;93;MIDLAND;63
2026;JUVENILES MASCULINO;Fase Regular;Torneo Clasificacion;CLASIFICACION;OESTE;3C;9;17/05/2026;UNIVERSIDAD DE LA MATANZA;55;HURACAN DE SAN JUSTO A;80
2026;JUVENILES MASCULINO;Fase Regular;Torneo Clasificacion;CLASIFICACION;OESTE;3C;9;17/05/2026;INSTITUCION SARMIENTO A;128;EL PORVENIR;30
2026;JUVENILES MASCULINO;Fase Regular;Torneo Clasificacion;CLASIFICACION;OESTE;3C;10;24/05/2026;EL PORVENIR;36;DEFENSORES DE HURLINGHAM A;58
2026;JUVENILES MASCULINO;Fase Regular;Torneo Clasificacion;CLASIFICACION;OESTE;3C;10;24/05/2026;HURACAN DE SAN JUSTO A;49;INSTITUCION SARMIENTO A;68
2026;JUVENILES MASCULINO;Fase Regular;Torneo Clasificacion;CLASIFICACION;OESTE;3C;10;24/05/2026;MIDLAND;76;UNIVERSIDAD DE LA MATANZA;71
2026;JUVENILES MASCULINO;Fase Regular;Torneo Clasificacion;CLASIFICACION;SUR;3C;1;15/03/2026;GIMNASIA Y ESGRIMA DE LA PLATA A;78;LANUS A;44
2026;JUVENILES MASCULINO;Fase Regular;Torneo Clasificacion;CLASIFICACION;SUR;3C;1;15/03/2026;INDEPENDIENTE de BURZACO;49;TEMPERLEY;55
2026;JUVENILES MASCULINO;Fase Regular;Torneo Clasificacion;CLASIFICACION;SUR;3C;1;15/03/2026;RACING CLUB;75;UNION VILLEGAS;41
2026;JUVENILES MASCULINO;Fase Regular;Torneo Clasificacion;CLASIFICACION;SUR;3C;1;15/03/2026;CAÑUELAS FC;67;BOCA JUNIORS B;55
2026;JUVENILES MASCULINO;Fase Regular;Torneo Clasificacion;CLASIFICACION;SUR;3C;2;22/03/2026;CAÑUELAS FC;33;GIMNASIA Y ESGRIMA DE LA PLATA A;76
2026;JUVENILES MASCULINO;Fase Regular;Torneo Clasificacion;CLASIFICACION;SUR;3C;2;22/03/2026;BOCA JUNIORS B;52;RACING CLUB;54
2026;JUVENILES MASCULINO;Fase Regular;Torneo Clasificacion;CLASIFICACION;SUR;3C;2;22/03/2026;UNION VILLEGAS;64;INDEPENDIENTE de BURZACO;61
2026;JUVENILES MASCULINO;Fase Regular;Torneo Clasificacion;CLASIFICACION;SUR;3C;2;22/03/2026;TEMPERLEY;50;LANUS A;68
2026;JUVENILES MASCULINO;Fase Regular;Torneo Clasificacion;CLASIFICACION;SUR;3C;3;29/03/2026;GIMNASIA Y ESGRIMA DE LA PLATA A;78;TEMPERLEY;42
2026;JUVENILES MASCULINO;Fase Regular;Torneo Clasificacion;CLASIFICACION;SUR;3C;3;29/03/2026;LANUS A;97;UNION VILLEGAS;54
2026;JUVENILES MASCULINO;Fase Regular;Torneo Clasificacion;CLASIFICACION;SUR;3C;3;29/03/2026;INDEPENDIENTE de BURZACO;64;BOCA JUNIORS B;61
2026;JUVENILES MASCULINO;Fase Regular;Torneo Clasificacion;CLASIFICACION;SUR;3C;3;29/03/2026;RACING CLUB;66;CAÑUELAS FC;39
2026;JUVENILES MASCULINO;Fase Regular;Torneo Clasificacion;CLASIFICACION;SUR;3C;4;12/04/2026;RACING CLUB;58;GIMNASIA Y ESGRIMA DE LA PLATA A;87
2026;JUVENILES MASCULINO;Fase Regular;Torneo Clasificacion;CLASIFICACION;SUR;3C;4;12/04/2026;CAÑUELAS FC;56;INDEPENDIENTE de BURZACO;35
2026;JUVENILES MASCULINO;Fase Regular;Torneo Clasificacion;CLASIFICACION;SUR;3C;4;12/04/2026;BOCA JUNIORS B;51;LANUS A;87
2026;JUVENILES MASCULINO;Fase Regular;Torneo Clasificacion;CLASIFICACION;SUR;3C;4;12/04/2026;UNION VILLEGAS;55;TEMPERLEY;63
2026;JUVENILES MASCULINO;Fase Regular;Torneo Clasificacion;CLASIFICACION;SUR;3C;5;19/04/2026;GIMNASIA Y ESGRIMA DE LA PLATA A;119;UNION VILLEGAS;31
2026;JUVENILES MASCULINO;Fase Regular;Torneo Clasificacion;CLASIFICACION;SUR;3C;5;19/04/2026;TEMPERLEY;70;BOCA JUNIORS B;64
2026;JUVENILES MASCULINO;Fase Regular;Torneo Clasificacion;CLASIFICACION;SUR;3C;5;19/04/2026;LANUS A;91;CAÑUELAS FC;31
2026;JUVENILES MASCULINO;Fase Regular;Torneo Clasificacion;CLASIFICACION;SUR;3C;5;19/04/2026;INDEPENDIENTE de BURZACO;40;RACING CLUB;70
2026;JUVENILES MASCULINO;Fase Regular;Torneo Clasificacion;CLASIFICACION;SUR;3C;6;26/04/2026;INDEPENDIENTE de BURZACO;45;GIMNASIA Y ESGRIMA DE LA PLATA A;82
2026;JUVENILES MASCULINO;Fase Regular;Torneo Clasificacion;CLASIFICACION;SUR;3C;6;26/04/2026;RACING CLUB;48;LANUS A;75
2026;JUVENILES MASCULINO;Fase Regular;Torneo Clasificacion;CLASIFICACION;SUR;3C;6;26/04/2026;CAÑUELAS FC;79;TEMPERLEY;37
2026;JUVENILES MASCULINO;Fase Regular;Torneo Clasificacion;CLASIFICACION;SUR;3C;6;26/04/2026;BOCA JUNIORS B;58;UNION VILLEGAS;48
2026;JUVENILES MASCULINO;Fase Regular;Torneo Clasificacion;CLASIFICACION;SUR;3C;7;03/05/2026;GIMNASIA Y ESGRIMA DE LA PLATA A;92;BOCA JUNIORS B;35
2026;JUVENILES MASCULINO;Fase Regular;Torneo Clasificacion;CLASIFICACION;SUR;3C;7;03/05/2026;UNION VILLEGAS;44;CAÑUELAS FC;63
2026;JUVENILES MASCULINO;Fase Regular;Torneo Clasificacion;CLASIFICACION;SUR;3C;7;03/05/2026;TEMPERLEY;66;RACING CLUB;73
2026;JUVENILES MASCULINO;Fase Regular;Torneo Clasificacion;CLASIFICACION;SUR;3C;7;03/05/2026;LANUS A;83;INDEPENDIENTE de BURZACO;52
2026;JUVENILES MASCULINO;Fase Regular;Torneo Clasificacion;CLASIFICACION;SUR;3C;8;10/05/2026;LANUS A;76;GIMNASIA Y ESGRIMA DE LA PLATA A;79
2026;JUVENILES MASCULINO;Fase Regular;Torneo Clasificacion;CLASIFICACION;SUR;3C;8;10/05/2026;TEMPERLEY;77;INDEPENDIENTE de BURZACO;86
2026;JUVENILES MASCULINO;Fase Regular;Torneo Clasificacion;CLASIFICACION;SUR;3C;8;10/05/2026;UNION VILLEGAS;63;RACING CLUB;69
2026;JUVENILES MASCULINO;Fase Regular;Torneo Clasificacion;CLASIFICACION;SUR;3C;8;10/05/2026;BOCA JUNIORS B;61;CAÑUELAS FC;64
2026;JUVENILES MASCULINO;Fase Regular;Torneo Clasificacion;CLASIFICACION;SUR;3C;9;17/05/2026;GIMNASIA Y ESGRIMA DE LA PLATA A;69;CAÑUELAS FC;35
2026;JUVENILES MASCULINO;Fase Regular;Torneo Clasificacion;CLASIFICACION;SUR;3C;9;17/05/2026;RACING CLUB;66;BOCA JUNIORS B;63
2026;JUVENILES MASCULINO;Fase Regular;Torneo Clasificacion;CLASIFICACION;SUR;3C;9;17/05/2026;INDEPENDIENTE de BURZACO;70;UNION VILLEGAS;59
2026;JUVENILES MASCULINO;Fase Regular;Torneo Clasificacion;CLASIFICACION;SUR;3C;9;17/05/2026;LANUS A;93;TEMPERLEY;35
2026;JUVENILES MASCULINO;Fase Regular;Torneo Clasificacion;CLASIFICACION;SUR;3C;10;24/05/2026;TEMPERLEY;51;GIMNASIA Y ESGRIMA DE LA PLATA A;95
2026;JUVENILES MASCULINO;Fase Regular;Torneo Clasificacion;CLASIFICACION;SUR;3C;10;24/05/2026;UNION VILLEGAS;42;LANUS A;99
2026;JUVENILES MASCULINO;Fase Regular;Torneo Clasificacion;CLASIFICACION;SUR;3C;10;24/05/2026;BOCA JUNIORS B;51;INDEPENDIENTE de BURZACO;59
2026;JUVENILES MASCULINO;Fase Regular;Torneo Clasificacion;CLASIFICACION;SUR;3C;10;24/05/2026;CAÑUELAS FC;74;RACING CLUB;57
2026;JUVENILES MASCULINO;Fase Regular;Torneo Reclasificatorio;RECLASIFICACION;CENTRO;2A;1;15/03/2026;JOSE HERNANDEZ B;51;RACING ANEXO;36
2026;JUVENILES MASCULINO;Fase Regular;Torneo Reclasificatorio;RECLASIFICACION;CENTRO;2A;1;15/03/2026;PEDRO ECHAGUE B;34;ALDO BONZI;50
2026;JUVENILES MASCULINO;Fase Regular;Torneo Reclasificatorio;RECLASIFICACION;CENTRO;2A;1;15/03/2026;NAUTICO BUCHARDO B;40;DEPORTIVO CROVARA B;49
2026;JUVENILES MASCULINO;Fase Regular;Torneo Reclasificatorio;RECLASIFICACION;CENTRO;2A;1;15/03/2026;NUEVA CHICAGO;26;ITALIANO B;112
2026;JUVENILES MASCULINO;Fase Regular;Torneo Reclasificatorio;RECLASIFICACION;CENTRO;2A;1;15/03/2026;JUVENCIA;47;IMPERIO B;64
2026;JUVENILES MASCULINO;Fase Regular;Torneo Reclasificatorio;RECLASIFICACION;CENTRO;2A;2;22/03/2026;JUVENCIA;61;JOSE HERNANDEZ B;46
2026;JUVENILES MASCULINO;Fase Regular;Torneo Reclasificatorio;RECLASIFICACION;CENTRO;2A;2;22/03/2026;IMPERIO B;78;NUEVA CHICAGO;9
2026;JUVENILES MASCULINO;Fase Regular;Torneo Reclasificatorio;RECLASIFICACION;CENTRO;2A;2;22/03/2026;ITALIANO B;119;NAUTICO BUCHARDO B;23
2026;JUVENILES MASCULINO;Fase Regular;Torneo Reclasificatorio;RECLASIFICACION;CENTRO;2A;2;22/03/2026;DEPORTIVO CROVARA B;32;PEDRO ECHAGUE B;40
2026;JUVENILES MASCULINO;Fase Regular;Torneo Reclasificatorio;RECLASIFICACION;CENTRO;2A;2;22/03/2026;ALDO BONZI;65;RACING ANEXO;39
2026;JUVENILES MASCULINO;Fase Regular;Torneo Reclasificatorio;RECLASIFICACION;CENTRO;2A;3;29/03/2026;JOSE HERNANDEZ B;48;ALDO BONZI;56
2026;JUVENILES MASCULINO;Fase Regular;Torneo Reclasificatorio;RECLASIFICACION;CENTRO;2A;3;29/03/2026;RACING ANEXO;52;DEPORTIVO CROVARA B;47
2026;JUVENILES MASCULINO;Fase Regular;Torneo Reclasificatorio;RECLASIFICACION;CENTRO;2A;3;29/03/2026;PEDRO ECHAGUE B;36;ITALIANO B;66
2026;JUVENILES MASCULINO;Fase Regular;Torneo Reclasificatorio;RECLASIFICACION;CENTRO;2A;3;29/03/2026;NAUTICO BUCHARDO B;38;IMPERIO B;85
2026;JUVENILES MASCULINO;Fase Regular;Torneo Reclasificatorio;RECLASIFICACION;CENTRO;2A;3;29/03/2026;NUEVA CHICAGO;27;JUVENCIA;77
2026;JUVENILES MASCULINO;Fase Regular;Torneo Reclasificatorio;RECLASIFICACION;CENTRO;2A;4;12/04/2026;NUEVA CHICAGO;0;JOSE HERNANDEZ B;20
2026;JUVENILES MASCULINO;Fase Regular;Torneo Reclasificatorio;RECLASIFICACION;CENTRO;2A;4;12/04/2026;JUVENCIA;87;NAUTICO BUCHARDO B;70
2026;JUVENILES MASCULINO;Fase Regular;Torneo Reclasificatorio;RECLASIFICACION;CENTRO;2A;4;12/04/2026;IMPERIO B;0;PEDRO ECHAGUE B;20
2026;JUVENILES MASCULINO;Fase Regular;Torneo Reclasificatorio;RECLASIFICACION;CENTRO;2A;4;12/04/2026;ITALIANO B;86;RACING ANEXO;22
2026;JUVENILES MASCULINO;Fase Regular;Torneo Reclasificatorio;RECLASIFICACION;CENTRO;2A;4;12/04/2026;DEPORTIVO CROVARA B;27;ALDO BONZI;21
2026;JUVENILES MASCULINO;Fase Regular;Torneo Reclasificatorio;RECLASIFICACION;CENTRO;2A;5;19/04/2026;JOSE HERNANDEZ B;53;DEPORTIVO CROVARA B;26
2026;JUVENILES MASCULINO;Fase Regular;Torneo Reclasificatorio;RECLASIFICACION;CENTRO;2A;5;19/04/2026;ALDO BONZI;47;ITALIANO B;73
2026;JUVENILES MASCULINO;Fase Regular;Torneo Reclasificatorio;RECLASIFICACION;CENTRO;2A;5;19/04/2026;RACING ANEXO;33;IMPERIO B;80
2026;JUVENILES MASCULINO;Fase Regular;Torneo Reclasificatorio;RECLASIFICACION;CENTRO;2A;5;19/04/2026;PEDRO ECHAGUE B;20;JUVENCIA;0
2026;JUVENILES MASCULINO;Fase Regular;Torneo Reclasificatorio;RECLASIFICACION;CENTRO;2A;5;19/04/2026;NAUTICO BUCHARDO B;59;NUEVA CHICAGO;26
2026;JUVENILES MASCULINO;Fase Regular;Torneo Reclasificatorio;RECLASIFICACION;CENTRO;2A;6;26/04/2026;NAUTICO BUCHARDO B;39;JOSE HERNANDEZ B;50
2026;JUVENILES MASCULINO;Fase Regular;Torneo Reclasificatorio;RECLASIFICACION;CENTRO;2A;6;26/04/2026;NUEVA CHICAGO;40;PEDRO ECHAGUE B;46
2026;JUVENILES MASCULINO;Fase Regular;Torneo Reclasificatorio;RECLASIFICACION;CENTRO;2A;6;26/04/2026;JUVENCIA;73;RACING ANEXO;49
2026;JUVENILES MASCULINO;Fase Regular;Torneo Reclasificatorio;RECLASIFICACION;CENTRO;2A;6;26/04/2026;IMPERIO B;59;ALDO BONZI;53
2026;JUVENILES MASCULINO;Fase Regular;Torneo Reclasificatorio;RECLASIFICACION;CENTRO;2A;6;26/04/2026;ITALIANO B;86;DEPORTIVO CROVARA B;39
2026;JUVENILES MASCULINO;Fase Regular;Torneo Reclasificatorio;RECLASIFICACION;CENTRO;2A;7;03/05/2026;JOSE HERNANDEZ B;40;ITALIANO B;51
2026;JUVENILES MASCULINO;Fase Regular;Torneo Reclasificatorio;RECLASIFICACION;CENTRO;2A;7;03/05/2026;DEPORTIVO CROVARA B;22;IMPERIO B;43
2026;JUVENILES MASCULINO;Fase Regular;Torneo Reclasificatorio;RECLASIFICACION;CENTRO;2A;7;03/05/2026;ALDO BONZI;62;JUVENCIA;72
2026;JUVENILES MASCULINO;Fase Regular;Torneo Reclasificatorio;RECLASIFICACION;CENTRO;2A;7;03/05/2026;RACING ANEXO;48;NUEVA CHICAGO;36
2026;JUVENILES MASCULINO;Fase Regular;Torneo Reclasificatorio;RECLASIFICACION;CENTRO;2A;7;03/05/2026;PEDRO ECHAGUE B;52;NAUTICO BUCHARDO B;34
2026;JUVENILES MASCULINO;Fase Regular;Torneo Reclasificatorio;RECLASIFICACION;CENTRO;2A;8;10/05/2026;PEDRO ECHAGUE B;30;JOSE HERNANDEZ B;33
2026;JUVENILES MASCULINO;Fase Regular;Torneo Reclasificatorio;RECLASIFICACION;CENTRO;2A;8;10/05/2026;NAUTICO BUCHARDO B;44;RACING ANEXO;51
2026;JUVENILES MASCULINO;Fase Regular;Torneo Reclasificatorio;RECLASIFICACION;CENTRO;2A;8;10/05/2026;NUEVA CHICAGO;39;ALDO BONZI;82
2026;JUVENILES MASCULINO;Fase Regular;Torneo Reclasificatorio;RECLASIFICACION;CENTRO;2A;8;10/05/2026;JUVENCIA;76;DEPORTIVO CROVARA B;51
2026;JUVENILES MASCULINO;Fase Regular;Torneo Reclasificatorio;RECLASIFICACION;CENTRO;2A;8;10/05/2026;IMPERIO B;60;ITALIANO B;66
2026;JUVENILES MASCULINO;Fase Regular;Torneo Reclasificatorio;RECLASIFICACION;CENTRO;2A;9;17/05/2026;JOSE HERNANDEZ B;32;IMPERIO B;49
2026;JUVENILES MASCULINO;Fase Regular;Torneo Reclasificatorio;RECLASIFICACION;CENTRO;2A;9;17/05/2026;ITALIANO B;59;JUVENCIA;65
2026;JUVENILES MASCULINO;Fase Regular;Torneo Reclasificatorio;RECLASIFICACION;CENTRO;2A;9;17/05/2026;DEPORTIVO CROVARA B;35;NUEVA CHICAGO;17
2026;JUVENILES MASCULINO;Fase Regular;Torneo Reclasificatorio;RECLASIFICACION;CENTRO;2A;9;17/05/2026;ALDO BONZI;68;NAUTICO BUCHARDO B;53
2026;JUVENILES MASCULINO;Fase Regular;Torneo Reclasificatorio;RECLASIFICACION;CENTRO;2A;9;17/05/2026;RACING ANEXO;46;PEDRO ECHAGUE B;44
2026;JUVENILES MASCULINO;Fase Regular;Torneo Reclasificatorio;RECLASIFICACION;CENTRO;2A;10;24/05/2026;RACING ANEXO;57;JOSE HERNANDEZ B;58
2026;JUVENILES MASCULINO;Fase Regular;Torneo Reclasificatorio;RECLASIFICACION;CENTRO;2A;10;24/05/2026;ALDO BONZI;55;PEDRO ECHAGUE B;47
2026;JUVENILES MASCULINO;Fase Regular;Torneo Reclasificatorio;RECLASIFICACION;CENTRO;2A;10;24/05/2026;DEPORTIVO CROVARA B;44;NAUTICO BUCHARDO B;35
2026;JUVENILES MASCULINO;Fase Regular;Torneo Reclasificatorio;RECLASIFICACION;CENTRO;2A;10;24/05/2026;ITALIANO B;105;NUEVA CHICAGO;33
2026;JUVENILES MASCULINO;Fase Regular;Torneo Reclasificatorio;RECLASIFICACION;CENTRO;2A;10;24/05/2026;IMPERIO B;52;JUVENCIA;49
2026;JUVENILES MASCULINO;Fase Regular;Torneo Reclasificatorio;RECLASIFICACION;CENTRO;2B;1;15/03/2026;ALL BOYS B;0;ALL BOYS DE SAAVEDRA;20
2026;JUVENILES MASCULINO;Fase Regular;Torneo Reclasificatorio;RECLASIFICACION;CENTRO;2B;1;15/03/2026;SAN LORENZO B;57;CIRCULO URQUIZA A;27
2026;JUVENILES MASCULINO;Fase Regular;Torneo Reclasificatorio;RECLASIFICACION;CENTRO;2B;1;15/03/2026;DEPORTIVO SAN ANDRES;61;CLUB ATLETICO HURACAN DE PARQUE PATRICIOS;81
2026;JUVENILES MASCULINO;Fase Regular;Torneo Reclasificatorio;RECLASIFICACION;CENTRO;2B;1;15/03/2026;GEBA;50;MACABI;36
2026;JUVENILES MASCULINO;Fase Regular;Torneo Reclasificatorio;RECLASIFICACION;CENTRO;2B;1;15/03/2026;ARGENTINOS JUNIORS;46;COMUNICACIONES B;40
2026;JUVENILES MASCULINO;Fase Regular;Torneo Reclasificatorio;RECLASIFICACION;CENTRO;2B;2;22/03/2026;ARGENTINOS JUNIORS;61;ALL BOYS B;22
2026;JUVENILES MASCULINO;Fase Regular;Torneo Reclasificatorio;RECLASIFICACION;CENTRO;2B;2;22/03/2026;COMUNICACIONES B;44;GEBA;72
2026;JUVENILES MASCULINO;Fase Regular;Torneo Reclasificatorio;RECLASIFICACION;CENTRO;2B;2;22/03/2026;MACABI;73;DEPORTIVO SAN ANDRES;62
2026;JUVENILES MASCULINO;Fase Regular;Torneo Reclasificatorio;RECLASIFICACION;CENTRO;2B;2;22/03/2026;CLUB ATLETICO HURACAN DE PARQUE PATRICIOS;69;SAN LORENZO B;41
2026;JUVENILES MASCULINO;Fase Regular;Torneo Reclasificatorio;RECLASIFICACION;CENTRO;2B;2;22/03/2026;CIRCULO URQUIZA A;74;ALL BOYS DE SAAVEDRA;62
2026;JUVENILES MASCULINO;Fase Regular;Torneo Reclasificatorio;RECLASIFICACION;CENTRO;2B;3;29/03/2026;ALL BOYS B;37;CIRCULO URQUIZA A;61
2026;JUVENILES MASCULINO;Fase Regular;Torneo Reclasificatorio;RECLASIFICACION;CENTRO;2B;3;29/03/2026;ALL BOYS DE SAAVEDRA;43;CLUB ATLETICO HURACAN DE PARQUE PATRICIOS;70
2026;JUVENILES MASCULINO;Fase Regular;Torneo Reclasificatorio;RECLASIFICACION;CENTRO;2B;3;29/03/2026;SAN LORENZO B;49;MACABI;56
2026;JUVENILES MASCULINO;Fase Regular;Torneo Reclasificatorio;RECLASIFICACION;CENTRO;2B;3;29/03/2026;DEPORTIVO SAN ANDRES;57;COMUNICACIONES B;62
2026;JUVENILES MASCULINO;Fase Regular;Torneo Reclasificatorio;RECLASIFICACION;CENTRO;2B;3;29/03/2026;GEBA;102;ARGENTINOS JUNIORS;30
2026;JUVENILES MASCULINO;Fase Regular;Torneo Reclasificatorio;RECLASIFICACION;CENTRO;2B;4;12/04/2026;GEBA;107;ALL BOYS B;15
2026;JUVENILES MASCULINO;Fase Regular;Torneo Reclasificatorio;RECLASIFICACION;CENTRO;2B;4;12/04/2026;ARGENTINOS JUNIORS;21;DEPORTIVO SAN ANDRES;47
2026;JUVENILES MASCULINO;Fase Regular;Torneo Reclasificatorio;RECLASIFICACION;CENTRO;2B;4;12/04/2026;COMUNICACIONES B;49;SAN LORENZO B;42
2026;JUVENILES MASCULINO;Fase Regular;Torneo Reclasificatorio;RECLASIFICACION;CENTRO;2B;4;12/04/2026;MACABI;88;ALL BOYS DE SAAVEDRA;45
2026;JUVENILES MASCULINO;Fase Regular;Torneo Reclasificatorio;RECLASIFICACION;CENTRO;2B;4;12/04/2026;CLUB ATLETICO HURACAN DE PARQUE PATRICIOS;71;CIRCULO URQUIZA A;29
2026;JUVENILES MASCULINO;Fase Regular;Torneo Reclasificatorio;RECLASIFICACION;CENTRO;2B;5;19/04/2026;ALL BOYS B;30;CLUB ATLETICO HURACAN DE PARQUE PATRICIOS;68
2026;JUVENILES MASCULINO;Fase Regular;Torneo Reclasificatorio;RECLASIFICACION;CENTRO;2B;5;19/04/2026;CIRCULO URQUIZA A;52;MACABI;87
2026;JUVENILES MASCULINO;Fase Regular;Torneo Reclasificatorio;RECLASIFICACION;CENTRO;2B;5;19/04/2026;ALL BOYS DE SAAVEDRA;41;COMUNICACIONES B;53
2026;JUVENILES MASCULINO;Fase Regular;Torneo Reclasificatorio;RECLASIFICACION;CENTRO;2B;5;19/04/2026;SAN LORENZO B;65;ARGENTINOS JUNIORS;39
2026;JUVENILES MASCULINO;Fase Regular;Torneo Reclasificatorio;RECLASIFICACION;CENTRO;2B;5;19/04/2026;DEPORTIVO SAN ANDRES;56;GEBA;100
2026;JUVENILES MASCULINO;Fase Regular;Torneo Reclasificatorio;RECLASIFICACION;CENTRO;2B;6;26/04/2026;DEPORTIVO SAN ANDRES;118;ALL BOYS B;21
2026;JUVENILES MASCULINO;Fase Regular;Torneo Reclasificatorio;RECLASIFICACION;CENTRO;2B;6;26/04/2026;GEBA;77;SAN LORENZO B;35
2026;JUVENILES MASCULINO;Fase Regular;Torneo Reclasificatorio;RECLASIFICACION;CENTRO;2B;6;26/04/2026;ARGENTINOS JUNIORS;45;ALL BOYS DE SAAVEDRA;42
2026;JUVENILES MASCULINO;Fase Regular;Torneo Reclasificatorio;RECLASIFICACION;CENTRO;2B;6;26/04/2026;COMUNICACIONES B;65;CIRCULO URQUIZA A;74
2026;JUVENILES MASCULINO;Fase Regular;Torneo Reclasificatorio;RECLASIFICACION;CENTRO;2B;6;26/04/2026;MACABI;48;CLUB ATLETICO HURACAN DE PARQUE PATRICIOS;62
2026;JUVENILES MASCULINO;Fase Regular;Torneo Reclasificatorio;RECLASIFICACION;CENTRO;2B;7;03/05/2026;ALL BOYS B;17;MACABI;99
2026;JUVENILES MASCULINO;Fase Regular;Torneo Reclasificatorio;RECLASIFICACION;CENTRO;2B;7;03/05/2026;CLUB ATLETICO HURACAN DE PARQUE PATRICIOS;49;COMUNICACIONES B;45
2026;JUVENILES MASCULINO;Fase Regular;Torneo Reclasificatorio;RECLASIFICACION;CENTRO;2B;7;03/05/2026;CIRCULO URQUIZA A;55;ARGENTINOS JUNIORS;62
2026;JUVENILES MASCULINO;Fase Regular;Torneo Reclasificatorio;RECLASIFICACION;CENTRO;2B;7;03/05/2026;ALL BOYS DE SAAVEDRA;37;GEBA;82
2026;JUVENILES MASCULINO;Fase Regular;Torneo Reclasificatorio;RECLASIFICACION;CENTRO;2B;7;03/05/2026;SAN LORENZO B;56;DEPORTIVO SAN ANDRES;70
2026;JUVENILES MASCULINO;Fase Regular;Torneo Reclasificatorio;RECLASIFICACION;CENTRO;2B;8;10/05/2026;SAN LORENZO B;66;ALL BOYS B;30
2026;JUVENILES MASCULINO;Fase Regular;Torneo Reclasificatorio;RECLASIFICACION;CENTRO;2B;8;10/05/2026;DEPORTIVO SAN ANDRES;76;ALL BOYS DE SAAVEDRA;60
2026;JUVENILES MASCULINO;Fase Regular;Torneo Reclasificatorio;RECLASIFICACION;CENTRO;2B;8;10/05/2026;GEBA;85;CIRCULO URQUIZA A;28
2026;JUVENILES MASCULINO;Fase Regular;Torneo Reclasificatorio;RECLASIFICACION;CENTRO;2B;8;10/05/2026;ARGENTINOS JUNIORS;27;CLUB ATLETICO HURACAN DE PARQUE PATRICIOS;45
2026;JUVENILES MASCULINO;Fase Regular;Torneo Reclasificatorio;RECLASIFICACION;CENTRO;2B;8;10/05/2026;COMUNICACIONES B;46;MACABI;61
2026;JUVENILES MASCULINO;Fase Regular;Torneo Reclasificatorio;RECLASIFICACION;CENTRO;2B;9;17/05/2026;ALL BOYS B;32;COMUNICACIONES B;60
2026;JUVENILES MASCULINO;Fase Regular;Torneo Reclasificatorio;RECLASIFICACION;CENTRO;2B;9;17/05/2026;MACABI;67;ARGENTINOS JUNIORS;32
2026;JUVENILES MASCULINO;Fase Regular;Torneo Reclasificatorio;RECLASIFICACION;CENTRO;2B;9;17/05/2026;CLUB ATLETICO HURACAN DE PARQUE PATRICIOS;59;GEBA;64
2026;JUVENILES MASCULINO;Fase Regular;Torneo Reclasificatorio;RECLASIFICACION;CENTRO;2B;9;17/05/2026;CIRCULO URQUIZA A;56;DEPORTIVO SAN ANDRES;65
2026;JUVENILES MASCULINO;Fase Regular;Torneo Reclasificatorio;RECLASIFICACION;CENTRO;2B;9;17/05/2026;ALL BOYS DE SAAVEDRA;34;SAN LORENZO B;47
2026;JUVENILES MASCULINO;Fase Regular;Torneo Reclasificatorio;RECLASIFICACION;CENTRO;2B;10;24/05/2026;ALL BOYS DE SAAVEDRA;67;ALL BOYS B;51
2026;JUVENILES MASCULINO;Fase Regular;Torneo Reclasificatorio;RECLASIFICACION;CENTRO;2B;10;24/05/2026;CIRCULO URQUIZA A;50;SAN LORENZO B;69
2026;JUVENILES MASCULINO;Fase Regular;Torneo Reclasificatorio;RECLASIFICACION;CENTRO;2B;10;24/05/2026;CLUB ATLETICO HURACAN DE PARQUE PATRICIOS;68;DEPORTIVO SAN ANDRES;47
2026;JUVENILES MASCULINO;Fase Regular;Torneo Reclasificatorio;RECLASIFICACION;CENTRO;2B;10;24/05/2026;MACABI;58;GEBA;62
2026;JUVENILES MASCULINO;Fase Regular;Torneo Reclasificatorio;RECLASIFICACION;CENTRO;2B;10;24/05/2026;COMUNICACIONES B;50;ARGENTINOS JUNIORS;42
2026;JUVENILES MASCULINO;Fase Regular;Torneo Reclasificatorio;RECLASIFICACION;NORTE;2A;1;15/03/2026;HEBRAICA;21;LAS HERAS A;119
2026;JUVENILES MASCULINO;Fase Regular;Torneo Reclasificatorio;RECLASIFICACION;NORTE;2A;1;15/03/2026;CIUDAD DE BUENOS AIRES B;58;17 DE AGOSTO;42
2026;JUVENILES MASCULINO;Fase Regular;Torneo Reclasificatorio;RECLASIFICACION;NORTE;2A;1;15/03/2026;COLEGIALES B;45;PINOCHO C;35
2026;JUVENILES MASCULINO;Fase Regular;Torneo Reclasificatorio;RECLASIFICACION;NORTE;2A;1;15/03/2026;NAUTICO HACOAJ B;21;HARRODS GATH Y CHAVES;97
2026;JUVENILES MASCULINO;Fase Regular;Torneo Reclasificatorio;RECLASIFICACION;NORTE;2A;2;22/03/2026;NAUTICO HACOAJ B;56;HEBRAICA;31
2026;JUVENILES MASCULINO;Fase Regular;Torneo Reclasificatorio;RECLASIFICACION;NORTE;2A;2;22/03/2026;HARRODS GATH Y CHAVES;94;COLEGIALES B;19
2026;JUVENILES MASCULINO;Fase Regular;Torneo Reclasificatorio;RECLASIFICACION;NORTE;2A;2;22/03/2026;PINOCHO C;31;CIUDAD DE BUENOS AIRES B;62
2026;JUVENILES MASCULINO;Fase Regular;Torneo Reclasificatorio;RECLASIFICACION;NORTE;2A;2;22/03/2026;17 DE AGOSTO;62;LAS HERAS A;58
2026;JUVENILES MASCULINO;Fase Regular;Torneo Reclasificatorio;RECLASIFICACION;NORTE;2A;3;29/03/2026;HEBRAICA;21;17 DE AGOSTO;109
2026;JUVENILES MASCULINO;Fase Regular;Torneo Reclasificatorio;RECLASIFICACION;NORTE;2A;3;29/03/2026;LAS HERAS A;88;PINOCHO C;32
2026;JUVENILES MASCULINO;Fase Regular;Torneo Reclasificatorio;RECLASIFICACION;NORTE;2A;3;29/03/2026;CIUDAD DE BUENOS AIRES B;63;HARRODS GATH Y CHAVES;53
2026;JUVENILES MASCULINO;Fase Regular;Torneo Reclasificatorio;RECLASIFICACION;NORTE;2A;3;29/03/2026;COLEGIALES B;37;NAUTICO HACOAJ B;45
2026;JUVENILES MASCULINO;Fase Regular;Torneo Reclasificatorio;RECLASIFICACION;NORTE;2A;4;12/04/2026;COLEGIALES B;66;HEBRAICA;27
2026;JUVENILES MASCULINO;Fase Regular;Torneo Reclasificatorio;RECLASIFICACION;NORTE;2A;4;12/04/2026;NAUTICO HACOAJ B;55;CIUDAD DE BUENOS AIRES B;65
2026;JUVENILES MASCULINO;Fase Regular;Torneo Reclasificatorio;RECLASIFICACION;NORTE;2A;4;12/04/2026;HARRODS GATH Y CHAVES;81;LAS HERAS A;46
2026;JUVENILES MASCULINO;Fase Regular;Torneo Reclasificatorio;RECLASIFICACION;NORTE;2A;4;12/04/2026;PINOCHO C;43;17 DE AGOSTO;86
2026;JUVENILES MASCULINO;Fase Regular;Torneo Reclasificatorio;RECLASIFICACION;NORTE;2A;5;19/04/2026;HEBRAICA;26;PINOCHO C;65
2026;JUVENILES MASCULINO;Fase Regular;Torneo Reclasificatorio;RECLASIFICACION;NORTE;2A;5;19/04/2026;17 DE AGOSTO;36;HARRODS GATH Y CHAVES;77
2026;JUVENILES MASCULINO;Fase Regular;Torneo Reclasificatorio;RECLASIFICACION;NORTE;2A;5;19/04/2026;LAS HERAS A;67;NAUTICO HACOAJ B;52
2026;JUVENILES MASCULINO;Fase Regular;Torneo Reclasificatorio;RECLASIFICACION;NORTE;2A;5;19/04/2026;CIUDAD DE BUENOS AIRES B;56;COLEGIALES B;34
2026;JUVENILES MASCULINO;Fase Regular;Torneo Reclasificatorio;RECLASIFICACION;NORTE;2A;6;26/04/2026;CIUDAD DE BUENOS AIRES B;104;HEBRAICA;17
2026;JUVENILES MASCULINO;Fase Regular;Torneo Reclasificatorio;RECLASIFICACION;NORTE;2A;6;26/04/2026;COLEGIALES B;36;LAS HERAS A;64
2026;JUVENILES MASCULINO;Fase Regular;Torneo Reclasificatorio;RECLASIFICACION;NORTE;2A;6;26/04/2026;NAUTICO HACOAJ B;44;17 DE AGOSTO;71
2026;JUVENILES MASCULINO;Fase Regular;Torneo Reclasificatorio;RECLASIFICACION;NORTE;2A;6;26/04/2026;HARRODS GATH Y CHAVES;100;PINOCHO C;25
2026;JUVENILES MASCULINO;Fase Regular;Torneo Reclasificatorio;RECLASIFICACION;NORTE;2A;7;03/05/2026;HEBRAICA;15;HARRODS GATH Y CHAVES;97
2026;JUVENILES MASCULINO;Fase Regular;Torneo Reclasificatorio;RECLASIFICACION;NORTE;2A;7;03/05/2026;PINOCHO C;21;NAUTICO HACOAJ B;47
2026;JUVENILES MASCULINO;Fase Regular;Torneo Reclasificatorio;RECLASIFICACION;NORTE;2A;7;03/05/2026;17 DE AGOSTO;66;COLEGIALES B;27
2026;JUVENILES MASCULINO;Fase Regular;Torneo Reclasificatorio;RECLASIFICACION;NORTE;2A;7;03/05/2026;LAS HERAS A;54;CIUDAD DE BUENOS AIRES B;58
2026;JUVENILES MASCULINO;Fase Regular;Torneo Reclasificatorio;RECLASIFICACION;NORTE;2A;8;10/05/2026;LAS HERAS A;116;HEBRAICA;24
2026;JUVENILES MASCULINO;Fase Regular;Torneo Reclasificatorio;RECLASIFICACION;NORTE;2A;8;10/05/2026;17 DE AGOSTO;38;CIUDAD DE BUENOS AIRES B;45
2026;JUVENILES MASCULINO;Fase Regular;Torneo Reclasificatorio;RECLASIFICACION;NORTE;2A;8;10/05/2026;PINOCHO C;28;COLEGIALES B;36
2026;JUVENILES MASCULINO;Fase Regular;Torneo Reclasificatorio;RECLASIFICACION;NORTE;2A;8;10/05/2026;HARRODS GATH Y CHAVES;78;NAUTICO HACOAJ B;37
2026;JUVENILES MASCULINO;Fase Regular;Torneo Reclasificatorio;RECLASIFICACION;NORTE;2A;9;17/05/2026;HEBRAICA;25;NAUTICO HACOAJ B;57
2026;JUVENILES MASCULINO;Fase Regular;Torneo Reclasificatorio;RECLASIFICACION;NORTE;2A;9;17/05/2026;COLEGIALES B;19;HARRODS GATH Y CHAVES;103
2026;JUVENILES MASCULINO;Fase Regular;Torneo Reclasificatorio;RECLASIFICACION;NORTE;2A;9;17/05/2026;CIUDAD DE BUENOS AIRES B;67;PINOCHO C;27
2026;JUVENILES MASCULINO;Fase Regular;Torneo Reclasificatorio;RECLASIFICACION;NORTE;2A;9;17/05/2026;LAS HERAS A;73;17 DE AGOSTO;62
2026;JUVENILES MASCULINO;Fase Regular;Torneo Reclasificatorio;RECLASIFICACION;NORTE;2A;10;24/05/2026;17 DE AGOSTO;84;HEBRAICA;16
2026;JUVENILES MASCULINO;Fase Regular;Torneo Reclasificatorio;RECLASIFICACION;NORTE;2A;10;24/05/2026;PINOCHO C;30;LAS HERAS A;64
2026;JUVENILES MASCULINO;Fase Regular;Torneo Reclasificatorio;RECLASIFICACION;NORTE;2A;10;24/05/2026;HARRODS GATH Y CHAVES;65;CIUDAD DE BUENOS AIRES B;37
2026;JUVENILES MASCULINO;Fase Regular;Torneo Reclasificatorio;RECLASIFICACION;NORTE;2A;10;24/05/2026;NAUTICO HACOAJ B;58;COLEGIALES B;39
2026;JUVENILES MASCULINO;Fase Regular;Torneo Reclasificatorio;RECLASIFICACION;NORTE;2B;1;15/03/2026;BANCO PROVINCIA A;86;COOPERATIVA TORTUGUITAS;53
2026;JUVENILES MASCULINO;Fase Regular;Torneo Reclasificatorio;RECLASIFICACION;NORTE;2B;1;15/03/2026;SOCIAL BECCAR B;51;SPORTIVO PILAR B;57
2026;JUVENILES MASCULINO;Fase Regular;Torneo Reclasificatorio;RECLASIFICACION;NORTE;2B;1;15/03/2026;CLUB ATENEO INGENIERO RAVER;97;VICTORIA B;50
2026;JUVENILES MASCULINO;Fase Regular;Torneo Reclasificatorio;RECLASIFICACION;NORTE;2B;1;15/03/2026;INDEPENDIENTE DE ESCOBAR;49;BANCO NACION A;93
2026;JUVENILES MASCULINO;Fase Regular;Torneo Reclasificatorio;RECLASIFICACION;NORTE;2B;2;22/03/2026;INDEPENDIENTE DE ESCOBAR;67;CLUB SOCIAL Y DEPORTIVO ARENAL;64
2026;JUVENILES MASCULINO;Fase Regular;Torneo Reclasificatorio;RECLASIFICACION;NORTE;2B;2;22/03/2026;BANCO NACION A;57;CLUB ATENEO INGENIERO RAVER;55
2026;JUVENILES MASCULINO;Fase Regular;Torneo Reclasificatorio;RECLASIFICACION;NORTE;2B;2;22/03/2026;VICTORIA B;78;SOCIAL BECCAR B;41
2026;JUVENILES MASCULINO;Fase Regular;Torneo Reclasificatorio;RECLASIFICACION;NORTE;2B;2;22/03/2026;SPORTIVO PILAR B;28;BANCO PROVINCIA A;97
2026;JUVENILES MASCULINO;Fase Regular;Torneo Reclasificatorio;RECLASIFICACION;NORTE;2B;3;29/03/2026;CLUB SOCIAL Y DEPORTIVO ARENAL;36;COOPERATIVA TORTUGUITAS;52
2026;JUVENILES MASCULINO;Fase Regular;Torneo Reclasificatorio;RECLASIFICACION;NORTE;2B;3;29/03/2026;BANCO PROVINCIA A;68;VICTORIA B;38
2026;JUVENILES MASCULINO;Fase Regular;Torneo Reclasificatorio;RECLASIFICACION;NORTE;2B;3;29/03/2026;SOCIAL BECCAR B;13;BANCO NACION A;97
2026;JUVENILES MASCULINO;Fase Regular;Torneo Reclasificatorio;RECLASIFICACION;NORTE;2B;3;29/03/2026;CLUB ATENEO INGENIERO RAVER;90;INDEPENDIENTE DE ESCOBAR;36
2026;JUVENILES MASCULINO;Fase Regular;Torneo Reclasificatorio;RECLASIFICACION;NORTE;2B;4;12/04/2026;CLUB ATENEO INGENIERO RAVER;67;CLUB SOCIAL Y DEPORTIVO ARENAL;49
2026;JUVENILES MASCULINO;Fase Regular;Torneo Reclasificatorio;RECLASIFICACION;NORTE;2B;4;12/04/2026;INDEPENDIENTE DE ESCOBAR;72;SOCIAL BECCAR B;48
2026;JUVENILES MASCULINO;Fase Regular;Torneo Reclasificatorio;RECLASIFICACION;NORTE;2B;4;12/04/2026;BANCO NACION A;54;BANCO PROVINCIA A;67
2026;JUVENILES MASCULINO;Fase Regular;Torneo Reclasificatorio;RECLASIFICACION;NORTE;2B;4;12/04/2026;SPORTIVO PILAR B;32;COOPERATIVA TORTUGUITAS;74
2026;JUVENILES MASCULINO;Fase Regular;Torneo Reclasificatorio;RECLASIFICACION;NORTE;2B;5;19/04/2026;CLUB SOCIAL Y DEPORTIVO ARENAL;72;SPORTIVO PILAR B;35
2026;JUVENILES MASCULINO;Fase Regular;Torneo Reclasificatorio;RECLASIFICACION;NORTE;2B;5;19/04/2026;COOPERATIVA TORTUGUITAS;69;VICTORIA B;37
2026;JUVENILES MASCULINO;Fase Regular;Torneo Reclasificatorio;RECLASIFICACION;NORTE;2B;5;19/04/2026;BANCO PROVINCIA A;103;INDEPENDIENTE DE ESCOBAR;34
2026;JUVENILES MASCULINO;Fase Regular;Torneo Reclasificatorio;RECLASIFICACION;NORTE;2B;5;19/04/2026;SOCIAL BECCAR B;32;CLUB ATENEO INGENIERO RAVER;75
2026;JUVENILES MASCULINO;Fase Regular;Torneo Reclasificatorio;RECLASIFICACION;NORTE;2B;6;26/04/2026;SOCIAL BECCAR B;34;CLUB SOCIAL Y DEPORTIVO ARENAL;58
2026;JUVENILES MASCULINO;Fase Regular;Torneo Reclasificatorio;RECLASIFICACION;NORTE;2B;6;26/04/2026;CLUB ATENEO INGENIERO RAVER;64;BANCO PROVINCIA A;70
2026;JUVENILES MASCULINO;Fase Regular;Torneo Reclasificatorio;RECLASIFICACION;NORTE;2B;6;26/04/2026;BANCO NACION A;65;COOPERATIVA TORTUGUITAS;50
2026;JUVENILES MASCULINO;Fase Regular;Torneo Reclasificatorio;RECLASIFICACION;NORTE;2B;6;26/04/2026;VICTORIA B;52;SPORTIVO PILAR B;58
2026;JUVENILES MASCULINO;Fase Regular;Torneo Reclasificatorio;RECLASIFICACION;NORTE;2B;7;03/05/2026;CLUB SOCIAL Y DEPORTIVO ARENAL;51;VICTORIA B;48
2026;JUVENILES MASCULINO;Fase Regular;Torneo Reclasificatorio;RECLASIFICACION;NORTE;2B;7;03/05/2026;SPORTIVO PILAR B;26;BANCO NACION A;94
2026;JUVENILES MASCULINO;Fase Regular;Torneo Reclasificatorio;RECLASIFICACION;NORTE;2B;7;03/05/2026;COOPERATIVA TORTUGUITAS;62;INDEPENDIENTE DE ESCOBAR;48
2026;JUVENILES MASCULINO;Fase Regular;Torneo Reclasificatorio;RECLASIFICACION;NORTE;2B;7;03/05/2026;BANCO PROVINCIA A;90;SOCIAL BECCAR B;29
2026;JUVENILES MASCULINO;Fase Regular;Torneo Reclasificatorio;RECLASIFICACION;NORTE;2B;8;10/05/2026;BANCO PROVINCIA A;78;CLUB SOCIAL Y DEPORTIVO ARENAL;42
2026;JUVENILES MASCULINO;Fase Regular;Torneo Reclasificatorio;RECLASIFICACION;NORTE;2B;8;10/05/2026;CLUB ATENEO INGENIERO RAVER;69;COOPERATIVA TORTUGUITAS;39
2026;JUVENILES MASCULINO;Fase Regular;Torneo Reclasificatorio;RECLASIFICACION;NORTE;2B;8;10/05/2026;INDEPENDIENTE DE ESCOBAR;59;SPORTIVO PILAR B;60
2026;JUVENILES MASCULINO;Fase Regular;Torneo Reclasificatorio;RECLASIFICACION;NORTE;2B;8;10/05/2026;BANCO NACION A;80;VICTORIA B;35
2026;JUVENILES MASCULINO;Fase Regular;Torneo Reclasificatorio;RECLASIFICACION;NORTE;2B;9;17/05/2026;CLUB SOCIAL Y DEPORTIVO ARENAL;42;BANCO NACION A;55
2026;JUVENILES MASCULINO;Fase Regular;Torneo Reclasificatorio;RECLASIFICACION;NORTE;2B;9;17/05/2026;VICTORIA B;54;INDEPENDIENTE DE ESCOBAR;61
2026;JUVENILES MASCULINO;Fase Regular;Torneo Reclasificatorio;RECLASIFICACION;NORTE;2B;9;17/05/2026;SPORTIVO PILAR B;41;CLUB ATENEO INGENIERO RAVER;74
2026;JUVENILES MASCULINO;Fase Regular;Torneo Reclasificatorio;RECLASIFICACION;NORTE;2B;9;17/05/2026;COOPERATIVA TORTUGUITAS;90;SOCIAL BECCAR B;26
2026;JUVENILES MASCULINO;Fase Regular;Torneo Reclasificatorio;RECLASIFICACION;NORTE;2B;10;24/05/2026;COOPERATIVA TORTUGUITAS;39;BANCO PROVINCIA A;48
2026;JUVENILES MASCULINO;Fase Regular;Torneo Reclasificatorio;RECLASIFICACION;NORTE;2B;10;24/05/2026;SPORTIVO PILAR B;78;SOCIAL BECCAR B;45
2026;JUVENILES MASCULINO;Fase Regular;Torneo Reclasificatorio;RECLASIFICACION;NORTE;2B;10;24/05/2026;VICTORIA B;39;CLUB ATENEO INGENIERO RAVER;64
2026;JUVENILES MASCULINO;Fase Regular;Torneo Reclasificatorio;RECLASIFICACION;NORTE;2B;10;24/05/2026;BANCO NACION A;119;INDEPENDIENTE DE ESCOBAR;30
2026;JUVENILES MASCULINO;Fase Regular;Torneo Reclasificatorio;RECLASIFICACION;NORTE;3C;1;15/03/2026;BANCO NACION B;55;CLUB TRES DE FEBRERO C;30
2026;JUVENILES MASCULINO;Fase Regular;Torneo Reclasificatorio;RECLASIFICACION;NORTE;3C;1;15/03/2026;VICTORIA A;82;SAN FERNANDO B;35
2026;JUVENILES MASCULINO;Fase Regular;Torneo Reclasificatorio;RECLASIFICACION;NORTE;3C;1;15/03/2026;UNIVERSIDAD DE BUENOS AIRES;0;PLATENSE B;20
2026;JUVENILES MASCULINO;Fase Regular;Torneo Reclasificatorio;RECLASIFICACION;NORTE;3C;1;15/03/2026;ATLETICO BOULOGNE A;14;NAUTICO BUCHARDO A;117
2026;JUVENILES MASCULINO;Fase Regular;Torneo Reclasificatorio;RECLASIFICACION;NORTE;3C;2;22/03/2026;ATLETICO BOULOGNE A;48;BANCO NACION B;69
2026;JUVENILES MASCULINO;Fase Regular;Torneo Reclasificatorio;RECLASIFICACION;NORTE;3C;2;22/03/2026;NAUTICO BUCHARDO A;74;UNIVERSIDAD DE BUENOS AIRES;57
2026;JUVENILES MASCULINO;Fase Regular;Torneo Reclasificatorio;RECLASIFICACION;NORTE;3C;2;22/03/2026;PLATENSE B;20;VICTORIA A;76
2026;JUVENILES MASCULINO;Fase Regular;Torneo Reclasificatorio;RECLASIFICACION;NORTE;3C;2;22/03/2026;SAN FERNANDO B;80;CLUB TRES DE FEBRERO C;39
2026;JUVENILES MASCULINO;Fase Regular;Torneo Reclasificatorio;RECLASIFICACION;NORTE;3C;3;29/03/2026;BANCO NACION B;39;SAN FERNANDO B;37
2026;JUVENILES MASCULINO;Fase Regular;Torneo Reclasificatorio;RECLASIFICACION;NORTE;3C;3;29/03/2026;CLUB TRES DE FEBRERO C;32;PLATENSE B;72
2026;JUVENILES MASCULINO;Fase Regular;Torneo Reclasificatorio;RECLASIFICACION;NORTE;3C;3;29/03/2026;VICTORIA A;73;NAUTICO BUCHARDO A;67
2026;JUVENILES MASCULINO;Fase Regular;Torneo Reclasificatorio;RECLASIFICACION;NORTE;3C;3;29/03/2026;UNIVERSIDAD DE BUENOS AIRES;92;ATLETICO BOULOGNE A;25
2026;JUVENILES MASCULINO;Fase Regular;Torneo Reclasificatorio;RECLASIFICACION;NORTE;3C;4;12/04/2026;UNIVERSIDAD DE BUENOS AIRES;65;BANCO NACION B;30
2026;JUVENILES MASCULINO;Fase Regular;Torneo Reclasificatorio;RECLASIFICACION;NORTE;3C;4;12/04/2026;ATLETICO BOULOGNE A;14;VICTORIA A;105
2026;JUVENILES MASCULINO;Fase Regular;Torneo Reclasificatorio;RECLASIFICACION;NORTE;3C;4;12/04/2026;NAUTICO BUCHARDO A;106;CLUB TRES DE FEBRERO C;15
2026;JUVENILES MASCULINO;Fase Regular;Torneo Reclasificatorio;RECLASIFICACION;NORTE;3C;4;12/04/2026;PLATENSE B;34;SAN FERNANDO B;49
2026;JUVENILES MASCULINO;Fase Regular;Torneo Reclasificatorio;RECLASIFICACION;NORTE;3C;5;19/04/2026;BANCO NACION B;31;PLATENSE B;44
2026;JUVENILES MASCULINO;Fase Regular;Torneo Reclasificatorio;RECLASIFICACION;NORTE;3C;5;19/04/2026;SAN FERNANDO B;39;NAUTICO BUCHARDO A;60
2026;JUVENILES MASCULINO;Fase Regular;Torneo Reclasificatorio;RECLASIFICACION;NORTE;3C;5;19/04/2026;CLUB TRES DE FEBRERO C;46;ATLETICO BOULOGNE A;47
2026;JUVENILES MASCULINO;Fase Regular;Torneo Reclasificatorio;RECLASIFICACION;NORTE;3C;5;19/04/2026;VICTORIA A;65;UNIVERSIDAD DE BUENOS AIRES;50
2026;JUVENILES MASCULINO;Fase Regular;Torneo Reclasificatorio;RECLASIFICACION;NORTE;3C;6;26/04/2026;VICTORIA A;130;BANCO NACION B;17
2026;JUVENILES MASCULINO;Fase Regular;Torneo Reclasificatorio;RECLASIFICACION;NORTE;3C;6;26/04/2026;UNIVERSIDAD DE BUENOS AIRES;101;CLUB TRES DE FEBRERO C;27
2026;JUVENILES MASCULINO;Fase Regular;Torneo Reclasificatorio;RECLASIFICACION;NORTE;3C;6;26/04/2026;ATLETICO BOULOGNE A;20;SAN FERNANDO B;0
2026;JUVENILES MASCULINO;Fase Regular;Torneo Reclasificatorio;RECLASIFICACION;NORTE;3C;6;26/04/2026;NAUTICO BUCHARDO A;74;PLATENSE B;29
2026;JUVENILES MASCULINO;Fase Regular;Torneo Reclasificatorio;RECLASIFICACION;NORTE;3C;7;03/05/2026;BANCO NACION B;20;NAUTICO BUCHARDO A;100
2026;JUVENILES MASCULINO;Fase Regular;Torneo Reclasificatorio;RECLASIFICACION;NORTE;3C;7;03/05/2026;PLATENSE B;47;ATLETICO BOULOGNE A;53
2026;JUVENILES MASCULINO;Fase Regular;Torneo Reclasificatorio;RECLASIFICACION;NORTE;3C;7;03/05/2026;SAN FERNANDO B;42;UNIVERSIDAD DE BUENOS AIRES;77
2026;JUVENILES MASCULINO;Fase Regular;Torneo Reclasificatorio;RECLASIFICACION;NORTE;3C;7;03/05/2026;CLUB TRES DE FEBRERO C;14;VICTORIA A;135
2026;JUVENILES MASCULINO;Fase Regular;Torneo Reclasificatorio;RECLASIFICACION;NORTE;3C;8;10/05/2026;CLUB TRES DE FEBRERO C;62;BANCO NACION B;48
2026;JUVENILES MASCULINO;Fase Regular;Torneo Reclasificatorio;RECLASIFICACION;NORTE;3C;8;10/05/2026;SAN FERNANDO B;52;VICTORIA A;90
2026;JUVENILES MASCULINO;Fase Regular;Torneo Reclasificatorio;RECLASIFICACION;NORTE;3C;8;10/05/2026;PLATENSE B;39;UNIVERSIDAD DE BUENOS AIRES;74
2026;JUVENILES MASCULINO;Fase Regular;Torneo Reclasificatorio;RECLASIFICACION;NORTE;3C;8;10/05/2026;NAUTICO BUCHARDO A;90;ATLETICO BOULOGNE A;23
2026;JUVENILES MASCULINO;Fase Regular;Torneo Reclasificatorio;RECLASIFICACION;NORTE;3C;9;17/05/2026;BANCO NACION B;34;ATLETICO BOULOGNE A;30
2026;JUVENILES MASCULINO;Fase Regular;Torneo Reclasificatorio;RECLASIFICACION;NORTE;3C;9;17/05/2026;UNIVERSIDAD DE BUENOS AIRES;62;NAUTICO BUCHARDO A;64
2026;JUVENILES MASCULINO;Fase Regular;Torneo Reclasificatorio;RECLASIFICACION;NORTE;3C;9;17/05/2026;VICTORIA A;118;PLATENSE B;26
2026;JUVENILES MASCULINO;Fase Regular;Torneo Reclasificatorio;RECLASIFICACION;NORTE;3C;9;17/05/2026;CLUB TRES DE FEBRERO C;37;SAN FERNANDO B;58
2026;JUVENILES MASCULINO;Fase Regular;Torneo Reclasificatorio;RECLASIFICACION;NORTE;3C;10;24/05/2026;SAN FERNANDO B;64;BANCO NACION B;24
2026;JUVENILES MASCULINO;Fase Regular;Torneo Reclasificatorio;RECLASIFICACION;NORTE;3C;10;24/05/2026;PLATENSE B;67;CLUB TRES DE FEBRERO C;61
2026;JUVENILES MASCULINO;Fase Regular;Torneo Reclasificatorio;RECLASIFICACION;NORTE;3C;10;24/05/2026;NAUTICO BUCHARDO A;59;VICTORIA A;81
2026;JUVENILES MASCULINO;Fase Regular;Torneo Reclasificatorio;RECLASIFICACION;NORTE;3C;10;24/05/2026;ATLETICO BOULOGNE A;31;UNIVERSIDAD DE BUENOS AIRES;84
2026;JUVENILES MASCULINO;Fase Regular;Torneo Reclasificatorio;RECLASIFICACION;OESTE;2A;1;15/03/2026;NOLTING;45;DEFENSORES DE MORENO A;61
2026;JUVENILES MASCULINO;Fase Regular;Torneo Reclasificatorio;RECLASIFICACION;OESTE;2A;1;15/03/2026;CENTRO ESPAÑOL;54;GIMNASIA Y ESGRIMA DE ITUZAINGO B;66
2026;JUVENILES MASCULINO;Fase Regular;Torneo Reclasificatorio;RECLASIFICACION;OESTE;2A;1;15/03/2026;CLUB CEPA;108;CLUB PORTUGUES DEL GRAN BUENOS AIRES;44
2026;JUVENILES MASCULINO;Fase Regular;Torneo Reclasificatorio;RECLASIFICACION;OESTE;2A;1;15/03/2026;DEP. MORON B;52;SITAS B;39
2026;JUVENILES MASCULINO;Fase Regular;Torneo Reclasificatorio;RECLASIFICACION;OESTE;2A;2;22/03/2026;DEP. MORON B;20;RAMOS MEJIA LTC;0
2026;JUVENILES MASCULINO;Fase Regular;Torneo Reclasificatorio;RECLASIFICACION;OESTE;2A;2;22/03/2026;SITAS B;24;CLUB CEPA;82
2026;JUVENILES MASCULINO;Fase Regular;Torneo Reclasificatorio;RECLASIFICACION;OESTE;2A;2;22/03/2026;CLUB PORTUGUES DEL GRAN BUENOS AIRES;48;CENTRO ESPAÑOL;52
2026;JUVENILES MASCULINO;Fase Regular;Torneo Reclasificatorio;RECLASIFICACION;OESTE;2A;2;22/03/2026;GIMNASIA Y ESGRIMA DE ITUZAINGO B;69;NOLTING;39
2026;JUVENILES MASCULINO;Fase Regular;Torneo Reclasificatorio;RECLASIFICACION;OESTE;2A;3;29/03/2026;RAMOS MEJIA LTC;55;DEFENSORES DE MORENO A;53
2026;JUVENILES MASCULINO;Fase Regular;Torneo Reclasificatorio;RECLASIFICACION;OESTE;2A;3;29/03/2026;NOLTING;69;CLUB PORTUGUES DEL GRAN BUENOS AIRES;46
2026;JUVENILES MASCULINO;Fase Regular;Torneo Reclasificatorio;RECLASIFICACION;OESTE;2A;3;29/03/2026;CENTRO ESPAÑOL;81;SITAS B;28
2026;JUVENILES MASCULINO;Fase Regular;Torneo Reclasificatorio;RECLASIFICACION;OESTE;2A;3;29/03/2026;CLUB CEPA;86;DEP. MORON B;44
2026;JUVENILES MASCULINO;Fase Regular;Torneo Reclasificatorio;RECLASIFICACION;OESTE;2A;4;12/04/2026;CLUB CEPA;80;RAMOS MEJIA LTC;38
2026;JUVENILES MASCULINO;Fase Regular;Torneo Reclasificatorio;RECLASIFICACION;OESTE;2A;4;12/04/2026;DEP. MORON B;60;CENTRO ESPAÑOL;69
2026;JUVENILES MASCULINO;Fase Regular;Torneo Reclasificatorio;RECLASIFICACION;OESTE;2A;4;12/04/2026;CLUB PORTUGUES DEL GRAN BUENOS AIRES;33;FERROCARRIL OESTE C;66
2026;JUVENILES MASCULINO;Fase Regular;Torneo Reclasificatorio;RECLASIFICACION;OESTE;2A;4;12/04/2026;GIMNASIA Y ESGRIMA DE ITUZAINGO B;60;DEFENSORES DE MORENO A;53
2026;JUVENILES MASCULINO;Fase Regular;Torneo Reclasificatorio;RECLASIFICACION;OESTE;2A;5;19/04/2026;RAMOS MEJIA LTC;40;GIMNASIA Y ESGRIMA DE ITUZAINGO B;61
2026;JUVENILES MASCULINO;Fase Regular;Torneo Reclasificatorio;RECLASIFICACION;OESTE;2A;5;19/04/2026;DEFENSORES DE MORENO A;47;CLUB PORTUGUES DEL GRAN BUENOS AIRES;44
2026;JUVENILES MASCULINO;Fase Regular;Torneo Reclasificatorio;RECLASIFICACION;OESTE;2A;5;19/04/2026;FERROCARRIL OESTE C;75;SITAS B;49
2026;JUVENILES MASCULINO;Fase Regular;Torneo Reclasificatorio;RECLASIFICACION;OESTE;2A;5;19/04/2026;NOLTING;85;DEP. MORON B;61
2026;JUVENILES MASCULINO;Fase Regular;Torneo Reclasificatorio;RECLASIFICACION;OESTE;2A;5;19/04/2026;CENTRO ESPAÑOL;48;CLUB CEPA;91
2026;JUVENILES MASCULINO;Fase Regular;Torneo Reclasificatorio;RECLASIFICACION;OESTE;2A;6;26/04/2026;CENTRO ESPAÑOL;73;RAMOS MEJIA LTC;71
2026;JUVENILES MASCULINO;Fase Regular;Torneo Reclasificatorio;RECLASIFICACION;OESTE;2A;6;26/04/2026;CLUB CEPA;78;NOLTING;55
2026;JUVENILES MASCULINO;Fase Regular;Torneo Reclasificatorio;RECLASIFICACION;OESTE;2A;6;26/04/2026;SITAS B;39;DEFENSORES DE MORENO A;67
2026;JUVENILES MASCULINO;Fase Regular;Torneo Reclasificatorio;RECLASIFICACION;OESTE;2A;6;26/04/2026;CLUB PORTUGUES DEL GRAN BUENOS AIRES;35;GIMNASIA Y ESGRIMA DE ITUZAINGO B;73
2026;JUVENILES MASCULINO;Fase Regular;Torneo Reclasificatorio;RECLASIFICACION;OESTE;2A;7;03/05/2026;RAMOS MEJIA LTC;52;CLUB PORTUGUES DEL GRAN BUENOS AIRES;43
2026;JUVENILES MASCULINO;Fase Regular;Torneo Reclasificatorio;RECLASIFICACION;OESTE;2A;7;03/05/2026;GIMNASIA Y ESGRIMA DE ITUZAINGO B;69;SITAS B;28
2026;JUVENILES MASCULINO;Fase Regular;Torneo Reclasificatorio;RECLASIFICACION;OESTE;2A;7;03/05/2026;DEFENSORES DE MORENO A;54;DEP. MORON B;44
2026;JUVENILES MASCULINO;Fase Regular;Torneo Reclasificatorio;RECLASIFICACION;OESTE;2A;7;03/05/2026;FERROCARRIL OESTE C;66;CLUB CEPA;98
2026;JUVENILES MASCULINO;Fase Regular;Torneo Reclasificatorio;RECLASIFICACION;OESTE;2A;7;03/05/2026;NOLTING;63;CENTRO ESPAÑOL;71
2026;JUVENILES MASCULINO;Fase Regular;Torneo Reclasificatorio;RECLASIFICACION;OESTE;2A;8;10/05/2026;NOLTING;63;RAMOS MEJIA LTC;69
2026;JUVENILES MASCULINO;Fase Regular;Torneo Reclasificatorio;RECLASIFICACION;OESTE;2A;8;10/05/2026;CENTRO ESPAÑOL;70;FERROCARRIL OESTE C;66
2026;JUVENILES MASCULINO;Fase Regular;Torneo Reclasificatorio;RECLASIFICACION;OESTE;2A;8;10/05/2026;CLUB CEPA;86;DEFENSORES DE MORENO A;51
2026;JUVENILES MASCULINO;Fase Regular;Torneo Reclasificatorio;RECLASIFICACION;OESTE;2A;8;10/05/2026;DEP. MORON B;37;GIMNASIA Y ESGRIMA DE ITUZAINGO B;64
2026;JUVENILES MASCULINO;Fase Regular;Torneo Reclasificatorio;RECLASIFICACION;OESTE;2A;8;10/05/2026;SITAS B;53;CLUB PORTUGUES DEL GRAN BUENOS AIRES;47
2026;JUVENILES MASCULINO;Fase Regular;Torneo Reclasificatorio;RECLASIFICACION;OESTE;2A;9;17/05/2026;RAMOS MEJIA LTC;54;SITAS B;47
2026;JUVENILES MASCULINO;Fase Regular;Torneo Reclasificatorio;RECLASIFICACION;OESTE;2A;9;17/05/2026;CLUB PORTUGUES DEL GRAN BUENOS AIRES;36;DEP. MORON B;42
2026;JUVENILES MASCULINO;Fase Regular;Torneo Reclasificatorio;RECLASIFICACION;OESTE;2A;9;17/05/2026;DEFENSORES DE MORENO A;71;CENTRO ESPAÑOL;57
2026;JUVENILES MASCULINO;Fase Regular;Torneo Reclasificatorio;RECLASIFICACION;OESTE;2A;9;17/05/2026;FERROCARRIL OESTE C;63;NOLTING;64
2026;JUVENILES MASCULINO;Fase Regular;Torneo Reclasificatorio;RECLASIFICACION;OESTE;2A;10;24/05/2026;DEFENSORES DE MORENO A;72;NOLTING;70
2026;JUVENILES MASCULINO;Fase Regular;Torneo Reclasificatorio;RECLASIFICACION;OESTE;2A;10;24/05/2026;CLUB PORTUGUES DEL GRAN BUENOS AIRES;29;CLUB CEPA;55
2026;JUVENILES MASCULINO;Fase Regular;Torneo Reclasificatorio;RECLASIFICACION;OESTE;2A;10;24/05/2026;SITAS B;52;DEP. MORON B;50
2026;JUVENILES MASCULINO;Fase Regular;Torneo Reclasificatorio;RECLASIFICACION;OESTE;2A;13;14/06/2026;NOLTING;82;SITAS B;31
2026;JUVENILES MASCULINO;Fase Regular;Torneo Reclasificatorio;RECLASIFICACION;OESTE;2B;1;15/03/2026;SITAS A;67;VELEZ SARSFIELD B;50
2026;JUVENILES MASCULINO;Fase Regular;Torneo Reclasificatorio;RECLASIFICACION;OESTE;2B;1;15/03/2026;DEFENSORES DE SANTOS LUGARES;18;MORON B;45
2026;JUVENILES MASCULINO;Fase Regular;Torneo Reclasificatorio;RECLASIFICACION;OESTE;2B;1;15/03/2026;CEDEM;112;PASO DEL REY;20
2026;JUVENILES MASCULINO;Fase Regular;Torneo Reclasificatorio;RECLASIFICACION;OESTE;2B;1;15/03/2026;UNITARIOS DE MARCOS PAZ;20;SAN MIGUEL A;0
2026;JUVENILES MASCULINO;Fase Regular;Torneo Reclasificatorio;RECLASIFICACION;OESTE;2B;1;15/03/2026;ESTUDIANTIL PORTEÑO B;126;DEFENSORES DE HURLINGHAM B;15
2026;JUVENILES MASCULINO;Fase Regular;Torneo Reclasificatorio;RECLASIFICACION;OESTE;2B;2;22/03/2026;ESTUDIANTIL PORTEÑO B;35;SITAS A;72
2026;JUVENILES MASCULINO;Fase Regular;Torneo Reclasificatorio;RECLASIFICACION;OESTE;2B;2;22/03/2026;DEFENSORES DE HURLINGHAM B;23;UNITARIOS DE MARCOS PAZ;54
2026;JUVENILES MASCULINO;Fase Regular;Torneo Reclasificatorio;RECLASIFICACION;OESTE;2B;2;22/03/2026;SAN MIGUEL A;24;CEDEM;98
2026;JUVENILES MASCULINO;Fase Regular;Torneo Reclasificatorio;RECLASIFICACION;OESTE;2B;2;22/03/2026;PASO DEL REY;47;DEFENSORES DE SANTOS LUGARES;41
2026;JUVENILES MASCULINO;Fase Regular;Torneo Reclasificatorio;RECLASIFICACION;OESTE;2B;2;22/03/2026;MORON B;76;VELEZ SARSFIELD B;79
2026;JUVENILES MASCULINO;Fase Regular;Torneo Reclasificatorio;RECLASIFICACION;OESTE;2B;3;29/03/2026;SITAS A;61;MORON B;38
2026;JUVENILES MASCULINO;Fase Regular;Torneo Reclasificatorio;RECLASIFICACION;OESTE;2B;3;29/03/2026;VELEZ SARSFIELD B;88;PASO DEL REY;26
2026;JUVENILES MASCULINO;Fase Regular;Torneo Reclasificatorio;RECLASIFICACION;OESTE;2B;3;29/03/2026;DEFENSORES DE SANTOS LUGARES;50;SAN MIGUEL A;30
2026;JUVENILES MASCULINO;Fase Regular;Torneo Reclasificatorio;RECLASIFICACION;OESTE;2B;3;29/03/2026;CEDEM;85;DEFENSORES DE HURLINGHAM B;8
2026;JUVENILES MASCULINO;Fase Regular;Torneo Reclasificatorio;RECLASIFICACION;OESTE;2B;3;29/03/2026;UNITARIOS DE MARCOS PAZ;50;ESTUDIANTIL PORTEÑO B;76
2026;JUVENILES MASCULINO;Fase Regular;Torneo Reclasificatorio;RECLASIFICACION;OESTE;2B;4;12/04/2026;UNITARIOS DE MARCOS PAZ;38;SITAS A;77
2026;JUVENILES MASCULINO;Fase Regular;Torneo Reclasificatorio;RECLASIFICACION;OESTE;2B;4;12/04/2026;ESTUDIANTIL PORTEÑO B;53;CEDEM;77
2026;JUVENILES MASCULINO;Fase Regular;Torneo Reclasificatorio;RECLASIFICACION;OESTE;2B;4;12/04/2026;DEFENSORES DE HURLINGHAM B;34;DEFENSORES DE SANTOS LUGARES;59
2026;JUVENILES MASCULINO;Fase Regular;Torneo Reclasificatorio;RECLASIFICACION;OESTE;2B;4;12/04/2026;SAN MIGUEL A;30;VELEZ SARSFIELD B;76
2026;JUVENILES MASCULINO;Fase Regular;Torneo Reclasificatorio;RECLASIFICACION;OESTE;2B;4;12/04/2026;PASO DEL REY;38;MORON B;88
2026;JUVENILES MASCULINO;Fase Regular;Torneo Reclasificatorio;RECLASIFICACION;OESTE;2B;5;19/04/2026;SITAS A;104;PASO DEL REY;22
2026;JUVENILES MASCULINO;Fase Regular;Torneo Reclasificatorio;RECLASIFICACION;OESTE;2B;5;19/04/2026;MORON B;82;SAN MIGUEL A;25
2026;JUVENILES MASCULINO;Fase Regular;Torneo Reclasificatorio;RECLASIFICACION;OESTE;2B;5;19/04/2026;VELEZ SARSFIELD B;118;DEFENSORES DE HURLINGHAM B;29
2026;JUVENILES MASCULINO;Fase Regular;Torneo Reclasificatorio;RECLASIFICACION;OESTE;2B;5;19/04/2026;DEFENSORES DE SANTOS LUGARES;31;ESTUDIANTIL PORTEÑO B;85
2026;JUVENILES MASCULINO;Fase Regular;Torneo Reclasificatorio;RECLASIFICACION;OESTE;2B;5;19/04/2026;CEDEM;74;UNITARIOS DE MARCOS PAZ;38
2026;JUVENILES MASCULINO;Fase Regular;Torneo Reclasificatorio;RECLASIFICACION;OESTE;2B;6;26/04/2026;CEDEM;66;SITAS A;51
2026;JUVENILES MASCULINO;Fase Regular;Torneo Reclasificatorio;RECLASIFICACION;OESTE;2B;6;26/04/2026;UNITARIOS DE MARCOS PAZ;74;DEFENSORES DE SANTOS LUGARES;45
2026;JUVENILES MASCULINO;Fase Regular;Torneo Reclasificatorio;RECLASIFICACION;OESTE;2B;6;26/04/2026;ESTUDIANTIL PORTEÑO B;74;VELEZ SARSFIELD B;77
2026;JUVENILES MASCULINO;Fase Regular;Torneo Reclasificatorio;RECLASIFICACION;OESTE;2B;6;26/04/2026;DEFENSORES DE HURLINGHAM B;29;MORON B;77
2026;JUVENILES MASCULINO;Fase Regular;Torneo Reclasificatorio;RECLASIFICACION;OESTE;2B;6;26/04/2026;SAN MIGUEL A;51;PASO DEL REY;45
2026;JUVENILES MASCULINO;Fase Regular;Torneo Reclasificatorio;RECLASIFICACION;OESTE;2B;7;03/05/2026;SITAS A;121;SAN MIGUEL A;19
2026;JUVENILES MASCULINO;Fase Regular;Torneo Reclasificatorio;RECLASIFICACION;OESTE;2B;7;03/05/2026;PASO DEL REY;63;DEFENSORES DE HURLINGHAM B;53
2026;JUVENILES MASCULINO;Fase Regular;Torneo Reclasificatorio;RECLASIFICACION;OESTE;2B;7;03/05/2026;MORON B;47;ESTUDIANTIL PORTEÑO B;62
2026;JUVENILES MASCULINO;Fase Regular;Torneo Reclasificatorio;RECLASIFICACION;OESTE;2B;7;03/05/2026;VELEZ SARSFIELD B;103;UNITARIOS DE MARCOS PAZ;80
2026;JUVENILES MASCULINO;Fase Regular;Torneo Reclasificatorio;RECLASIFICACION;OESTE;2B;7;03/05/2026;DEFENSORES DE SANTOS LUGARES;21;CEDEM;56
2026;JUVENILES MASCULINO;Fase Regular;Torneo Reclasificatorio;RECLASIFICACION;OESTE;2B;8;10/05/2026;DEFENSORES DE SANTOS LUGARES;28;SITAS A;77
2026;JUVENILES MASCULINO;Fase Regular;Torneo Reclasificatorio;RECLASIFICACION;OESTE;2B;8;10/05/2026;CEDEM;99;VELEZ SARSFIELD B;68
2026;JUVENILES MASCULINO;Fase Regular;Torneo Reclasificatorio;RECLASIFICACION;OESTE;2B;8;10/05/2026;UNITARIOS DE MARCOS PAZ;48;MORON B;63
2026;JUVENILES MASCULINO;Fase Regular;Torneo Reclasificatorio;RECLASIFICACION;OESTE;2B;8;10/05/2026;ESTUDIANTIL PORTEÑO B;100;PASO DEL REY;44
2026;JUVENILES MASCULINO;Fase Regular;Torneo Reclasificatorio;RECLASIFICACION;OESTE;2B;9;17/05/2026;SITAS A;106;DEFENSORES DE HURLINGHAM B;24
2026;JUVENILES MASCULINO;Fase Regular;Torneo Reclasificatorio;RECLASIFICACION;OESTE;2B;9;17/05/2026;PASO DEL REY;20;UNITARIOS DE MARCOS PAZ;0
2026;JUVENILES MASCULINO;Fase Regular;Torneo Reclasificatorio;RECLASIFICACION;OESTE;2B;9;17/05/2026;MORON B;58;CEDEM;70
2026;JUVENILES MASCULINO;Fase Regular;Torneo Reclasificatorio;RECLASIFICACION;OESTE;2B;9;17/05/2026;VELEZ SARSFIELD B;101;DEFENSORES DE SANTOS LUGARES;32
2026;JUVENILES MASCULINO;Fase Regular;Torneo Reclasificatorio;RECLASIFICACION;OESTE;2B;10;24/05/2026;VELEZ SARSFIELD B;56;SITAS A;74
2026;JUVENILES MASCULINO;Fase Regular;Torneo Reclasificatorio;RECLASIFICACION;OESTE;2B;10;24/05/2026;MORON B;79;DEFENSORES DE SANTOS LUGARES;24
2026;JUVENILES MASCULINO;Fase Regular;Torneo Reclasificatorio;RECLASIFICACION;OESTE;2B;10;24/05/2026;PASO DEL REY;41;CEDEM;82
2026;JUVENILES MASCULINO;Fase Regular;Torneo Reclasificatorio;RECLASIFICACION;OESTE;2B;10;24/05/2026;SAN MIGUEL A;53;UNITARIOS DE MARCOS PAZ;56
2026;JUVENILES MASCULINO;Fase Regular;Torneo Reclasificatorio;RECLASIFICACION;OESTE;2B;10;24/05/2026;DEFENSORES DE HURLINGHAM B;19;ESTUDIANTIL PORTEÑO B;84
2026;JUVENILES MASCULINO;Fase Regular;Torneo Reclasificatorio;RECLASIFICACION;OESTE;3C;1;15/03/2026;HURACAN DE SAN JUSTO B;20;GIMNASIA Y ESGRIMA DE ITUZAINGO C;0
2026;JUVENILES MASCULINO;Fase Regular;Torneo Reclasificatorio;RECLASIFICACION;OESTE;3C;1;15/03/2026;EL PALOMAR;124;ARGENTINO DE CASTELAR C;36
2026;JUVENILES MASCULINO;Fase Regular;Torneo Reclasificatorio;RECLASIFICACION;OESTE;3C;1;15/03/2026;SPORTIVO HAEDO;127;MUNICIPALIDAD DE HURLINGHAM;6
2026;JUVENILES MASCULINO;Fase Regular;Torneo Reclasificatorio;RECLASIFICACION;OESTE;3C;1;15/03/2026;ITALIANO DE JOSE C PAZ;45;PORTEÑO ATHLETIC CLUB B;39
2026;JUVENILES MASCULINO;Fase Regular;Torneo Reclasificatorio;RECLASIFICACION;OESTE;3C;1;15/03/2026;CIUDADELA NORTE;45;C.A.S.A PADUA B;38
2026;JUVENILES MASCULINO;Fase Regular;Torneo Reclasificatorio;RECLASIFICACION;OESTE;3C;2;22/03/2026;CIUDADELA NORTE;100;HURACAN DE SAN JUSTO B;28
2026;JUVENILES MASCULINO;Fase Regular;Torneo Reclasificatorio;RECLASIFICACION;OESTE;3C;2;22/03/2026;C.A.S.A PADUA B;104;ITALIANO DE JOSE C PAZ;27
2026;JUVENILES MASCULINO;Fase Regular;Torneo Reclasificatorio;RECLASIFICACION;OESTE;3C;2;22/03/2026;PORTEÑO ATHLETIC CLUB B;30;SPORTIVO HAEDO;64
2026;JUVENILES MASCULINO;Fase Regular;Torneo Reclasificatorio;RECLASIFICACION;OESTE;3C;2;22/03/2026;MUNICIPALIDAD DE HURLINGHAM;19;EL PALOMAR;110
2026;JUVENILES MASCULINO;Fase Regular;Torneo Reclasificatorio;RECLASIFICACION;OESTE;3C;2;22/03/2026;ARGENTINO DE CASTELAR C;45;GIMNASIA Y ESGRIMA DE ITUZAINGO C;48
2026;JUVENILES MASCULINO;Fase Regular;Torneo Reclasificatorio;RECLASIFICACION;OESTE;3C;3;29/03/2026;HURACAN DE SAN JUSTO B;70;ARGENTINO DE CASTELAR C;40
2026;JUVENILES MASCULINO;Fase Regular;Torneo Reclasificatorio;RECLASIFICACION;OESTE;3C;3;29/03/2026;GIMNASIA Y ESGRIMA DE ITUZAINGO C;89;MUNICIPALIDAD DE HURLINGHAM;11
2026;JUVENILES MASCULINO;Fase Regular;Torneo Reclasificatorio;RECLASIFICACION;OESTE;3C;3;29/03/2026;EL PALOMAR;73;PORTEÑO ATHLETIC CLUB B;29
2026;JUVENILES MASCULINO;Fase Regular;Torneo Reclasificatorio;RECLASIFICACION;OESTE;3C;3;29/03/2026;SPORTIVO HAEDO;52;C.A.S.A PADUA B;48
2026;JUVENILES MASCULINO;Fase Regular;Torneo Reclasificatorio;RECLASIFICACION;OESTE;3C;3;29/03/2026;ITALIANO DE JOSE C PAZ;51;CIUDADELA NORTE;91
2026;JUVENILES MASCULINO;Fase Regular;Torneo Reclasificatorio;RECLASIFICACION;OESTE;3C;4;12/04/2026;ITALIANO DE JOSE C PAZ;67;HURACAN DE SAN JUSTO B;52
2026;JUVENILES MASCULINO;Fase Regular;Torneo Reclasificatorio;RECLASIFICACION;OESTE;3C;4;12/04/2026;CIUDADELA NORTE;70;SPORTIVO HAEDO;80
2026;JUVENILES MASCULINO;Fase Regular;Torneo Reclasificatorio;RECLASIFICACION;OESTE;3C;4;12/04/2026;C.A.S.A PADUA B;43;EL PALOMAR;61
2026;JUVENILES MASCULINO;Fase Regular;Torneo Reclasificatorio;RECLASIFICACION;OESTE;3C;4;12/04/2026;PORTEÑO ATHLETIC CLUB B;44;GIMNASIA Y ESGRIMA DE ITUZAINGO C;41
2026;JUVENILES MASCULINO;Fase Regular;Torneo Reclasificatorio;RECLASIFICACION;OESTE;3C;4;12/04/2026;MUNICIPALIDAD DE HURLINGHAM;16;ARGENTINO DE CASTELAR C;78
2026;JUVENILES MASCULINO;Fase Regular;Torneo Reclasificatorio;RECLASIFICACION;OESTE;3C;5;19/04/2026;HURACAN DE SAN JUSTO B;67;MUNICIPALIDAD DE HURLINGHAM;31
2026;JUVENILES MASCULINO;Fase Regular;Torneo Reclasificatorio;RECLASIFICACION;OESTE;3C;5;19/04/2026;ARGENTINO DE CASTELAR C;27;PORTEÑO ATHLETIC CLUB B;46
2026;JUVENILES MASCULINO;Fase Regular;Torneo Reclasificatorio;RECLASIFICACION;OESTE;3C;5;19/04/2026;GIMNASIA Y ESGRIMA DE ITUZAINGO C;39;C.A.S.A PADUA B;72
2026;JUVENILES MASCULINO;Fase Regular;Torneo Reclasificatorio;RECLASIFICACION;OESTE;3C;5;19/04/2026;EL PALOMAR;50;CIUDADELA NORTE;39
2026;JUVENILES MASCULINO;Fase Regular;Torneo Reclasificatorio;RECLASIFICACION;OESTE;3C;5;19/04/2026;SPORTIVO HAEDO;95;ITALIANO DE JOSE C PAZ;44
2026;JUVENILES MASCULINO;Fase Regular;Torneo Reclasificatorio;RECLASIFICACION;OESTE;3C;6;26/04/2026;SPORTIVO HAEDO;80;HURACAN DE SAN JUSTO B;29
2026;JUVENILES MASCULINO;Fase Regular;Torneo Reclasificatorio;RECLASIFICACION;OESTE;3C;6;26/04/2026;ITALIANO DE JOSE C PAZ;37;EL PALOMAR;83
2026;JUVENILES MASCULINO;Fase Regular;Torneo Reclasificatorio;RECLASIFICACION;OESTE;3C;6;26/04/2026;CIUDADELA NORTE;104;GIMNASIA Y ESGRIMA DE ITUZAINGO C;38
2026;JUVENILES MASCULINO;Fase Regular;Torneo Reclasificatorio;RECLASIFICACION;OESTE;3C;6;26/04/2026;C.A.S.A PADUA B;91;ARGENTINO DE CASTELAR C;5
2026;JUVENILES MASCULINO;Fase Regular;Torneo Reclasificatorio;RECLASIFICACION;OESTE;3C;6;26/04/2026;PORTEÑO ATHLETIC CLUB B;62;MUNICIPALIDAD DE HURLINGHAM;18
2026;JUVENILES MASCULINO;Fase Regular;Torneo Reclasificatorio;RECLASIFICACION;OESTE;3C;7;03/05/2026;HURACAN DE SAN JUSTO B;48;PORTEÑO ATHLETIC CLUB B;37
2026;JUVENILES MASCULINO;Fase Regular;Torneo Reclasificatorio;RECLASIFICACION;OESTE;3C;7;03/05/2026;MUNICIPALIDAD DE HURLINGHAM;5;C.A.S.A PADUA B;109
2026;JUVENILES MASCULINO;Fase Regular;Torneo Reclasificatorio;RECLASIFICACION;OESTE;3C;7;03/05/2026;ARGENTINO DE CASTELAR C;19;CIUDADELA NORTE;99
2026;JUVENILES MASCULINO;Fase Regular;Torneo Reclasificatorio;RECLASIFICACION;OESTE;3C;7;03/05/2026;GIMNASIA Y ESGRIMA DE ITUZAINGO C;65;ITALIANO DE JOSE C PAZ;55
2026;JUVENILES MASCULINO;Fase Regular;Torneo Reclasificatorio;RECLASIFICACION;OESTE;3C;7;03/05/2026;EL PALOMAR;66;SPORTIVO HAEDO;40
2026;JUVENILES MASCULINO;Fase Regular;Torneo Reclasificatorio;RECLASIFICACION;OESTE;3C;8;10/05/2026;EL PALOMAR;92;HURACAN DE SAN JUSTO B;25
2026;JUVENILES MASCULINO;Fase Regular;Torneo Reclasificatorio;RECLASIFICACION;OESTE;3C;8;10/05/2026;SPORTIVO HAEDO;65;GIMNASIA Y ESGRIMA DE ITUZAINGO C;45
2026;JUVENILES MASCULINO;Fase Regular;Torneo Reclasificatorio;RECLASIFICACION;OESTE;3C;8;10/05/2026;ITALIANO DE JOSE C PAZ;66;ARGENTINO DE CASTELAR C;59
2026;JUVENILES MASCULINO;Fase Regular;Torneo Reclasificatorio;RECLASIFICACION;OESTE;3C;8;10/05/2026;CIUDADELA NORTE;109;MUNICIPALIDAD DE HURLINGHAM;7
2026;JUVENILES MASCULINO;Fase Regular;Torneo Reclasificatorio;RECLASIFICACION;OESTE;3C;8;10/05/2026;C.A.S.A PADUA B;68;PORTEÑO ATHLETIC CLUB B;16
2026;JUVENILES MASCULINO;Fase Regular;Torneo Reclasificatorio;RECLASIFICACION;OESTE;3C;9;17/05/2026;HURACAN DE SAN JUSTO B;38;C.A.S.A PADUA B;84
2026;JUVENILES MASCULINO;Fase Regular;Torneo Reclasificatorio;RECLASIFICACION;OESTE;3C;9;17/05/2026;PORTEÑO ATHLETIC CLUB B;16;CIUDADELA NORTE;94
2026;JUVENILES MASCULINO;Fase Regular;Torneo Reclasificatorio;RECLASIFICACION;OESTE;3C;9;17/05/2026;MUNICIPALIDAD DE HURLINGHAM;19;ITALIANO DE JOSE C PAZ;60
2026;JUVENILES MASCULINO;Fase Regular;Torneo Reclasificatorio;RECLASIFICACION;OESTE;3C;9;17/05/2026;ARGENTINO DE CASTELAR C;16;SPORTIVO HAEDO;79
2026;JUVENILES MASCULINO;Fase Regular;Torneo Reclasificatorio;RECLASIFICACION;OESTE;3C;9;17/05/2026;GIMNASIA Y ESGRIMA DE ITUZAINGO C;38;EL PALOMAR;61
2026;JUVENILES MASCULINO;Fase Regular;Torneo Reclasificatorio;RECLASIFICACION;OESTE;3C;10;24/05/2026;GIMNASIA Y ESGRIMA DE ITUZAINGO C;55;HURACAN DE SAN JUSTO B;57
2026;JUVENILES MASCULINO;Fase Regular;Torneo Reclasificatorio;RECLASIFICACION;OESTE;3C;10;24/05/2026;ARGENTINO DE CASTELAR C;0;EL PALOMAR;20
2026;JUVENILES MASCULINO;Fase Regular;Torneo Reclasificatorio;RECLASIFICACION;OESTE;3C;10;24/05/2026;MUNICIPALIDAD DE HURLINGHAM;5;SPORTIVO HAEDO;104
2026;JUVENILES MASCULINO;Fase Regular;Torneo Reclasificatorio;RECLASIFICACION;OESTE;3C;10;24/05/2026;PORTEÑO ATHLETIC CLUB B;42;ITALIANO DE JOSE C PAZ;49
2026;JUVENILES MASCULINO;Fase Regular;Torneo Reclasificatorio;RECLASIFICACION;OESTE;3C;10;24/05/2026;C.A.S.A PADUA B;67;CIUDADELA NORTE;53
2026;JUVENILES MASCULINO;Fase Regular;Torneo Reclasificatorio;RECLASIFICACION;SUR;2A;1;15/03/2026;LA UNION;23;LANUS B;81
2026;JUVENILES MASCULINO;Fase Regular;Torneo Reclasificatorio;RECLASIFICACION;SUR;2A;1;15/03/2026;CLUB ATLETICO PAMPERO;79;TAMBEROS UNIDOS;32
2026;JUVENILES MASCULINO;Fase Regular;Torneo Reclasificatorio;RECLASIFICACION;SUR;2A;1;15/03/2026;CLUB ATLETICO BERNAL;78;GUILLON BASQUET;63
2026;JUVENILES MASCULINO;Fase Regular;Torneo Reclasificatorio;RECLASIFICACION;SUR;2A;2;22/03/2026;GUILLON BASQUET;52;CLUB ATLETICO PAMPERO;61
2026;JUVENILES MASCULINO;Fase Regular;Torneo Reclasificatorio;RECLASIFICACION;SUR;2A;2;22/03/2026;TAMBEROS UNIDOS;86;LA UNION;33
2026;JUVENILES MASCULINO;Fase Regular;Torneo Reclasificatorio;RECLASIFICACION;SUR;2A;2;22/03/2026;LANUS B;67;JUVENTUD UNIDA;59
2026;JUVENILES MASCULINO;Fase Regular;Torneo Reclasificatorio;RECLASIFICACION;SUR;2A;3;29/03/2026;JUVENTUD UNIDA;69;TAMBEROS UNIDOS;53
2026;JUVENILES MASCULINO;Fase Regular;Torneo Reclasificatorio;RECLASIFICACION;SUR;2A;3;29/03/2026;LA UNION;9;GUILLON BASQUET;70
2026;JUVENILES MASCULINO;Fase Regular;Torneo Reclasificatorio;RECLASIFICACION;SUR;2A;3;29/03/2026;CLUB ATLETICO PAMPERO;48;CLUB ATLETICO BERNAL;49
2026;JUVENILES MASCULINO;Fase Regular;Torneo Reclasificatorio;RECLASIFICACION;SUR;2A;4;12/04/2026;CLUB ATLETICO BERNAL;90;LA UNION;32
2026;JUVENILES MASCULINO;Fase Regular;Torneo Reclasificatorio;RECLASIFICACION;SUR;2A;4;12/04/2026;GUILLON BASQUET;67;JUVENTUD UNIDA;64
2026;JUVENILES MASCULINO;Fase Regular;Torneo Reclasificatorio;RECLASIFICACION;SUR;2A;4;12/04/2026;TAMBEROS UNIDOS;45;LANUS B;83
2026;JUVENILES MASCULINO;Fase Regular;Torneo Reclasificatorio;RECLASIFICACION;SUR;2A;5;19/04/2026;LANUS B;77;GUILLON BASQUET;59
2026;JUVENILES MASCULINO;Fase Regular;Torneo Reclasificatorio;RECLASIFICACION;SUR;2A;5;19/04/2026;JUVENTUD UNIDA;52;CLUB ATLETICO BERNAL;65
2026;JUVENILES MASCULINO;Fase Regular;Torneo Reclasificatorio;RECLASIFICACION;SUR;2A;5;19/04/2026;LA UNION;39;CLUB ATLETICO PAMPERO;72
2026;JUVENILES MASCULINO;Fase Regular;Torneo Reclasificatorio;RECLASIFICACION;SUR;2A;6;26/04/2026;CLUB ATLETICO PAMPERO;71;JUVENTUD UNIDA;75
2026;JUVENILES MASCULINO;Fase Regular;Torneo Reclasificatorio;RECLASIFICACION;SUR;2A;6;26/04/2026;CLUB ATLETICO BERNAL;72;LANUS B;70
2026;JUVENILES MASCULINO;Fase Regular;Torneo Reclasificatorio;RECLASIFICACION;SUR;2A;6;26/04/2026;GUILLON BASQUET;52;TAMBEROS UNIDOS;38
2026;JUVENILES MASCULINO;Fase Regular;Torneo Reclasificatorio;RECLASIFICACION;SUR;2A;7;03/05/2026;TAMBEROS UNIDOS;59;CLUB ATLETICO BERNAL;91
2026;JUVENILES MASCULINO;Fase Regular;Torneo Reclasificatorio;RECLASIFICACION;SUR;2A;7;03/05/2026;LANUS B;55;CLUB ATLETICO PAMPERO;47
2026;JUVENILES MASCULINO;Fase Regular;Torneo Reclasificatorio;RECLASIFICACION;SUR;2A;7;03/05/2026;JUVENTUD UNIDA;62;LA UNION;45
2026;JUVENILES MASCULINO;Fase Regular;Torneo Reclasificatorio;RECLASIFICACION;SUR;2A;8;10/05/2026;LANUS B;85;LA UNION;21
2026;JUVENILES MASCULINO;Fase Regular;Torneo Reclasificatorio;RECLASIFICACION;SUR;2A;8;10/05/2026;TAMBEROS UNIDOS;47;CLUB ATLETICO PAMPERO;72
2026;JUVENILES MASCULINO;Fase Regular;Torneo Reclasificatorio;RECLASIFICACION;SUR;2A;8;10/05/2026;GUILLON BASQUET;62;CLUB ATLETICO BERNAL;77
2026;JUVENILES MASCULINO;Fase Regular;Torneo Reclasificatorio;RECLASIFICACION;SUR;2A;9;17/05/2026;CLUB ATLETICO PAMPERO;83;GUILLON BASQUET;67
2026;JUVENILES MASCULINO;Fase Regular;Torneo Reclasificatorio;RECLASIFICACION;SUR;2A;9;17/05/2026;LA UNION;49;TAMBEROS UNIDOS;72
2026;JUVENILES MASCULINO;Fase Regular;Torneo Reclasificatorio;RECLASIFICACION;SUR;2A;9;17/05/2026;JUVENTUD UNIDA;61;LANUS B;63
2026;JUVENILES MASCULINO;Fase Regular;Torneo Reclasificatorio;RECLASIFICACION;SUR;2A;10;24/05/2026;TAMBEROS UNIDOS;48;JUVENTUD UNIDA;74
2026;JUVENILES MASCULINO;Fase Regular;Torneo Reclasificatorio;RECLASIFICACION;SUR;2A;10;24/05/2026;GUILLON BASQUET;0;LA UNION;0
2026;JUVENILES MASCULINO;Fase Regular;Torneo Reclasificatorio;RECLASIFICACION;SUR;2A;10;24/05/2026;CLUB ATLETICO BERNAL;79;CLUB ATLETICO PAMPERO;75
2026;JUVENILES MASCULINO;Fase Regular;Torneo Reclasificatorio;RECLASIFICACION;SUR;2B;1;15/03/2026;DEFENSORES DE GLEW;42;COUNTRY BANFIELD B;38
2026;JUVENILES MASCULINO;Fase Regular;Torneo Reclasificatorio;RECLASIFICACION;SUR;2B;1;15/03/2026;LUZ Y ARTE;66;CLUB ATLETICO 9 DE JULIO DE LANUS;34
2026;JUVENILES MASCULINO;Fase Regular;Torneo Reclasificatorio;RECLASIFICACION;SUR;2B;1;15/03/2026;MORENO DE QUILMES;80;CLUB  ATLETICO Y PROGRESO DE BRANDSEN;36
2026;JUVENILES MASCULINO;Fase Regular;Torneo Reclasificatorio;RECLASIFICACION;SUR;2B;1;15/03/2026;COOPERARIOS;59;TALLERES;107
2026;JUVENILES MASCULINO;Fase Regular;Torneo Reclasificatorio;RECLASIFICACION;SUR;2B;1;15/03/2026;DEFENSORES DE BANFIELD;48;MONTE GRANDE B;36
2026;JUVENILES MASCULINO;Fase Regular;Torneo Reclasificatorio;RECLASIFICACION;SUR;2B;2;22/03/2026;DEFENSORES DE BANFIELD;27;DEFENSORES DE GLEW;40
2026;JUVENILES MASCULINO;Fase Regular;Torneo Reclasificatorio;RECLASIFICACION;SUR;2B;2;22/03/2026;MONTE GRANDE B;44;COOPERARIOS;39
2026;JUVENILES MASCULINO;Fase Regular;Torneo Reclasificatorio;RECLASIFICACION;SUR;2B;2;22/03/2026;TALLERES;75;MORENO DE QUILMES;61
2026;JUVENILES MASCULINO;Fase Regular;Torneo Reclasificatorio;RECLASIFICACION;SUR;2B;2;22/03/2026;CLUB  ATLETICO Y PROGRESO DE BRANDSEN;70;LUZ Y ARTE;51
2026;JUVENILES MASCULINO;Fase Regular;Torneo Reclasificatorio;RECLASIFICACION;SUR;2B;2;22/03/2026;CLUB ATLETICO 9 DE JULIO DE LANUS;46;COUNTRY BANFIELD B;59
2026;JUVENILES MASCULINO;Fase Regular;Torneo Reclasificatorio;RECLASIFICACION;SUR;2B;3;29/03/2026;DEFENSORES DE GLEW;66;CLUB ATLETICO 9 DE JULIO DE LANUS;22
2026;JUVENILES MASCULINO;Fase Regular;Torneo Reclasificatorio;RECLASIFICACION;SUR;2B;3;29/03/2026;COUNTRY BANFIELD B;48;CLUB  ATLETICO Y PROGRESO DE BRANDSEN;59
2026;JUVENILES MASCULINO;Fase Regular;Torneo Reclasificatorio;RECLASIFICACION;SUR;2B;3;29/03/2026;LUZ Y ARTE;54;TALLERES;69
2026;JUVENILES MASCULINO;Fase Regular;Torneo Reclasificatorio;RECLASIFICACION;SUR;2B;3;29/03/2026;MORENO DE QUILMES;101;MONTE GRANDE B;31
2026;JUVENILES MASCULINO;Fase Regular;Torneo Reclasificatorio;RECLASIFICACION;SUR;2B;3;29/03/2026;COOPERARIOS;36;DEFENSORES DE BANFIELD;58
2026;JUVENILES MASCULINO;Fase Regular;Torneo Reclasificatorio;RECLASIFICACION;SUR;2B;4;12/04/2026;COOPERARIOS;53;DEFENSORES DE GLEW;47
2026;JUVENILES MASCULINO;Fase Regular;Torneo Reclasificatorio;RECLASIFICACION;SUR;2B;4;12/04/2026;DEFENSORES DE BANFIELD;25;MORENO DE QUILMES;96
2026;JUVENILES MASCULINO;Fase Regular;Torneo Reclasificatorio;RECLASIFICACION;SUR;2B;4;12/04/2026;MONTE GRANDE B;38;LUZ Y ARTE;55
2026;JUVENILES MASCULINO;Fase Regular;Torneo Reclasificatorio;RECLASIFICACION;SUR;2B;4;12/04/2026;TALLERES;70;COUNTRY BANFIELD B;37
2026;JUVENILES MASCULINO;Fase Regular;Torneo Reclasificatorio;RECLASIFICACION;SUR;2B;4;12/04/2026;CLUB  ATLETICO Y PROGRESO DE BRANDSEN;101;CLUB ATLETICO 9 DE JULIO DE LANUS;40
2026;JUVENILES MASCULINO;Fase Regular;Torneo Reclasificatorio;RECLASIFICACION;SUR;2B;5;19/04/2026;DEFENSORES DE GLEW;45;CLUB  ATLETICO Y PROGRESO DE BRANDSEN;62
2026;JUVENILES MASCULINO;Fase Regular;Torneo Reclasificatorio;RECLASIFICACION;SUR;2B;5;19/04/2026;CLUB ATLETICO 9 DE JULIO DE LANUS;36;TALLERES;92
2026;JUVENILES MASCULINO;Fase Regular;Torneo Reclasificatorio;RECLASIFICACION;SUR;2B;5;19/04/2026;COUNTRY BANFIELD B;39;MONTE GRANDE B;41
2026;JUVENILES MASCULINO;Fase Regular;Torneo Reclasificatorio;RECLASIFICACION;SUR;2B;5;19/04/2026;LUZ Y ARTE;40;DEFENSORES DE BANFIELD;46
2026;JUVENILES MASCULINO;Fase Regular;Torneo Reclasificatorio;RECLASIFICACION;SUR;2B;5;19/04/2026;MORENO DE QUILMES;85;COOPERARIOS;26
2026;JUVENILES MASCULINO;Fase Regular;Torneo Reclasificatorio;RECLASIFICACION;SUR;2B;6;26/04/2026;MORENO DE QUILMES;103;DEFENSORES DE GLEW;33
2026;JUVENILES MASCULINO;Fase Regular;Torneo Reclasificatorio;RECLASIFICACION;SUR;2B;6;26/04/2026;COOPERARIOS;67;LUZ Y ARTE;53
2026;JUVENILES MASCULINO;Fase Regular;Torneo Reclasificatorio;RECLASIFICACION;SUR;2B;6;26/04/2026;DEFENSORES DE BANFIELD;55;COUNTRY BANFIELD B;38
2026;JUVENILES MASCULINO;Fase Regular;Torneo Reclasificatorio;RECLASIFICACION;SUR;2B;6;26/04/2026;MONTE GRANDE B;58;CLUB ATLETICO 9 DE JULIO DE LANUS;50
2026;JUVENILES MASCULINO;Fase Regular;Torneo Reclasificatorio;RECLASIFICACION;SUR;2B;6;26/04/2026;TALLERES;75;CLUB  ATLETICO Y PROGRESO DE BRANDSEN;56
2026;JUVENILES MASCULINO;Fase Regular;Torneo Reclasificatorio;RECLASIFICACION;SUR;2B;7;03/05/2026;DEFENSORES DE GLEW;40;TALLERES;60
2026;JUVENILES MASCULINO;Fase Regular;Torneo Reclasificatorio;RECLASIFICACION;SUR;2B;7;03/05/2026;CLUB  ATLETICO Y PROGRESO DE BRANDSEN;66;MONTE GRANDE B;28
2026;JUVENILES MASCULINO;Fase Regular;Torneo Reclasificatorio;RECLASIFICACION;SUR;2B;7;03/05/2026;CLUB ATLETICO 9 DE JULIO DE LANUS;35;DEFENSORES DE BANFIELD;56
2026;JUVENILES MASCULINO;Fase Regular;Torneo Reclasificatorio;RECLASIFICACION;SUR;2B;7;03/05/2026;COUNTRY BANFIELD B;43;COOPERARIOS;50
2026;JUVENILES MASCULINO;Fase Regular;Torneo Reclasificatorio;RECLASIFICACION;SUR;2B;7;03/05/2026;LUZ Y ARTE;35;MORENO DE QUILMES;101
2026;JUVENILES MASCULINO;Fase Regular;Torneo Reclasificatorio;RECLASIFICACION;SUR;2B;8;10/05/2026;LUZ Y ARTE;43;DEFENSORES DE GLEW;76
2026;JUVENILES MASCULINO;Fase Regular;Torneo Reclasificatorio;RECLASIFICACION;SUR;2B;8;10/05/2026;MORENO DE QUILMES;120;COUNTRY BANFIELD B;32
2026;JUVENILES MASCULINO;Fase Regular;Torneo Reclasificatorio;RECLASIFICACION;SUR;2B;8;10/05/2026;COOPERARIOS;72;CLUB ATLETICO 9 DE JULIO DE LANUS;32
2026;JUVENILES MASCULINO;Fase Regular;Torneo Reclasificatorio;RECLASIFICACION;SUR;2B;8;10/05/2026;DEFENSORES DE BANFIELD;37;CLUB  ATLETICO Y PROGRESO DE BRANDSEN;48
2026;JUVENILES MASCULINO;Fase Regular;Torneo Reclasificatorio;RECLASIFICACION;SUR;2B;8;10/05/2026;MONTE GRANDE B;37;TALLERES;59
2026;JUVENILES MASCULINO;Fase Regular;Torneo Reclasificatorio;RECLASIFICACION;SUR;2B;9;17/05/2026;DEFENSORES DE GLEW;57;MONTE GRANDE B;27
2026;JUVENILES MASCULINO;Fase Regular;Torneo Reclasificatorio;RECLASIFICACION;SUR;2B;9;17/05/2026;TALLERES;59;DEFENSORES DE BANFIELD;37
2026;JUVENILES MASCULINO;Fase Regular;Torneo Reclasificatorio;RECLASIFICACION;SUR;2B;9;17/05/2026;CLUB  ATLETICO Y PROGRESO DE BRANDSEN;77;COOPERARIOS;38
2026;JUVENILES MASCULINO;Fase Regular;Torneo Reclasificatorio;RECLASIFICACION;SUR;2B;9;17/05/2026;CLUB ATLETICO 9 DE JULIO DE LANUS;45;MORENO DE QUILMES;145
2026;JUVENILES MASCULINO;Fase Regular;Torneo Reclasificatorio;RECLASIFICACION;SUR;2B;9;17/05/2026;COUNTRY BANFIELD B;49;LUZ Y ARTE;65
2026;JUVENILES MASCULINO;Fase Regular;Torneo Reclasificatorio;RECLASIFICACION;SUR;2B;10;24/05/2026;COUNTRY BANFIELD B;31;DEFENSORES DE GLEW;95
2026;JUVENILES MASCULINO;Fase Regular;Torneo Reclasificatorio;RECLASIFICACION;SUR;2B;10;24/05/2026;CLUB ATLETICO 9 DE JULIO DE LANUS;59;LUZ Y ARTE;76
2026;JUVENILES MASCULINO;Fase Regular;Torneo Reclasificatorio;RECLASIFICACION;SUR;2B;10;24/05/2026;CLUB  ATLETICO Y PROGRESO DE BRANDSEN;65;MORENO DE QUILMES;83
2026;JUVENILES MASCULINO;Fase Regular;Torneo Reclasificatorio;RECLASIFICACION;SUR;2B;10;24/05/2026;TALLERES;46;COOPERARIOS;43
2026;JUVENILES MASCULINO;Fase Regular;Torneo Reclasificatorio;RECLASIFICACION;SUR;2B;10;24/05/2026;MONTE GRANDE B;46;DEFENSORES DE BANFIELD;40
2026;JUVENILES MASCULINO;Fase Regular;Torneo Reclasificatorio;RECLASIFICACION;SUR;2C;1;15/03/2026;CLUB EL FOGON;53;TAPONAZO  FUTBOL CLUB;27
2026;JUVENILES MASCULINO;Fase Regular;Torneo Reclasificatorio;RECLASIFICACION;SUR;2C;1;15/03/2026;VILLA ESPAÑA;49;SOCIAL LANUS;61
2026;JUVENILES MASCULINO;Fase Regular;Torneo Reclasificatorio;RECLASIFICACION;SUR;2C;1;15/03/2026;BERAZATEGUI;73;GIMNASIA y ESGRIMA DE LOMAS DE ZAMORA B;34
2026;JUVENILES MASCULINO;Fase Regular;Torneo Reclasificatorio;RECLASIFICACION;SUR;2C;1;15/03/2026;SPORTIVO ALSINA;67;COLON FC;46
2026;JUVENILES MASCULINO;Fase Regular;Torneo Reclasificatorio;RECLASIFICACION;SUR;2C;1;15/03/2026;MUNICIPALIDAD DE AVELLANEDA;75;GIMNASIA Y ESGRIMA DE LA PLATA B;37
2026;JUVENILES MASCULINO;Fase Regular;Torneo Reclasificatorio;RECLASIFICACION;SUR;2C;2;22/03/2026;MUNICIPALIDAD DE AVELLANEDA;41;CLUB EL FOGON;54
2026;JUVENILES MASCULINO;Fase Regular;Torneo Reclasificatorio;RECLASIFICACION;SUR;2C;2;22/03/2026;GIMNASIA Y ESGRIMA DE LA PLATA B;82;SPORTIVO ALSINA;81
2026;JUVENILES MASCULINO;Fase Regular;Torneo Reclasificatorio;RECLASIFICACION;SUR;2C;2;22/03/2026;COLON FC;28;BERAZATEGUI;93
2026;JUVENILES MASCULINO;Fase Regular;Torneo Reclasificatorio;RECLASIFICACION;SUR;2C;2;22/03/2026;GIMNASIA y ESGRIMA DE LOMAS DE ZAMORA B;44;VILLA ESPAÑA;41
2026;JUVENILES MASCULINO;Fase Regular;Torneo Reclasificatorio;RECLASIFICACION;SUR;2C;2;22/03/2026;SOCIAL LANUS;71;TAPONAZO  FUTBOL CLUB;39
2026;JUVENILES MASCULINO;Fase Regular;Torneo Reclasificatorio;RECLASIFICACION;SUR;2C;3;29/03/2026;CLUB EL FOGON;33;SOCIAL LANUS;68
2026;JUVENILES MASCULINO;Fase Regular;Torneo Reclasificatorio;RECLASIFICACION;SUR;2C;3;29/03/2026;TAPONAZO  FUTBOL CLUB;33;GIMNASIA y ESGRIMA DE LOMAS DE ZAMORA B;85
2026;JUVENILES MASCULINO;Fase Regular;Torneo Reclasificatorio;RECLASIFICACION;SUR;2C;3;29/03/2026;VILLA ESPAÑA;54;COLON FC;36
2026;JUVENILES MASCULINO;Fase Regular;Torneo Reclasificatorio;RECLASIFICACION;SUR;2C;3;29/03/2026;BERAZATEGUI;102;GIMNASIA Y ESGRIMA DE LA PLATA B;45
2026;JUVENILES MASCULINO;Fase Regular;Torneo Reclasificatorio;RECLASIFICACION;SUR;2C;3;29/03/2026;SPORTIVO ALSINA;63;MUNICIPALIDAD DE AVELLANEDA;46
2026;JUVENILES MASCULINO;Fase Regular;Torneo Reclasificatorio;RECLASIFICACION;SUR;2C;4;12/04/2026;SPORTIVO ALSINA;39;CLUB EL FOGON;32
2026;JUVENILES MASCULINO;Fase Regular;Torneo Reclasificatorio;RECLASIFICACION;SUR;2C;4;12/04/2026;MUNICIPALIDAD DE AVELLANEDA;47;BERAZATEGUI;98
2026;JUVENILES MASCULINO;Fase Regular;Torneo Reclasificatorio;RECLASIFICACION;SUR;2C;4;12/04/2026;GIMNASIA Y ESGRIMA DE LA PLATA B;26;VILLA ESPAÑA;75
2026;JUVENILES MASCULINO;Fase Regular;Torneo Reclasificatorio;RECLASIFICACION;SUR;2C;4;12/04/2026;COLON FC;49;TAPONAZO  FUTBOL CLUB;16
2026;JUVENILES MASCULINO;Fase Regular;Torneo Reclasificatorio;RECLASIFICACION;SUR;2C;4;12/04/2026;GIMNASIA y ESGRIMA DE LOMAS DE ZAMORA B;57;SOCIAL LANUS;71
2026;JUVENILES MASCULINO;Fase Regular;Torneo Reclasificatorio;RECLASIFICACION;SUR;2C;5;19/04/2026;CLUB EL FOGON;48;GIMNASIA y ESGRIMA DE LOMAS DE ZAMORA B;47
2026;JUVENILES MASCULINO;Fase Regular;Torneo Reclasificatorio;RECLASIFICACION;SUR;2C;5;19/04/2026;SOCIAL LANUS;79;COLON FC;34
2026;JUVENILES MASCULINO;Fase Regular;Torneo Reclasificatorio;RECLASIFICACION;SUR;2C;5;19/04/2026;TAPONAZO  FUTBOL CLUB;0;GIMNASIA Y ESGRIMA DE LA PLATA B;20
2026;JUVENILES MASCULINO;Fase Regular;Torneo Reclasificatorio;RECLASIFICACION;SUR;2C;5;19/04/2026;VILLA ESPAÑA;58;MUNICIPALIDAD DE AVELLANEDA;41
2026;JUVENILES MASCULINO;Fase Regular;Torneo Reclasificatorio;RECLASIFICACION;SUR;2C;5;19/04/2026;BERAZATEGUI;82;SPORTIVO ALSINA;53
2026;JUVENILES MASCULINO;Fase Regular;Torneo Reclasificatorio;RECLASIFICACION;SUR;2C;6;26/04/2026;BERAZATEGUI;75;CLUB EL FOGON;34
2026;JUVENILES MASCULINO;Fase Regular;Torneo Reclasificatorio;RECLASIFICACION;SUR;2C;6;26/04/2026;SPORTIVO ALSINA;55;VILLA ESPAÑA;45
2026;JUVENILES MASCULINO;Fase Regular;Torneo Reclasificatorio;RECLASIFICACION;SUR;2C;6;26/04/2026;MUNICIPALIDAD DE AVELLANEDA;60;TAPONAZO  FUTBOL CLUB;34
2026;JUVENILES MASCULINO;Fase Regular;Torneo Reclasificatorio;RECLASIFICACION;SUR;2C;6;26/04/2026;GIMNASIA Y ESGRIMA DE LA PLATA B;29;SOCIAL LANUS;100
2026;JUVENILES MASCULINO;Fase Regular;Torneo Reclasificatorio;RECLASIFICACION;SUR;2C;6;26/04/2026;COLON FC;37;GIMNASIA y ESGRIMA DE LOMAS DE ZAMORA B;31
2026;JUVENILES MASCULINO;Fase Regular;Torneo Reclasificatorio;RECLASIFICACION;SUR;2C;7;03/05/2026;CLUB EL FOGON;64;COLON FC;36
2026;JUVENILES MASCULINO;Fase Regular;Torneo Reclasificatorio;RECLASIFICACION;SUR;2C;7;03/05/2026;GIMNASIA y ESGRIMA DE LOMAS DE ZAMORA B;84;GIMNASIA Y ESGRIMA DE LA PLATA B;30
2026;JUVENILES MASCULINO;Fase Regular;Torneo Reclasificatorio;RECLASIFICACION;SUR;2C;7;03/05/2026;SOCIAL LANUS;100;MUNICIPALIDAD DE AVELLANEDA;41
2026;JUVENILES MASCULINO;Fase Regular;Torneo Reclasificatorio;RECLASIFICACION;SUR;2C;7;03/05/2026;TAPONAZO  FUTBOL CLUB;26;SPORTIVO ALSINA;49
2026;JUVENILES MASCULINO;Fase Regular;Torneo Reclasificatorio;RECLASIFICACION;SUR;2C;7;03/05/2026;VILLA ESPAÑA;42;BERAZATEGUI;84
2026;JUVENILES MASCULINO;Fase Regular;Torneo Reclasificatorio;RECLASIFICACION;SUR;2C;8;10/05/2026;VILLA ESPAÑA;49;CLUB EL FOGON;52
2026;JUVENILES MASCULINO;Fase Regular;Torneo Reclasificatorio;RECLASIFICACION;SUR;2C;8;10/05/2026;BERAZATEGUI;82;TAPONAZO  FUTBOL CLUB;28
2026;JUVENILES MASCULINO;Fase Regular;Torneo Reclasificatorio;RECLASIFICACION;SUR;2C;8;10/05/2026;SPORTIVO ALSINA;64;SOCIAL LANUS;63
2026;JUVENILES MASCULINO;Fase Regular;Torneo Reclasificatorio;RECLASIFICACION;SUR;2C;8;10/05/2026;MUNICIPALIDAD DE AVELLANEDA;30;GIMNASIA y ESGRIMA DE LOMAS DE ZAMORA B;45
2026;JUVENILES MASCULINO;Fase Regular;Torneo Reclasificatorio;RECLASIFICACION;SUR;2C;8;10/05/2026;GIMNASIA Y ESGRIMA DE LA PLATA B;54;COLON FC;62
2026;JUVENILES MASCULINO;Fase Regular;Torneo Reclasificatorio;RECLASIFICACION;SUR;2C;9;17/05/2026;CLUB EL FOGON;75;GIMNASIA Y ESGRIMA DE LA PLATA B;41
2026;JUVENILES MASCULINO;Fase Regular;Torneo Reclasificatorio;RECLASIFICACION;SUR;2C;9;17/05/2026;COLON FC;67;MUNICIPALIDAD DE AVELLANEDA;39
2026;JUVENILES MASCULINO;Fase Regular;Torneo Reclasificatorio;RECLASIFICACION;SUR;2C;9;17/05/2026;GIMNASIA y ESGRIMA DE LOMAS DE ZAMORA B;44;SPORTIVO ALSINA;72
2026;JUVENILES MASCULINO;Fase Regular;Torneo Reclasificatorio;RECLASIFICACION;SUR;2C;9;17/05/2026;SOCIAL LANUS;77;BERAZATEGUI;87
2026;JUVENILES MASCULINO;Fase Regular;Torneo Reclasificatorio;RECLASIFICACION;SUR;2C;9;17/05/2026;TAPONAZO  FUTBOL CLUB;43;VILLA ESPAÑA;67
2026;JUVENILES MASCULINO;Fase Regular;Torneo Reclasificatorio;RECLASIFICACION;SUR;2C;10;24/05/2026;TAPONAZO  FUTBOL CLUB;26;CLUB EL FOGON;66
2026;JUVENILES MASCULINO;Fase Regular;Torneo Reclasificatorio;RECLASIFICACION;SUR;2C;10;24/05/2026;SOCIAL LANUS;67;VILLA ESPAÑA;40
2026;JUVENILES MASCULINO;Fase Regular;Torneo Reclasificatorio;RECLASIFICACION;SUR;2C;10;24/05/2026;GIMNASIA y ESGRIMA DE LOMAS DE ZAMORA B;47;BERAZATEGUI;65
2026;JUVENILES MASCULINO;Fase Regular;Torneo Reclasificatorio;RECLASIFICACION;SUR;2C;10;24/05/2026;COLON FC;45;SPORTIVO ALSINA;61
2026;JUVENILES MASCULINO;Fase Regular;Torneo Reclasificatorio;RECLASIFICACION;SUR;2C;10;24/05/2026;GIMNASIA Y ESGRIMA DE LA PLATA B;66;MUNICIPALIDAD DE AVELLANEDA;68
2026;CADETES MASCULINO;Fase Regular;Torneo Reclasificatorio;RECLASIFICACION;CENTRO;2A;1;15/03/2026;JOSE HERNANDEZ B;30;RACING ANEXO;57
2026;CADETES MASCULINO;Fase Regular;Torneo Reclasificatorio;RECLASIFICACION;CENTRO;2A;1;15/03/2026;PEDRO ECHAGUE B;59;ALDO BONZI;12
2026;CADETES MASCULINO;Fase Regular;Torneo Reclasificatorio;RECLASIFICACION;CENTRO;2A;1;15/03/2026;NAUTICO BUCHARDO B;45;DEPORTIVO CROVARA B;35
2026;CADETES MASCULINO;Fase Regular;Torneo Reclasificatorio;RECLASIFICACION;CENTRO;2A;1;15/03/2026;NUEVA CHICAGO;13;ITALIANO B;77
2026;CADETES MASCULINO;Fase Regular;Torneo Reclasificatorio;RECLASIFICACION;CENTRO;2A;1;15/03/2026;JUVENCIA;62;IMPERIO B;52
2026;CADETES MASCULINO;Fase Regular;Torneo Reclasificatorio;RECLASIFICACION;CENTRO;2A;2;22/03/2026;JUVENCIA;0;JOSE HERNANDEZ B;20
2026;CADETES MASCULINO;Fase Regular;Torneo Reclasificatorio;RECLASIFICACION;CENTRO;2A;2;22/03/2026;IMPERIO B;67;NUEVA CHICAGO;15
2026;CADETES MASCULINO;Fase Regular;Torneo Reclasificatorio;RECLASIFICACION;CENTRO;2A;2;22/03/2026;ITALIANO B;74;NAUTICO BUCHARDO B;27
2026;CADETES MASCULINO;Fase Regular;Torneo Reclasificatorio;RECLASIFICACION;CENTRO;2A;2;22/03/2026;DEPORTIVO CROVARA B;22;PEDRO ECHAGUE B;64
2026;CADETES MASCULINO;Fase Regular;Torneo Reclasificatorio;RECLASIFICACION;CENTRO;2A;2;22/03/2026;ALDO BONZI;19;RACING ANEXO;72
2026;CADETES MASCULINO;Fase Regular;Torneo Reclasificatorio;RECLASIFICACION;CENTRO;2A;3;29/03/2026;JOSE HERNANDEZ B;52;ALDO BONZI;38
2026;CADETES MASCULINO;Fase Regular;Torneo Reclasificatorio;RECLASIFICACION;CENTRO;2A;3;29/03/2026;RACING ANEXO;105;DEPORTIVO CROVARA B;33
2026;CADETES MASCULINO;Fase Regular;Torneo Reclasificatorio;RECLASIFICACION;CENTRO;2A;3;29/03/2026;PEDRO ECHAGUE B;42;ITALIANO B;54
2026;CADETES MASCULINO;Fase Regular;Torneo Reclasificatorio;RECLASIFICACION;CENTRO;2A;3;29/03/2026;NAUTICO BUCHARDO B;24;IMPERIO B;63
2026;CADETES MASCULINO;Fase Regular;Torneo Reclasificatorio;RECLASIFICACION;CENTRO;2A;3;29/03/2026;NUEVA CHICAGO;25;JUVENCIA;58
2026;CADETES MASCULINO;Fase Regular;Torneo Reclasificatorio;RECLASIFICACION;CENTRO;2A;4;12/04/2026;NUEVA CHICAGO;24;JOSE HERNANDEZ B;60
2026;CADETES MASCULINO;Fase Regular;Torneo Reclasificatorio;RECLASIFICACION;CENTRO;2A;4;12/04/2026;JUVENCIA;40;NAUTICO BUCHARDO B;36
2026;CADETES MASCULINO;Fase Regular;Torneo Reclasificatorio;RECLASIFICACION;CENTRO;2A;4;12/04/2026;IMPERIO B;58;PEDRO ECHAGUE B;46
2026;CADETES MASCULINO;Fase Regular;Torneo Reclasificatorio;RECLASIFICACION;CENTRO;2A;4;12/04/2026;ITALIANO B;70;RACING ANEXO;54
2026;CADETES MASCULINO;Fase Regular;Torneo Reclasificatorio;RECLASIFICACION;CENTRO;2A;4;12/04/2026;DEPORTIVO CROVARA B;20;ALDO BONZI;0
2026;CADETES MASCULINO;Fase Regular;Torneo Reclasificatorio;RECLASIFICACION;CENTRO;2A;5;19/04/2026;JOSE HERNANDEZ B;35;DEPORTIVO CROVARA B;33
2026;CADETES MASCULINO;Fase Regular;Torneo Reclasificatorio;RECLASIFICACION;CENTRO;2A;5;19/04/2026;ALDO BONZI;17;ITALIANO B;90
2026;CADETES MASCULINO;Fase Regular;Torneo Reclasificatorio;RECLASIFICACION;CENTRO;2A;5;19/04/2026;RACING ANEXO;92;IMPERIO B;52
2026;CADETES MASCULINO;Fase Regular;Torneo Reclasificatorio;RECLASIFICACION;CENTRO;2A;5;19/04/2026;PEDRO ECHAGUE B;49;JUVENCIA;44
2026;CADETES MASCULINO;Fase Regular;Torneo Reclasificatorio;RECLASIFICACION;CENTRO;2A;5;19/04/2026;NAUTICO BUCHARDO B;35;NUEVA CHICAGO;21
2026;CADETES MASCULINO;Fase Regular;Torneo Reclasificatorio;RECLASIFICACION;CENTRO;2A;6;26/04/2026;NAUTICO BUCHARDO B;42;JOSE HERNANDEZ B;21
2026;CADETES MASCULINO;Fase Regular;Torneo Reclasificatorio;RECLASIFICACION;CENTRO;2A;6;26/04/2026;NUEVA CHICAGO;27;PEDRO ECHAGUE B;73
2026;CADETES MASCULINO;Fase Regular;Torneo Reclasificatorio;RECLASIFICACION;CENTRO;2A;6;26/04/2026;JUVENCIA;38;RACING ANEXO;48
2026;CADETES MASCULINO;Fase Regular;Torneo Reclasificatorio;RECLASIFICACION;CENTRO;2A;6;26/04/2026;IMPERIO B;72;ALDO BONZI;28
2026;CADETES MASCULINO;Fase Regular;Torneo Reclasificatorio;RECLASIFICACION;CENTRO;2A;6;26/04/2026;ITALIANO B;83;DEPORTIVO CROVARA B;27
2026;CADETES MASCULINO;Fase Regular;Torneo Reclasificatorio;RECLASIFICACION;CENTRO;2A;7;03/05/2026;JOSE HERNANDEZ B;24;ITALIANO B;84
2026;CADETES MASCULINO;Fase Regular;Torneo Reclasificatorio;RECLASIFICACION;CENTRO;2A;7;03/05/2026;DEPORTIVO CROVARA B;27;IMPERIO B;56
2026;CADETES MASCULINO;Fase Regular;Torneo Reclasificatorio;RECLASIFICACION;CENTRO;2A;7;03/05/2026;ALDO BONZI;44;JUVENCIA;56
2026;CADETES MASCULINO;Fase Regular;Torneo Reclasificatorio;RECLASIFICACION;CENTRO;2A;7;03/05/2026;RACING ANEXO;78;NUEVA CHICAGO;17
2026;CADETES MASCULINO;Fase Regular;Torneo Reclasificatorio;RECLASIFICACION;CENTRO;2A;7;03/05/2026;PEDRO ECHAGUE B;55;NAUTICO BUCHARDO B;29
2026;CADETES MASCULINO;Fase Regular;Torneo Reclasificatorio;RECLASIFICACION;CENTRO;2A;8;10/05/2026;PEDRO ECHAGUE B;77;JOSE HERNANDEZ B;20
2026;CADETES MASCULINO;Fase Regular;Torneo Reclasificatorio;RECLASIFICACION;CENTRO;2A;8;10/05/2026;NAUTICO BUCHARDO B;43;RACING ANEXO;57
2026;CADETES MASCULINO;Fase Regular;Torneo Reclasificatorio;RECLASIFICACION;CENTRO;2A;8;10/05/2026;NUEVA CHICAGO;37;ALDO BONZI;43
2026;CADETES MASCULINO;Fase Regular;Torneo Reclasificatorio;RECLASIFICACION;CENTRO;2A;8;10/05/2026;JUVENCIA;84;DEPORTIVO CROVARA B;20
2026;CADETES MASCULINO;Fase Regular;Torneo Reclasificatorio;RECLASIFICACION;CENTRO;2A;8;10/05/2026;IMPERIO B;45;ITALIANO B;59
2026;CADETES MASCULINO;Fase Regular;Torneo Reclasificatorio;RECLASIFICACION;CENTRO;2A;9;17/05/2026;JOSE HERNANDEZ B;26;IMPERIO B;66
2026;CADETES MASCULINO;Fase Regular;Torneo Reclasificatorio;RECLASIFICACION;CENTRO;2A;9;17/05/2026;ITALIANO B;60;JUVENCIA;57
2026;CADETES MASCULINO;Fase Regular;Torneo Reclasificatorio;RECLASIFICACION;CENTRO;2A;9;17/05/2026;DEPORTIVO CROVARA B;30;NUEVA CHICAGO;25
2026;CADETES MASCULINO;Fase Regular;Torneo Reclasificatorio;RECLASIFICACION;CENTRO;2A;9;17/05/2026;ALDO BONZI;34;NAUTICO BUCHARDO B;51
2026;CADETES MASCULINO;Fase Regular;Torneo Reclasificatorio;RECLASIFICACION;CENTRO;2A;9;17/05/2026;RACING ANEXO;70;PEDRO ECHAGUE B;51
2026;CADETES MASCULINO;Fase Regular;Torneo Reclasificatorio;RECLASIFICACION;CENTRO;2A;10;24/05/2026;RACING ANEXO;76;JOSE HERNANDEZ B;22
2026;CADETES MASCULINO;Fase Regular;Torneo Reclasificatorio;RECLASIFICACION;CENTRO;2A;10;24/05/2026;ALDO BONZI;31;PEDRO ECHAGUE B;76
2026;CADETES MASCULINO;Fase Regular;Torneo Reclasificatorio;RECLASIFICACION;CENTRO;2A;10;24/05/2026;DEPORTIVO CROVARA B;28;NAUTICO BUCHARDO B;38
2026;CADETES MASCULINO;Fase Regular;Torneo Reclasificatorio;RECLASIFICACION;CENTRO;2A;10;24/05/2026;ITALIANO B;74;NUEVA CHICAGO;36
2026;CADETES MASCULINO;Fase Regular;Torneo Reclasificatorio;RECLASIFICACION;CENTRO;2A;10;24/05/2026;IMPERIO B;46;JUVENCIA;66
2026;CADETES MASCULINO;Fase Regular;Torneo Reclasificatorio;RECLASIFICACION;CENTRO;2B;1;15/03/2026;ALL BOYS B;0;ALL BOYS DE SAAVEDRA;20
2026;CADETES MASCULINO;Fase Regular;Torneo Reclasificatorio;RECLASIFICACION;CENTRO;2B;1;15/03/2026;SAN LORENZO B;41;CIRCULO URQUIZA A;52
2026;CADETES MASCULINO;Fase Regular;Torneo Reclasificatorio;RECLASIFICACION;CENTRO;2B;1;15/03/2026;DEPORTIVO SAN ANDRES;61;CLUB ATLETICO HURACAN DE PARQUE PATRICIOS;44
2026;CADETES MASCULINO;Fase Regular;Torneo Reclasificatorio;RECLASIFICACION;CENTRO;2B;1;15/03/2026;GEBA;48;MACABI;36
2026;CADETES MASCULINO;Fase Regular;Torneo Reclasificatorio;RECLASIFICACION;CENTRO;2B;1;15/03/2026;ARGENTINOS JUNIORS;29;COMUNICACIONES B;52
2026;CADETES MASCULINO;Fase Regular;Torneo Reclasificatorio;RECLASIFICACION;CENTRO;2B;2;22/03/2026;ARGENTINOS JUNIORS;85;ALL BOYS B;5
2026;CADETES MASCULINO;Fase Regular;Torneo Reclasificatorio;RECLASIFICACION;CENTRO;2B;2;22/03/2026;COMUNICACIONES B;48;GEBA;43
2026;CADETES MASCULINO;Fase Regular;Torneo Reclasificatorio;RECLASIFICACION;CENTRO;2B;2;22/03/2026;MACABI;39;DEPORTIVO SAN ANDRES;69
2026;CADETES MASCULINO;Fase Regular;Torneo Reclasificatorio;RECLASIFICACION;CENTRO;2B;2;22/03/2026;CLUB ATLETICO HURACAN DE PARQUE PATRICIOS;0;SAN LORENZO B;20
2026;CADETES MASCULINO;Fase Regular;Torneo Reclasificatorio;RECLASIFICACION;CENTRO;2B;2;22/03/2026;CIRCULO URQUIZA A;84;ALL BOYS DE SAAVEDRA;13
2026;CADETES MASCULINO;Fase Regular;Torneo Reclasificatorio;RECLASIFICACION;CENTRO;2B;3;29/03/2026;ALL BOYS B;15;CIRCULO URQUIZA A;65
2026;CADETES MASCULINO;Fase Regular;Torneo Reclasificatorio;RECLASIFICACION;CENTRO;2B;3;29/03/2026;ALL BOYS DE SAAVEDRA;15;CLUB ATLETICO HURACAN DE PARQUE PATRICIOS;68
2026;CADETES MASCULINO;Fase Regular;Torneo Reclasificatorio;RECLASIFICACION;CENTRO;2B;3;29/03/2026;SAN LORENZO B;20;MACABI;0
2026;CADETES MASCULINO;Fase Regular;Torneo Reclasificatorio;RECLASIFICACION;CENTRO;2B;3;29/03/2026;DEPORTIVO SAN ANDRES;61;COMUNICACIONES B;47
2026;CADETES MASCULINO;Fase Regular;Torneo Reclasificatorio;RECLASIFICACION;CENTRO;2B;3;29/03/2026;GEBA;60;ARGENTINOS JUNIORS;30
2026;CADETES MASCULINO;Fase Regular;Torneo Reclasificatorio;RECLASIFICACION;CENTRO;2B;4;12/04/2026;GEBA;105;ALL BOYS B;14
2026;CADETES MASCULINO;Fase Regular;Torneo Reclasificatorio;RECLASIFICACION;CENTRO;2B;4;12/04/2026;ARGENTINOS JUNIORS;29;DEPORTIVO SAN ANDRES;57
2026;CADETES MASCULINO;Fase Regular;Torneo Reclasificatorio;RECLASIFICACION;CENTRO;2B;4;12/04/2026;COMUNICACIONES B;43;SAN LORENZO B;23
2026;CADETES MASCULINO;Fase Regular;Torneo Reclasificatorio;RECLASIFICACION;CENTRO;2B;4;12/04/2026;MACABI;94;ALL BOYS DE SAAVEDRA;19
2026;CADETES MASCULINO;Fase Regular;Torneo Reclasificatorio;RECLASIFICACION;CENTRO;2B;4;12/04/2026;CLUB ATLETICO HURACAN DE PARQUE PATRICIOS;0;CIRCULO URQUIZA A;20
2026;CADETES MASCULINO;Fase Regular;Torneo Reclasificatorio;RECLASIFICACION;CENTRO;2B;5;19/04/2026;ALL BOYS B;17;CLUB ATLETICO HURACAN DE PARQUE PATRICIOS;63
2026;CADETES MASCULINO;Fase Regular;Torneo Reclasificatorio;RECLASIFICACION;CENTRO;2B;5;19/04/2026;CIRCULO URQUIZA A;71;MACABI;63
2026;CADETES MASCULINO;Fase Regular;Torneo Reclasificatorio;RECLASIFICACION;CENTRO;2B;5;19/04/2026;ALL BOYS DE SAAVEDRA;18;COMUNICACIONES B;57
2026;CADETES MASCULINO;Fase Regular;Torneo Reclasificatorio;RECLASIFICACION;CENTRO;2B;5;19/04/2026;SAN LORENZO B;34;ARGENTINOS JUNIORS;54
2026;CADETES MASCULINO;Fase Regular;Torneo Reclasificatorio;RECLASIFICACION;CENTRO;2B;5;19/04/2026;DEPORTIVO SAN ANDRES;71;GEBA;54
2026;CADETES MASCULINO;Fase Regular;Torneo Reclasificatorio;RECLASIFICACION;CENTRO;2B;6;26/04/2026;DEPORTIVO SAN ANDRES;82;ALL BOYS B;14
2026;CADETES MASCULINO;Fase Regular;Torneo Reclasificatorio;RECLASIFICACION;CENTRO;2B;6;26/04/2026;GEBA;64;SAN LORENZO B;25
2026;CADETES MASCULINO;Fase Regular;Torneo Reclasificatorio;RECLASIFICACION;CENTRO;2B;6;26/04/2026;ARGENTINOS JUNIORS;65;ALL BOYS DE SAAVEDRA;20
2026;CADETES MASCULINO;Fase Regular;Torneo Reclasificatorio;RECLASIFICACION;CENTRO;2B;6;26/04/2026;COMUNICACIONES B;77;CIRCULO URQUIZA A;61
2026;CADETES MASCULINO;Fase Regular;Torneo Reclasificatorio;RECLASIFICACION;CENTRO;2B;6;26/04/2026;MACABI;55;CLUB ATLETICO HURACAN DE PARQUE PATRICIOS;65
2026;CADETES MASCULINO;Fase Regular;Torneo Reclasificatorio;RECLASIFICACION;CENTRO;2B;7;03/05/2026;ALL BOYS B;4;MACABI;94
2026;CADETES MASCULINO;Fase Regular;Torneo Reclasificatorio;RECLASIFICACION;CENTRO;2B;7;03/05/2026;CLUB ATLETICO HURACAN DE PARQUE PATRICIOS;33;COMUNICACIONES B;44
2026;CADETES MASCULINO;Fase Regular;Torneo Reclasificatorio;RECLASIFICACION;CENTRO;2B;7;03/05/2026;CIRCULO URQUIZA A;61;ARGENTINOS JUNIORS;44
2026;CADETES MASCULINO;Fase Regular;Torneo Reclasificatorio;RECLASIFICACION;CENTRO;2B;7;03/05/2026;ALL BOYS DE SAAVEDRA;12;GEBA;79
2026;CADETES MASCULINO;Fase Regular;Torneo Reclasificatorio;RECLASIFICACION;CENTRO;2B;7;03/05/2026;SAN LORENZO B;39;DEPORTIVO SAN ANDRES;78
2026;CADETES MASCULINO;Fase Regular;Torneo Reclasificatorio;RECLASIFICACION;CENTRO;2B;8;10/05/2026;SAN LORENZO B;72;ALL BOYS B;5
2026;CADETES MASCULINO;Fase Regular;Torneo Reclasificatorio;RECLASIFICACION;CENTRO;2B;8;10/05/2026;DEPORTIVO SAN ANDRES;92;ALL BOYS DE SAAVEDRA;32
2026;CADETES MASCULINO;Fase Regular;Torneo Reclasificatorio;RECLASIFICACION;CENTRO;2B;8;10/05/2026;GEBA;55;CIRCULO URQUIZA A;28
2026;CADETES MASCULINO;Fase Regular;Torneo Reclasificatorio;RECLASIFICACION;CENTRO;2B;8;10/05/2026;ARGENTINOS JUNIORS;32;CLUB ATLETICO HURACAN DE PARQUE PATRICIOS;45
2026;CADETES MASCULINO;Fase Regular;Torneo Reclasificatorio;RECLASIFICACION;CENTRO;2B;8;10/05/2026;COMUNICACIONES B;66;MACABI;52
2026;CADETES MASCULINO;Fase Regular;Torneo Reclasificatorio;RECLASIFICACION;CENTRO;2B;9;17/05/2026;ALL BOYS B;14;COMUNICACIONES B;95
2026;CADETES MASCULINO;Fase Regular;Torneo Reclasificatorio;RECLASIFICACION;CENTRO;2B;9;17/05/2026;MACABI;0;ARGENTINOS JUNIORS;20
2026;CADETES MASCULINO;Fase Regular;Torneo Reclasificatorio;RECLASIFICACION;CENTRO;2B;9;17/05/2026;CLUB ATLETICO HURACAN DE PARQUE PATRICIOS;25;GEBA;51
2026;CADETES MASCULINO;Fase Regular;Torneo Reclasificatorio;RECLASIFICACION;CENTRO;2B;9;17/05/2026;CIRCULO URQUIZA A;39;DEPORTIVO SAN ANDRES;81
2026;CADETES MASCULINO;Fase Regular;Torneo Reclasificatorio;RECLASIFICACION;CENTRO;2B;9;17/05/2026;ALL BOYS DE SAAVEDRA;2;SAN LORENZO B;93
2026;CADETES MASCULINO;Fase Regular;Torneo Reclasificatorio;RECLASIFICACION;CENTRO;2B;10;24/05/2026;ALL BOYS DE SAAVEDRA;49;ALL BOYS B;41
2026;CADETES MASCULINO;Fase Regular;Torneo Reclasificatorio;RECLASIFICACION;CENTRO;2B;10;24/05/2026;CIRCULO URQUIZA A;49;SAN LORENZO B;51
2026;CADETES MASCULINO;Fase Regular;Torneo Reclasificatorio;RECLASIFICACION;CENTRO;2B;10;24/05/2026;CLUB ATLETICO HURACAN DE PARQUE PATRICIOS;30;DEPORTIVO SAN ANDRES;65
2026;CADETES MASCULINO;Fase Regular;Torneo Reclasificatorio;RECLASIFICACION;CENTRO;2B;10;24/05/2026;MACABI;61;GEBA;72
2026;CADETES MASCULINO;Fase Regular;Torneo Reclasificatorio;RECLASIFICACION;CENTRO;2B;10;24/05/2026;COMUNICACIONES B;57;ARGENTINOS JUNIORS;35
2026;CADETES MASCULINO;Fase Regular;Torneo Reclasificatorio;RECLASIFICACION;NORTE;2A;1;15/03/2026;HEBRAICA;46;LAS HERAS A;76
2026;CADETES MASCULINO;Fase Regular;Torneo Reclasificatorio;RECLASIFICACION;NORTE;2A;1;15/03/2026;CIUDAD DE BUENOS AIRES B;47;17 DE AGOSTO;29
2026;CADETES MASCULINO;Fase Regular;Torneo Reclasificatorio;RECLASIFICACION;NORTE;2A;1;15/03/2026;COLEGIALES B;54;PINOCHO C;26
2026;CADETES MASCULINO;Fase Regular;Torneo Reclasificatorio;RECLASIFICACION;NORTE;2A;1;15/03/2026;NAUTICO HACOAJ B;30;HARRODS GATH Y CHAVES;95
2026;CADETES MASCULINO;Fase Regular;Torneo Reclasificatorio;RECLASIFICACION;NORTE;2A;2;22/03/2026;NAUTICO HACOAJ B;20;HEBRAICA;0
2026;CADETES MASCULINO;Fase Regular;Torneo Reclasificatorio;RECLASIFICACION;NORTE;2A;2;22/03/2026;HARRODS GATH Y CHAVES;82;COLEGIALES B;26
2026;CADETES MASCULINO;Fase Regular;Torneo Reclasificatorio;RECLASIFICACION;NORTE;2A;2;22/03/2026;PINOCHO C;25;CIUDAD DE BUENOS AIRES B;68
2026;CADETES MASCULINO;Fase Regular;Torneo Reclasificatorio;RECLASIFICACION;NORTE;2A;2;22/03/2026;17 DE AGOSTO;33;LAS HERAS A;64
2026;CADETES MASCULINO;Fase Regular;Torneo Reclasificatorio;RECLASIFICACION;NORTE;2A;3;29/03/2026;HEBRAICA;66;17 DE AGOSTO;41
2026;CADETES MASCULINO;Fase Regular;Torneo Reclasificatorio;RECLASIFICACION;NORTE;2A;3;29/03/2026;LAS HERAS A;98;PINOCHO C;25
2026;CADETES MASCULINO;Fase Regular;Torneo Reclasificatorio;RECLASIFICACION;NORTE;2A;3;29/03/2026;CIUDAD DE BUENOS AIRES B;36;HARRODS GATH Y CHAVES;95
2026;CADETES MASCULINO;Fase Regular;Torneo Reclasificatorio;RECLASIFICACION;NORTE;2A;3;29/03/2026;COLEGIALES B;42;NAUTICO HACOAJ B;38
2026;CADETES MASCULINO;Fase Regular;Torneo Reclasificatorio;RECLASIFICACION;NORTE;2A;4;12/04/2026;COLEGIALES B;20;HEBRAICA;0
2026;CADETES MASCULINO;Fase Regular;Torneo Reclasificatorio;RECLASIFICACION;NORTE;2A;4;12/04/2026;NAUTICO HACOAJ B;38;CIUDAD DE BUENOS AIRES B;51
2026;CADETES MASCULINO;Fase Regular;Torneo Reclasificatorio;RECLASIFICACION;NORTE;2A;4;12/04/2026;HARRODS GATH Y CHAVES;64;LAS HERAS A;34
2026;CADETES MASCULINO;Fase Regular;Torneo Reclasificatorio;RECLASIFICACION;NORTE;2A;4;12/04/2026;PINOCHO C;20;17 DE AGOSTO;0
2026;CADETES MASCULINO;Fase Regular;Torneo Reclasificatorio;RECLASIFICACION;NORTE;2A;5;19/04/2026;HEBRAICA;60;PINOCHO C;38
2026;CADETES MASCULINO;Fase Regular;Torneo Reclasificatorio;RECLASIFICACION;NORTE;2A;5;19/04/2026;17 DE AGOSTO;12;HARRODS GATH Y CHAVES;55
2026;CADETES MASCULINO;Fase Regular;Torneo Reclasificatorio;RECLASIFICACION;NORTE;2A;5;19/04/2026;LAS HERAS A;94;NAUTICO HACOAJ B;31
2026;CADETES MASCULINO;Fase Regular;Torneo Reclasificatorio;RECLASIFICACION;NORTE;2A;5;19/04/2026;CIUDAD DE BUENOS AIRES B;46;COLEGIALES B;39
2026;CADETES MASCULINO;Fase Regular;Torneo Reclasificatorio;RECLASIFICACION;NORTE;2A;6;26/04/2026;CIUDAD DE BUENOS AIRES B;58;HEBRAICA;75
2026;CADETES MASCULINO;Fase Regular;Torneo Reclasificatorio;RECLASIFICACION;NORTE;2A;6;26/04/2026;COLEGIALES B;33;LAS HERAS A;96
2026;CADETES MASCULINO;Fase Regular;Torneo Reclasificatorio;RECLASIFICACION;NORTE;2A;6;26/04/2026;NAUTICO HACOAJ B;20;17 DE AGOSTO;0
2026;CADETES MASCULINO;Fase Regular;Torneo Reclasificatorio;RECLASIFICACION;NORTE;2A;6;26/04/2026;HARRODS GATH Y CHAVES;93;PINOCHO C;16
2026;CADETES MASCULINO;Fase Regular;Torneo Reclasificatorio;RECLASIFICACION;NORTE;2A;7;03/05/2026;HEBRAICA;23;HARRODS GATH Y CHAVES;89
2026;CADETES MASCULINO;Fase Regular;Torneo Reclasificatorio;RECLASIFICACION;NORTE;2A;7;03/05/2026;PINOCHO C;33;NAUTICO HACOAJ B;45
2026;CADETES MASCULINO;Fase Regular;Torneo Reclasificatorio;RECLASIFICACION;NORTE;2A;7;03/05/2026;17 DE AGOSTO;31;COLEGIALES B;28
2026;CADETES MASCULINO;Fase Regular;Torneo Reclasificatorio;RECLASIFICACION;NORTE;2A;7;03/05/2026;LAS HERAS A;69;CIUDAD DE BUENOS AIRES B;42
2026;CADETES MASCULINO;Fase Regular;Torneo Reclasificatorio;RECLASIFICACION;NORTE;2A;8;10/05/2026;LAS HERAS A;84;HEBRAICA;46
2026;CADETES MASCULINO;Fase Regular;Torneo Reclasificatorio;RECLASIFICACION;NORTE;2A;8;10/05/2026;17 DE AGOSTO;0;CIUDAD DE BUENOS AIRES B;20
2026;CADETES MASCULINO;Fase Regular;Torneo Reclasificatorio;RECLASIFICACION;NORTE;2A;8;10/05/2026;PINOCHO C;38;COLEGIALES B;41
2026;CADETES MASCULINO;Fase Regular;Torneo Reclasificatorio;RECLASIFICACION;NORTE;2A;8;10/05/2026;HARRODS GATH Y CHAVES;85;NAUTICO HACOAJ B;18
2026;CADETES MASCULINO;Fase Regular;Torneo Reclasificatorio;RECLASIFICACION;NORTE;2A;9;17/05/2026;HEBRAICA;67;NAUTICO HACOAJ B;33
2026;CADETES MASCULINO;Fase Regular;Torneo Reclasificatorio;RECLASIFICACION;NORTE;2A;9;17/05/2026;COLEGIALES B;26;HARRODS GATH Y CHAVES;109
2026;CADETES MASCULINO;Fase Regular;Torneo Reclasificatorio;RECLASIFICACION;NORTE;2A;9;17/05/2026;CIUDAD DE BUENOS AIRES B;51;PINOCHO C;46
2026;CADETES MASCULINO;Fase Regular;Torneo Reclasificatorio;RECLASIFICACION;NORTE;2A;9;17/05/2026;LAS HERAS A;65;17 DE AGOSTO;31
2026;CADETES MASCULINO;Fase Regular;Torneo Reclasificatorio;RECLASIFICACION;NORTE;2A;10;24/05/2026;17 DE AGOSTO;27;HEBRAICA;43
2026;CADETES MASCULINO;Fase Regular;Torneo Reclasificatorio;RECLASIFICACION;NORTE;2A;10;24/05/2026;PINOCHO C;22;LAS HERAS A;90
2026;CADETES MASCULINO;Fase Regular;Torneo Reclasificatorio;RECLASIFICACION;NORTE;2A;10;24/05/2026;HARRODS GATH Y CHAVES;84;CIUDAD DE BUENOS AIRES B;31
2026;CADETES MASCULINO;Fase Regular;Torneo Reclasificatorio;RECLASIFICACION;NORTE;2A;10;24/05/2026;NAUTICO HACOAJ B;32;COLEGIALES B;45
2026;CADETES MASCULINO;Fase Regular;Torneo Reclasificatorio;RECLASIFICACION;NORTE;2B;1;15/03/2026;BANCO PROVINCIA A;82;COOPERATIVA TORTUGUITAS;25
2026;CADETES MASCULINO;Fase Regular;Torneo Reclasificatorio;RECLASIFICACION;NORTE;2B;1;15/03/2026;SOCIAL BECCAR B;32;SPORTIVO PILAR B;43
2026;CADETES MASCULINO;Fase Regular;Torneo Reclasificatorio;RECLASIFICACION;NORTE;2B;1;15/03/2026;CLUB ATENEO INGENIERO RAVER;69;VICTORIA B;24
2026;CADETES MASCULINO;Fase Regular;Torneo Reclasificatorio;RECLASIFICACION;NORTE;2B;1;15/03/2026;INDEPENDIENTE DE ESCOBAR;37;BANCO NACION A;40
2026;CADETES MASCULINO;Fase Regular;Torneo Reclasificatorio;RECLASIFICACION;NORTE;2B;2;22/03/2026;INDEPENDIENTE DE ESCOBAR;65;CLUB SOCIAL Y DEPORTIVO ARENAL;39
2026;CADETES MASCULINO;Fase Regular;Torneo Reclasificatorio;RECLASIFICACION;NORTE;2B;2;22/03/2026;BANCO NACION A;61;CLUB ATENEO INGENIERO RAVER;72
2026;CADETES MASCULINO;Fase Regular;Torneo Reclasificatorio;RECLASIFICACION;NORTE;2B;2;22/03/2026;VICTORIA B;0;SOCIAL BECCAR B;20
2026;CADETES MASCULINO;Fase Regular;Torneo Reclasificatorio;RECLASIFICACION;NORTE;2B;2;22/03/2026;SPORTIVO PILAR B;34;BANCO PROVINCIA A;93
2026;CADETES MASCULINO;Fase Regular;Torneo Reclasificatorio;RECLASIFICACION;NORTE;2B;3;29/03/2026;CLUB SOCIAL Y DEPORTIVO ARENAL;63;COOPERATIVA TORTUGUITAS;32
2026;CADETES MASCULINO;Fase Regular;Torneo Reclasificatorio;RECLASIFICACION;NORTE;2B;3;29/03/2026;BANCO PROVINCIA A;77;VICTORIA B;36
2026;CADETES MASCULINO;Fase Regular;Torneo Reclasificatorio;RECLASIFICACION;NORTE;2B;3;29/03/2026;SOCIAL BECCAR B;20;BANCO NACION A;81
2026;CADETES MASCULINO;Fase Regular;Torneo Reclasificatorio;RECLASIFICACION;NORTE;2B;3;29/03/2026;CLUB ATENEO INGENIERO RAVER;62;INDEPENDIENTE DE ESCOBAR;33
2026;CADETES MASCULINO;Fase Regular;Torneo Reclasificatorio;RECLASIFICACION;NORTE;2B;4;12/04/2026;CLUB ATENEO INGENIERO RAVER;66;CLUB SOCIAL Y DEPORTIVO ARENAL;33
2026;CADETES MASCULINO;Fase Regular;Torneo Reclasificatorio;RECLASIFICACION;NORTE;2B;4;12/04/2026;INDEPENDIENTE DE ESCOBAR;70;SOCIAL BECCAR B;17
2026;CADETES MASCULINO;Fase Regular;Torneo Reclasificatorio;RECLASIFICACION;NORTE;2B;4;12/04/2026;BANCO NACION A;54;BANCO PROVINCIA A;49
2026;CADETES MASCULINO;Fase Regular;Torneo Reclasificatorio;RECLASIFICACION;NORTE;2B;4;12/04/2026;SPORTIVO PILAR B;33;COOPERATIVA TORTUGUITAS;70
2026;CADETES MASCULINO;Fase Regular;Torneo Reclasificatorio;RECLASIFICACION;NORTE;2B;5;19/04/2026;CLUB SOCIAL Y DEPORTIVO ARENAL;67;SPORTIVO PILAR B;34
2026;CADETES MASCULINO;Fase Regular;Torneo Reclasificatorio;RECLASIFICACION;NORTE;2B;5;19/04/2026;COOPERATIVA TORTUGUITAS;57;VICTORIA B;39
2026;CADETES MASCULINO;Fase Regular;Torneo Reclasificatorio;RECLASIFICACION;NORTE;2B;5;19/04/2026;BANCO PROVINCIA A;40;INDEPENDIENTE DE ESCOBAR;55
2026;CADETES MASCULINO;Fase Regular;Torneo Reclasificatorio;RECLASIFICACION;NORTE;2B;5;19/04/2026;SOCIAL BECCAR B;22;CLUB ATENEO INGENIERO RAVER;83
2026;CADETES MASCULINO;Fase Regular;Torneo Reclasificatorio;RECLASIFICACION;NORTE;2B;6;26/04/2026;SOCIAL BECCAR B;42;CLUB SOCIAL Y DEPORTIVO ARENAL;69
2026;CADETES MASCULINO;Fase Regular;Torneo Reclasificatorio;RECLASIFICACION;NORTE;2B;6;26/04/2026;CLUB ATENEO INGENIERO RAVER;67;BANCO PROVINCIA A;47
2026;CADETES MASCULINO;Fase Regular;Torneo Reclasificatorio;RECLASIFICACION;NORTE;2B;6;26/04/2026;BANCO NACION A;95;COOPERATIVA TORTUGUITAS;26
2026;CADETES MASCULINO;Fase Regular;Torneo Reclasificatorio;RECLASIFICACION;NORTE;2B;6;26/04/2026;VICTORIA B;68;SPORTIVO PILAR B;34
2026;CADETES MASCULINO;Fase Regular;Torneo Reclasificatorio;RECLASIFICACION;NORTE;2B;7;03/05/2026;CLUB SOCIAL Y DEPORTIVO ARENAL;59;VICTORIA B;44
2026;CADETES MASCULINO;Fase Regular;Torneo Reclasificatorio;RECLASIFICACION;NORTE;2B;7;03/05/2026;SPORTIVO PILAR B;16;BANCO NACION A;89
2026;CADETES MASCULINO;Fase Regular;Torneo Reclasificatorio;RECLASIFICACION;NORTE;2B;7;03/05/2026;COOPERATIVA TORTUGUITAS;41;INDEPENDIENTE DE ESCOBAR;63
2026;CADETES MASCULINO;Fase Regular;Torneo Reclasificatorio;RECLASIFICACION;NORTE;2B;7;03/05/2026;BANCO PROVINCIA A;90;SOCIAL BECCAR B;17
2026;CADETES MASCULINO;Fase Regular;Torneo Reclasificatorio;RECLASIFICACION;NORTE;2B;8;10/05/2026;BANCO PROVINCIA A;62;CLUB SOCIAL Y DEPORTIVO ARENAL;49
2026;CADETES MASCULINO;Fase Regular;Torneo Reclasificatorio;RECLASIFICACION;NORTE;2B;8;10/05/2026;CLUB ATENEO INGENIERO RAVER;73;COOPERATIVA TORTUGUITAS;31
2026;CADETES MASCULINO;Fase Regular;Torneo Reclasificatorio;RECLASIFICACION;NORTE;2B;8;10/05/2026;INDEPENDIENTE DE ESCOBAR;86;SPORTIVO PILAR B;28
2026;CADETES MASCULINO;Fase Regular;Torneo Reclasificatorio;RECLASIFICACION;NORTE;2B;8;10/05/2026;BANCO NACION A;102;VICTORIA B;28
2026;CADETES MASCULINO;Fase Regular;Torneo Reclasificatorio;RECLASIFICACION;NORTE;2B;9;17/05/2026;CLUB SOCIAL Y DEPORTIVO ARENAL;20;BANCO NACION A;0
2026;CADETES MASCULINO;Fase Regular;Torneo Reclasificatorio;RECLASIFICACION;NORTE;2B;9;17/05/2026;VICTORIA B;39;INDEPENDIENTE DE ESCOBAR;47
2026;CADETES MASCULINO;Fase Regular;Torneo Reclasificatorio;RECLASIFICACION;NORTE;2B;9;17/05/2026;SPORTIVO PILAR B;17;CLUB ATENEO INGENIERO RAVER;98
2026;CADETES MASCULINO;Fase Regular;Torneo Reclasificatorio;RECLASIFICACION;NORTE;2B;9;17/05/2026;COOPERATIVA TORTUGUITAS;58;SOCIAL BECCAR B;35
2026;CADETES MASCULINO;Fase Regular;Torneo Reclasificatorio;RECLASIFICACION;NORTE;2B;10;24/05/2026;COOPERATIVA TORTUGUITAS;43;BANCO PROVINCIA A;65
2026;CADETES MASCULINO;Fase Regular;Torneo Reclasificatorio;RECLASIFICACION;NORTE;2B;10;24/05/2026;SPORTIVO PILAR B;0;SOCIAL BECCAR B;0
2026;CADETES MASCULINO;Fase Regular;Torneo Reclasificatorio;RECLASIFICACION;NORTE;2B;10;24/05/2026;VICTORIA B;22;CLUB ATENEO INGENIERO RAVER;79
2026;CADETES MASCULINO;Fase Regular;Torneo Reclasificatorio;RECLASIFICACION;NORTE;2B;10;24/05/2026;BANCO NACION A;64;INDEPENDIENTE DE ESCOBAR;63
2026;CADETES MASCULINO;Fase Regular;Torneo Reclasificatorio;RECLASIFICACION;NORTE;3C;1;15/03/2026;BANCO NACION B;27;CLUB TRES DE FEBRERO C;42
2026;CADETES MASCULINO;Fase Regular;Torneo Reclasificatorio;RECLASIFICACION;NORTE;3C;1;15/03/2026;VICTORIA A;110;SAN FERNANDO B;26
2026;CADETES MASCULINO;Fase Regular;Torneo Reclasificatorio;RECLASIFICACION;NORTE;3C;1;15/03/2026;UNIVERSIDAD DE BUENOS AIRES;36;PLATENSE B;72
2026;CADETES MASCULINO;Fase Regular;Torneo Reclasificatorio;RECLASIFICACION;NORTE;3C;1;15/03/2026;ATLETICO BOULOGNE A;9;NAUTICO BUCHARDO A;116
2026;CADETES MASCULINO;Fase Regular;Torneo Reclasificatorio;RECLASIFICACION;NORTE;3C;2;22/03/2026;ATLETICO BOULOGNE A;32;BANCO NACION B;39
2026;CADETES MASCULINO;Fase Regular;Torneo Reclasificatorio;RECLASIFICACION;NORTE;3C;2;22/03/2026;NAUTICO BUCHARDO A;88;UNIVERSIDAD DE BUENOS AIRES;17
2026;CADETES MASCULINO;Fase Regular;Torneo Reclasificatorio;RECLASIFICACION;NORTE;3C;2;22/03/2026;PLATENSE B;27;VICTORIA A;59
2026;CADETES MASCULINO;Fase Regular;Torneo Reclasificatorio;RECLASIFICACION;NORTE;3C;2;22/03/2026;SAN FERNANDO B;97;CLUB TRES DE FEBRERO C;38
2026;CADETES MASCULINO;Fase Regular;Torneo Reclasificatorio;RECLASIFICACION;NORTE;3C;3;29/03/2026;BANCO NACION B;11;SAN FERNANDO B;79
2026;CADETES MASCULINO;Fase Regular;Torneo Reclasificatorio;RECLASIFICACION;NORTE;3C;3;29/03/2026;CLUB TRES DE FEBRERO C;19;PLATENSE B;73
2026;CADETES MASCULINO;Fase Regular;Torneo Reclasificatorio;RECLASIFICACION;NORTE;3C;3;29/03/2026;VICTORIA A;55;NAUTICO BUCHARDO A;44
2026;CADETES MASCULINO;Fase Regular;Torneo Reclasificatorio;RECLASIFICACION;NORTE;3C;3;29/03/2026;UNIVERSIDAD DE BUENOS AIRES;66;ATLETICO BOULOGNE A;29
2026;CADETES MASCULINO;Fase Regular;Torneo Reclasificatorio;RECLASIFICACION;NORTE;3C;4;12/04/2026;UNIVERSIDAD DE BUENOS AIRES;64;BANCO NACION B;19
2026;CADETES MASCULINO;Fase Regular;Torneo Reclasificatorio;RECLASIFICACION;NORTE;3C;4;12/04/2026;ATLETICO BOULOGNE A;11;VICTORIA A;100
2026;CADETES MASCULINO;Fase Regular;Torneo Reclasificatorio;RECLASIFICACION;NORTE;3C;4;12/04/2026;NAUTICO BUCHARDO A;104;CLUB TRES DE FEBRERO C;11
2026;CADETES MASCULINO;Fase Regular;Torneo Reclasificatorio;RECLASIFICACION;NORTE;3C;4;12/04/2026;PLATENSE B;55;SAN FERNANDO B;64
2026;CADETES MASCULINO;Fase Regular;Torneo Reclasificatorio;RECLASIFICACION;NORTE;3C;5;19/04/2026;BANCO NACION B;20;PLATENSE B;88
2026;CADETES MASCULINO;Fase Regular;Torneo Reclasificatorio;RECLASIFICACION;NORTE;3C;5;19/04/2026;SAN FERNANDO B;40;NAUTICO BUCHARDO A;71
2026;CADETES MASCULINO;Fase Regular;Torneo Reclasificatorio;RECLASIFICACION;NORTE;3C;5;19/04/2026;CLUB TRES DE FEBRERO C;28;ATLETICO BOULOGNE A;27
2026;CADETES MASCULINO;Fase Regular;Torneo Reclasificatorio;RECLASIFICACION;NORTE;3C;5;19/04/2026;VICTORIA A;92;UNIVERSIDAD DE BUENOS AIRES;33
2026;CADETES MASCULINO;Fase Regular;Torneo Reclasificatorio;RECLASIFICACION;NORTE;3C;6;26/04/2026;VICTORIA A;157;BANCO NACION B;11
2026;CADETES MASCULINO;Fase Regular;Torneo Reclasificatorio;RECLASIFICACION;NORTE;3C;6;26/04/2026;UNIVERSIDAD DE BUENOS AIRES;58;CLUB TRES DE FEBRERO C;28
2026;CADETES MASCULINO;Fase Regular;Torneo Reclasificatorio;RECLASIFICACION;NORTE;3C;6;26/04/2026;ATLETICO BOULOGNE A;23;SAN FERNANDO B;87
2026;CADETES MASCULINO;Fase Regular;Torneo Reclasificatorio;RECLASIFICACION;NORTE;3C;6;26/04/2026;NAUTICO BUCHARDO A;67;PLATENSE B;25
2026;CADETES MASCULINO;Fase Regular;Torneo Reclasificatorio;RECLASIFICACION;NORTE;3C;7;03/05/2026;BANCO NACION B;5;NAUTICO BUCHARDO A;110
2026;CADETES MASCULINO;Fase Regular;Torneo Reclasificatorio;RECLASIFICACION;NORTE;3C;7;03/05/2026;PLATENSE B;87;ATLETICO BOULOGNE A;16
2026;CADETES MASCULINO;Fase Regular;Torneo Reclasificatorio;RECLASIFICACION;NORTE;3C;7;03/05/2026;SAN FERNANDO B;56;UNIVERSIDAD DE BUENOS AIRES;60
2026;CADETES MASCULINO;Fase Regular;Torneo Reclasificatorio;RECLASIFICACION;NORTE;3C;7;03/05/2026;CLUB TRES DE FEBRERO C;15;VICTORIA A;124
2026;CADETES MASCULINO;Fase Regular;Torneo Reclasificatorio;RECLASIFICACION;NORTE;3C;8;10/05/2026;CLUB TRES DE FEBRERO C;43;BANCO NACION B;39
2026;CADETES MASCULINO;Fase Regular;Torneo Reclasificatorio;RECLASIFICACION;NORTE;3C;8;10/05/2026;SAN FERNANDO B;51;VICTORIA A;70
2026;CADETES MASCULINO;Fase Regular;Torneo Reclasificatorio;RECLASIFICACION;NORTE;3C;8;10/05/2026;PLATENSE B;60;UNIVERSIDAD DE BUENOS AIRES;53
2026;CADETES MASCULINO;Fase Regular;Torneo Reclasificatorio;RECLASIFICACION;NORTE;3C;8;10/05/2026;NAUTICO BUCHARDO A;101;ATLETICO BOULOGNE A;5
2026;CADETES MASCULINO;Fase Regular;Torneo Reclasificatorio;RECLASIFICACION;NORTE;3C;9;17/05/2026;BANCO NACION B;45;ATLETICO BOULOGNE A;31
2026;CADETES MASCULINO;Fase Regular;Torneo Reclasificatorio;RECLASIFICACION;NORTE;3C;9;17/05/2026;UNIVERSIDAD DE BUENOS AIRES;32;NAUTICO BUCHARDO A;84
2026;CADETES MASCULINO;Fase Regular;Torneo Reclasificatorio;RECLASIFICACION;NORTE;3C;9;17/05/2026;VICTORIA A;66;PLATENSE B;46
2026;CADETES MASCULINO;Fase Regular;Torneo Reclasificatorio;RECLASIFICACION;NORTE;3C;9;17/05/2026;CLUB TRES DE FEBRERO C;18;SAN FERNANDO B;84
2026;CADETES MASCULINO;Fase Regular;Torneo Reclasificatorio;RECLASIFICACION;NORTE;3C;10;24/05/2026;SAN FERNANDO B;85;BANCO NACION B;24
2026;CADETES MASCULINO;Fase Regular;Torneo Reclasificatorio;RECLASIFICACION;NORTE;3C;10;24/05/2026;PLATENSE B;85;CLUB TRES DE FEBRERO C;31
2026;CADETES MASCULINO;Fase Regular;Torneo Reclasificatorio;RECLASIFICACION;NORTE;3C;10;24/05/2026;NAUTICO BUCHARDO A;70;VICTORIA A;48
2026;CADETES MASCULINO;Fase Regular;Torneo Reclasificatorio;RECLASIFICACION;NORTE;3C;10;24/05/2026;ATLETICO BOULOGNE A;34;UNIVERSIDAD DE BUENOS AIRES;75
2026;CADETES MASCULINO;Fase Regular;Torneo Reclasificatorio;RECLASIFICACION;OESTE;2A;1;15/03/2026;NOLTING;79;DEFENSORES DE MORENO A;40
2026;CADETES MASCULINO;Fase Regular;Torneo Reclasificatorio;RECLASIFICACION;OESTE;2A;1;15/03/2026;CENTRO ESPAÑOL;45;GIMNASIA Y ESGRIMA DE ITUZAINGO B;41
2026;CADETES MASCULINO;Fase Regular;Torneo Reclasificatorio;RECLASIFICACION;OESTE;2A;1;15/03/2026;CLUB CEPA;48;CLUB PORTUGUES DEL GRAN BUENOS AIRES;76
2026;CADETES MASCULINO;Fase Regular;Torneo Reclasificatorio;RECLASIFICACION;OESTE;2A;1;15/03/2026;DEP. MORON B;0;SITAS B;0
2026;CADETES MASCULINO;Fase Regular;Torneo Reclasificatorio;RECLASIFICACION;OESTE;2A;2;22/03/2026;DEP. MORON B;35;RAMOS MEJIA LTC;47
2026;CADETES MASCULINO;Fase Regular;Torneo Reclasificatorio;RECLASIFICACION;OESTE;2A;2;22/03/2026;SITAS B;0;CLUB CEPA;20
2026;CADETES MASCULINO;Fase Regular;Torneo Reclasificatorio;RECLASIFICACION;OESTE;2A;2;22/03/2026;CLUB PORTUGUES DEL GRAN BUENOS AIRES;72;CENTRO ESPAÑOL;35
2026;CADETES MASCULINO;Fase Regular;Torneo Reclasificatorio;RECLASIFICACION;OESTE;2A;2;22/03/2026;GIMNASIA Y ESGRIMA DE ITUZAINGO B;20;NOLTING;0
2026;CADETES MASCULINO;Fase Regular;Torneo Reclasificatorio;RECLASIFICACION;OESTE;2A;3;29/03/2026;RAMOS MEJIA LTC;56;DEFENSORES DE MORENO A;38
2026;CADETES MASCULINO;Fase Regular;Torneo Reclasificatorio;RECLASIFICACION;OESTE;2A;3;29/03/2026;NOLTING;86;CLUB PORTUGUES DEL GRAN BUENOS AIRES;77
2026;CADETES MASCULINO;Fase Regular;Torneo Reclasificatorio;RECLASIFICACION;OESTE;2A;3;29/03/2026;CENTRO ESPAÑOL;20;SITAS B;0
2026;CADETES MASCULINO;Fase Regular;Torneo Reclasificatorio;RECLASIFICACION;OESTE;2A;3;29/03/2026;CLUB CEPA;79;DEP. MORON B;53
2026;CADETES MASCULINO;Fase Regular;Torneo Reclasificatorio;RECLASIFICACION;OESTE;2A;4;12/04/2026;CLUB CEPA;56;RAMOS MEJIA LTC;47
2026;CADETES MASCULINO;Fase Regular;Torneo Reclasificatorio;RECLASIFICACION;OESTE;2A;4;12/04/2026;DEP. MORON B;20;CENTRO ESPAÑOL;0
2026;CADETES MASCULINO;Fase Regular;Torneo Reclasificatorio;RECLASIFICACION;OESTE;2A;4;12/04/2026;CLUB PORTUGUES DEL GRAN BUENOS AIRES;73;FERROCARRIL OESTE C;32
2026;CADETES MASCULINO;Fase Regular;Torneo Reclasificatorio;RECLASIFICACION;OESTE;2A;4;12/04/2026;GIMNASIA Y ESGRIMA DE ITUZAINGO B;45;DEFENSORES DE MORENO A;47
2026;CADETES MASCULINO;Fase Regular;Torneo Reclasificatorio;RECLASIFICACION;OESTE;2A;5;19/04/2026;RAMOS MEJIA LTC;53;GIMNASIA Y ESGRIMA DE ITUZAINGO B;44
2026;CADETES MASCULINO;Fase Regular;Torneo Reclasificatorio;RECLASIFICACION;OESTE;2A;5;19/04/2026;DEFENSORES DE MORENO A;41;CLUB PORTUGUES DEL GRAN BUENOS AIRES;66
2026;CADETES MASCULINO;Fase Regular;Torneo Reclasificatorio;RECLASIFICACION;OESTE;2A;5;19/04/2026;FERROCARRIL OESTE C;20;SITAS B;0
2026;CADETES MASCULINO;Fase Regular;Torneo Reclasificatorio;RECLASIFICACION;OESTE;2A;5;19/04/2026;NOLTING;92;DEP. MORON B;37
2026;CADETES MASCULINO;Fase Regular;Torneo Reclasificatorio;RECLASIFICACION;OESTE;2A;5;19/04/2026;CENTRO ESPAÑOL;39;CLUB CEPA;69
2026;CADETES MASCULINO;Fase Regular;Torneo Reclasificatorio;RECLASIFICACION;OESTE;2A;6;26/04/2026;CENTRO ESPAÑOL;44;RAMOS MEJIA LTC;49
2026;CADETES MASCULINO;Fase Regular;Torneo Reclasificatorio;RECLASIFICACION;OESTE;2A;6;26/04/2026;CLUB CEPA;75;NOLTING;73
2026;CADETES MASCULINO;Fase Regular;Torneo Reclasificatorio;RECLASIFICACION;OESTE;2A;6;26/04/2026;SITAS B;0;DEFENSORES DE MORENO A;20
2026;CADETES MASCULINO;Fase Regular;Torneo Reclasificatorio;RECLASIFICACION;OESTE;2A;6;26/04/2026;CLUB PORTUGUES DEL GRAN BUENOS AIRES;67;GIMNASIA Y ESGRIMA DE ITUZAINGO B;33
2026;CADETES MASCULINO;Fase Regular;Torneo Reclasificatorio;RECLASIFICACION;OESTE;2A;7;03/05/2026;RAMOS MEJIA LTC;41;CLUB PORTUGUES DEL GRAN BUENOS AIRES;50
2026;CADETES MASCULINO;Fase Regular;Torneo Reclasificatorio;RECLASIFICACION;OESTE;2A;7;03/05/2026;GIMNASIA Y ESGRIMA DE ITUZAINGO B;20;SITAS B;0
2026;CADETES MASCULINO;Fase Regular;Torneo Reclasificatorio;RECLASIFICACION;OESTE;2A;7;03/05/2026;DEFENSORES DE MORENO A;50;DEP. MORON B;57
2026;CADETES MASCULINO;Fase Regular;Torneo Reclasificatorio;RECLASIFICACION;OESTE;2A;7;03/05/2026;FERROCARRIL OESTE C;36;CLUB CEPA;96
2026;CADETES MASCULINO;Fase Regular;Torneo Reclasificatorio;RECLASIFICACION;OESTE;2A;7;03/05/2026;NOLTING;72;CENTRO ESPAÑOL;41
2026;CADETES MASCULINO;Fase Regular;Torneo Reclasificatorio;RECLASIFICACION;OESTE;2A;8;10/05/2026;NOLTING;65;RAMOS MEJIA LTC;36
2026;CADETES MASCULINO;Fase Regular;Torneo Reclasificatorio;RECLASIFICACION;OESTE;2A;8;10/05/2026;CENTRO ESPAÑOL;57;FERROCARRIL OESTE C;61
2026;CADETES MASCULINO;Fase Regular;Torneo Reclasificatorio;RECLASIFICACION;OESTE;2A;8;10/05/2026;CLUB CEPA;81;DEFENSORES DE MORENO A;54
2026;CADETES MASCULINO;Fase Regular;Torneo Reclasificatorio;RECLASIFICACION;OESTE;2A;8;10/05/2026;DEP. MORON B;45;GIMNASIA Y ESGRIMA DE ITUZAINGO B;54
2026;CADETES MASCULINO;Fase Regular;Torneo Reclasificatorio;RECLASIFICACION;OESTE;2A;8;10/05/2026;SITAS B;0;CLUB PORTUGUES DEL GRAN BUENOS AIRES;20
2026;CADETES MASCULINO;Fase Regular;Torneo Reclasificatorio;RECLASIFICACION;OESTE;2A;9;17/05/2026;RAMOS MEJIA LTC;20;SITAS B;0
2026;CADETES MASCULINO;Fase Regular;Torneo Reclasificatorio;RECLASIFICACION;OESTE;2A;9;17/05/2026;CLUB PORTUGUES DEL GRAN BUENOS AIRES;58;DEP. MORON B;22
2026;CADETES MASCULINO;Fase Regular;Torneo Reclasificatorio;RECLASIFICACION;OESTE;2A;9;17/05/2026;DEFENSORES DE MORENO A;47;CENTRO ESPAÑOL;38
2026;CADETES MASCULINO;Fase Regular;Torneo Reclasificatorio;RECLASIFICACION;OESTE;2A;9;17/05/2026;FERROCARRIL OESTE C;48;NOLTING;79
2026;CADETES MASCULINO;Fase Regular;Torneo Reclasificatorio;RECLASIFICACION;OESTE;2A;10;24/05/2026;DEFENSORES DE MORENO A;59;NOLTING;90
2026;CADETES MASCULINO;Fase Regular;Torneo Reclasificatorio;RECLASIFICACION;OESTE;2A;10;24/05/2026;CLUB PORTUGUES DEL GRAN BUENOS AIRES;63;CLUB CEPA;77
2026;CADETES MASCULINO;Fase Regular;Torneo Reclasificatorio;RECLASIFICACION;OESTE;2A;10;24/05/2026;SITAS B;0;DEP. MORON B;0
2026;CADETES MASCULINO;Fase Regular;Torneo Reclasificatorio;RECLASIFICACION;OESTE;2A;13;14/06/2026;NOLTING;0;SITAS B;0
2026;CADETES MASCULINO;Fase Regular;Torneo Reclasificatorio;RECLASIFICACION;OESTE;2B;1;15/03/2026;SITAS A;51;VELEZ SARSFIELD B;69
2026;CADETES MASCULINO;Fase Regular;Torneo Reclasificatorio;RECLASIFICACION;OESTE;2B;1;15/03/2026;DEFENSORES DE SANTOS LUGARES;55;MORON B;57
2026;CADETES MASCULINO;Fase Regular;Torneo Reclasificatorio;RECLASIFICACION;OESTE;2B;1;15/03/2026;CEDEM;70;PASO DEL REY;35
2026;CADETES MASCULINO;Fase Regular;Torneo Reclasificatorio;RECLASIFICACION;OESTE;2B;1;15/03/2026;UNITARIOS DE MARCOS PAZ;20;SAN MIGUEL A;0
2026;CADETES MASCULINO;Fase Regular;Torneo Reclasificatorio;RECLASIFICACION;OESTE;2B;1;15/03/2026;ESTUDIANTIL PORTEÑO B;113;DEFENSORES DE HURLINGHAM B;20
2026;CADETES MASCULINO;Fase Regular;Torneo Reclasificatorio;RECLASIFICACION;OESTE;2B;2;22/03/2026;ESTUDIANTIL PORTEÑO B;68;SITAS A;39
2026;CADETES MASCULINO;Fase Regular;Torneo Reclasificatorio;RECLASIFICACION;OESTE;2B;2;22/03/2026;DEFENSORES DE HURLINGHAM B;35;UNITARIOS DE MARCOS PAZ;44
2026;CADETES MASCULINO;Fase Regular;Torneo Reclasificatorio;RECLASIFICACION;OESTE;2B;2;22/03/2026;SAN MIGUEL A;46;CEDEM;74
2026;CADETES MASCULINO;Fase Regular;Torneo Reclasificatorio;RECLASIFICACION;OESTE;2B;2;22/03/2026;PASO DEL REY;35;DEFENSORES DE SANTOS LUGARES;49
2026;CADETES MASCULINO;Fase Regular;Torneo Reclasificatorio;RECLASIFICACION;OESTE;2B;2;22/03/2026;MORON B;51;VELEZ SARSFIELD B;83
2026;CADETES MASCULINO;Fase Regular;Torneo Reclasificatorio;RECLASIFICACION;OESTE;2B;3;29/03/2026;SITAS A;53;MORON B;62
2026;CADETES MASCULINO;Fase Regular;Torneo Reclasificatorio;RECLASIFICACION;OESTE;2B;3;29/03/2026;VELEZ SARSFIELD B;92;PASO DEL REY;37
2026;CADETES MASCULINO;Fase Regular;Torneo Reclasificatorio;RECLASIFICACION;OESTE;2B;3;29/03/2026;DEFENSORES DE SANTOS LUGARES;55;SAN MIGUEL A;33
2026;CADETES MASCULINO;Fase Regular;Torneo Reclasificatorio;RECLASIFICACION;OESTE;2B;3;29/03/2026;CEDEM;85;DEFENSORES DE HURLINGHAM B;19
2026;CADETES MASCULINO;Fase Regular;Torneo Reclasificatorio;RECLASIFICACION;OESTE;2B;3;29/03/2026;UNITARIOS DE MARCOS PAZ;23;ESTUDIANTIL PORTEÑO B;78
2026;CADETES MASCULINO;Fase Regular;Torneo Reclasificatorio;RECLASIFICACION;OESTE;2B;4;12/04/2026;UNITARIOS DE MARCOS PAZ;33;SITAS A;50
2026;CADETES MASCULINO;Fase Regular;Torneo Reclasificatorio;RECLASIFICACION;OESTE;2B;4;12/04/2026;ESTUDIANTIL PORTEÑO B;63;CEDEM;47
2026;CADETES MASCULINO;Fase Regular;Torneo Reclasificatorio;RECLASIFICACION;OESTE;2B;4;12/04/2026;DEFENSORES DE HURLINGHAM B;27;DEFENSORES DE SANTOS LUGARES;71
2026;CADETES MASCULINO;Fase Regular;Torneo Reclasificatorio;RECLASIFICACION;OESTE;2B;4;12/04/2026;SAN MIGUEL A;38;VELEZ SARSFIELD B;83
2026;CADETES MASCULINO;Fase Regular;Torneo Reclasificatorio;RECLASIFICACION;OESTE;2B;4;12/04/2026;PASO DEL REY;42;MORON B;87
2026;CADETES MASCULINO;Fase Regular;Torneo Reclasificatorio;RECLASIFICACION;OESTE;2B;5;19/04/2026;SITAS A;53;PASO DEL REY;41
2026;CADETES MASCULINO;Fase Regular;Torneo Reclasificatorio;RECLASIFICACION;OESTE;2B;5;19/04/2026;MORON B;66;SAN MIGUEL A;57
2026;CADETES MASCULINO;Fase Regular;Torneo Reclasificatorio;RECLASIFICACION;OESTE;2B;5;19/04/2026;VELEZ SARSFIELD B;121;DEFENSORES DE HURLINGHAM B;18
2026;CADETES MASCULINO;Fase Regular;Torneo Reclasificatorio;RECLASIFICACION;OESTE;2B;5;19/04/2026;DEFENSORES DE SANTOS LUGARES;48;ESTUDIANTIL PORTEÑO B;63
2026;CADETES MASCULINO;Fase Regular;Torneo Reclasificatorio;RECLASIFICACION;OESTE;2B;5;19/04/2026;CEDEM;72;UNITARIOS DE MARCOS PAZ;28
2026;CADETES MASCULINO;Fase Regular;Torneo Reclasificatorio;RECLASIFICACION;OESTE;2B;6;26/04/2026;CEDEM;79;SITAS A;38
2026;CADETES MASCULINO;Fase Regular;Torneo Reclasificatorio;RECLASIFICACION;OESTE;2B;6;26/04/2026;UNITARIOS DE MARCOS PAZ;40;DEFENSORES DE SANTOS LUGARES;41
2026;CADETES MASCULINO;Fase Regular;Torneo Reclasificatorio;RECLASIFICACION;OESTE;2B;6;26/04/2026;ESTUDIANTIL PORTEÑO B;87;VELEZ SARSFIELD B;75
2026;CADETES MASCULINO;Fase Regular;Torneo Reclasificatorio;RECLASIFICACION;OESTE;2B;6;26/04/2026;DEFENSORES DE HURLINGHAM B;33;MORON B;84
2026;CADETES MASCULINO;Fase Regular;Torneo Reclasificatorio;RECLASIFICACION;OESTE;2B;6;26/04/2026;SAN MIGUEL A;49;PASO DEL REY;34
2026;CADETES MASCULINO;Fase Regular;Torneo Reclasificatorio;RECLASIFICACION;OESTE;2B;7;03/05/2026;SITAS A;66;SAN MIGUEL A;63
2026;CADETES MASCULINO;Fase Regular;Torneo Reclasificatorio;RECLASIFICACION;OESTE;2B;7;03/05/2026;PASO DEL REY;65;DEFENSORES DE HURLINGHAM B;31
2026;CADETES MASCULINO;Fase Regular;Torneo Reclasificatorio;RECLASIFICACION;OESTE;2B;7;03/05/2026;MORON B;31;ESTUDIANTIL PORTEÑO B;59
2026;CADETES MASCULINO;Fase Regular;Torneo Reclasificatorio;RECLASIFICACION;OESTE;2B;7;03/05/2026;VELEZ SARSFIELD B;88;UNITARIOS DE MARCOS PAZ;60
2026;CADETES MASCULINO;Fase Regular;Torneo Reclasificatorio;RECLASIFICACION;OESTE;2B;7;03/05/2026;DEFENSORES DE SANTOS LUGARES;54;CEDEM;51
2026;CADETES MASCULINO;Fase Regular;Torneo Reclasificatorio;RECLASIFICACION;OESTE;2B;8;10/05/2026;DEFENSORES DE SANTOS LUGARES;54;SITAS A;52
2026;CADETES MASCULINO;Fase Regular;Torneo Reclasificatorio;RECLASIFICACION;OESTE;2B;8;10/05/2026;CEDEM;65;VELEZ SARSFIELD B;57
2026;CADETES MASCULINO;Fase Regular;Torneo Reclasificatorio;RECLASIFICACION;OESTE;2B;8;10/05/2026;UNITARIOS DE MARCOS PAZ;41;MORON B;47
2026;CADETES MASCULINO;Fase Regular;Torneo Reclasificatorio;RECLASIFICACION;OESTE;2B;8;10/05/2026;ESTUDIANTIL PORTEÑO B;105;PASO DEL REY;23
2026;CADETES MASCULINO;Fase Regular;Torneo Reclasificatorio;RECLASIFICACION;OESTE;2B;9;17/05/2026;SITAS A;76;DEFENSORES DE HURLINGHAM B;22
2026;CADETES MASCULINO;Fase Regular;Torneo Reclasificatorio;RECLASIFICACION;OESTE;2B;9;17/05/2026;PASO DEL REY;25;UNITARIOS DE MARCOS PAZ;52
2026;CADETES MASCULINO;Fase Regular;Torneo Reclasificatorio;RECLASIFICACION;OESTE;2B;9;17/05/2026;MORON B;38;CEDEM;83
2026;CADETES MASCULINO;Fase Regular;Torneo Reclasificatorio;RECLASIFICACION;OESTE;2B;9;17/05/2026;VELEZ SARSFIELD B;80;DEFENSORES DE SANTOS LUGARES;53
2026;CADETES MASCULINO;Fase Regular;Torneo Reclasificatorio;RECLASIFICACION;OESTE;2B;10;24/05/2026;VELEZ SARSFIELD B;74;SITAS A;54
2026;CADETES MASCULINO;Fase Regular;Torneo Reclasificatorio;RECLASIFICACION;OESTE;2B;10;24/05/2026;MORON B;51;DEFENSORES DE SANTOS LUGARES;67
2026;CADETES MASCULINO;Fase Regular;Torneo Reclasificatorio;RECLASIFICACION;OESTE;2B;10;24/05/2026;PASO DEL REY;38;CEDEM;86
2026;CADETES MASCULINO;Fase Regular;Torneo Reclasificatorio;RECLASIFICACION;OESTE;2B;10;24/05/2026;SAN MIGUEL A;36;UNITARIOS DE MARCOS PAZ;57
2026;CADETES MASCULINO;Fase Regular;Torneo Reclasificatorio;RECLASIFICACION;OESTE;2B;10;24/05/2026;DEFENSORES DE HURLINGHAM B;23;ESTUDIANTIL PORTEÑO B;119
2026;CADETES MASCULINO;Fase Regular;Torneo Reclasificatorio;RECLASIFICACION;OESTE;2B;12;07/06/2026;MORON B;65;SITAS A;46
2026;CADETES MASCULINO;Fase Regular;Torneo Reclasificatorio;RECLASIFICACION;OESTE;3C;1;15/03/2026;HURACAN DE SAN JUSTO B;20;GIMNASIA Y ESGRIMA DE ITUZAINGO C;0
2026;CADETES MASCULINO;Fase Regular;Torneo Reclasificatorio;RECLASIFICACION;OESTE;3C;1;15/03/2026;EL PALOMAR;80;ARGENTINO DE CASTELAR C;29
2026;CADETES MASCULINO;Fase Regular;Torneo Reclasificatorio;RECLASIFICACION;OESTE;3C;1;15/03/2026;SPORTIVO HAEDO;0;MUNICIPALIDAD DE HURLINGHAM;20
2026;CADETES MASCULINO;Fase Regular;Torneo Reclasificatorio;RECLASIFICACION;OESTE;3C;1;15/03/2026;ITALIANO DE JOSE C PAZ;0;PORTEÑO ATHLETIC CLUB B;20
2026;CADETES MASCULINO;Fase Regular;Torneo Reclasificatorio;RECLASIFICACION;OESTE;3C;1;15/03/2026;CIUDADELA NORTE;17;C.A.S.A PADUA B;95
2026;CADETES MASCULINO;Fase Regular;Torneo Reclasificatorio;RECLASIFICACION;OESTE;3C;2;22/03/2026;CIUDADELA NORTE;56;HURACAN DE SAN JUSTO B;48
2026;CADETES MASCULINO;Fase Regular;Torneo Reclasificatorio;RECLASIFICACION;OESTE;3C;2;22/03/2026;C.A.S.A PADUA B;20;ITALIANO DE JOSE C PAZ;0
2026;CADETES MASCULINO;Fase Regular;Torneo Reclasificatorio;RECLASIFICACION;OESTE;3C;2;22/03/2026;PORTEÑO ATHLETIC CLUB B;37;SPORTIVO HAEDO;45
2026;CADETES MASCULINO;Fase Regular;Torneo Reclasificatorio;RECLASIFICACION;OESTE;3C;2;22/03/2026;MUNICIPALIDAD DE HURLINGHAM;33;EL PALOMAR;50
2026;CADETES MASCULINO;Fase Regular;Torneo Reclasificatorio;RECLASIFICACION;OESTE;3C;2;22/03/2026;ARGENTINO DE CASTELAR C;45;GIMNASIA Y ESGRIMA DE ITUZAINGO C;8
2026;CADETES MASCULINO;Fase Regular;Torneo Reclasificatorio;RECLASIFICACION;OESTE;3C;3;29/03/2026;HURACAN DE SAN JUSTO B;73;ARGENTINO DE CASTELAR C;43
2026;CADETES MASCULINO;Fase Regular;Torneo Reclasificatorio;RECLASIFICACION;OESTE;3C;3;29/03/2026;GIMNASIA Y ESGRIMA DE ITUZAINGO C;8;MUNICIPALIDAD DE HURLINGHAM;74
2026;CADETES MASCULINO;Fase Regular;Torneo Reclasificatorio;RECLASIFICACION;OESTE;3C;3;29/03/2026;EL PALOMAR;31;PORTEÑO ATHLETIC CLUB B;54
2026;CADETES MASCULINO;Fase Regular;Torneo Reclasificatorio;RECLASIFICACION;OESTE;3C;3;29/03/2026;SPORTIVO HAEDO;46;C.A.S.A PADUA B;61
2026;CADETES MASCULINO;Fase Regular;Torneo Reclasificatorio;RECLASIFICACION;OESTE;3C;3;29/03/2026;ITALIANO DE JOSE C PAZ;0;CIUDADELA NORTE;20
2026;CADETES MASCULINO;Fase Regular;Torneo Reclasificatorio;RECLASIFICACION;OESTE;3C;4;12/04/2026;ITALIANO DE JOSE C PAZ;50;HURACAN DE SAN JUSTO B;60
2026;CADETES MASCULINO;Fase Regular;Torneo Reclasificatorio;RECLASIFICACION;OESTE;3C;4;12/04/2026;CIUDADELA NORTE;34;SPORTIVO HAEDO;65
2026;CADETES MASCULINO;Fase Regular;Torneo Reclasificatorio;RECLASIFICACION;OESTE;3C;4;12/04/2026;C.A.S.A PADUA B;63;EL PALOMAR;29
2026;CADETES MASCULINO;Fase Regular;Torneo Reclasificatorio;RECLASIFICACION;OESTE;3C;4;12/04/2026;PORTEÑO ATHLETIC CLUB B;101;GIMNASIA Y ESGRIMA DE ITUZAINGO C;4
2026;CADETES MASCULINO;Fase Regular;Torneo Reclasificatorio;RECLASIFICACION;OESTE;3C;4;12/04/2026;MUNICIPALIDAD DE HURLINGHAM;53;ARGENTINO DE CASTELAR C;26
2026;CADETES MASCULINO;Fase Regular;Torneo Reclasificatorio;RECLASIFICACION;OESTE;3C;5;19/04/2026;HURACAN DE SAN JUSTO B;0;MUNICIPALIDAD DE HURLINGHAM;20
2026;CADETES MASCULINO;Fase Regular;Torneo Reclasificatorio;RECLASIFICACION;OESTE;3C;5;19/04/2026;ARGENTINO DE CASTELAR C;34;PORTEÑO ATHLETIC CLUB B;80
2026;CADETES MASCULINO;Fase Regular;Torneo Reclasificatorio;RECLASIFICACION;OESTE;3C;5;19/04/2026;GIMNASIA Y ESGRIMA DE ITUZAINGO C;0;C.A.S.A PADUA B;20
2026;CADETES MASCULINO;Fase Regular;Torneo Reclasificatorio;RECLASIFICACION;OESTE;3C;5;19/04/2026;EL PALOMAR;81;CIUDADELA NORTE;31
2026;CADETES MASCULINO;Fase Regular;Torneo Reclasificatorio;RECLASIFICACION;OESTE;3C;5;19/04/2026;SPORTIVO HAEDO;101;ITALIANO DE JOSE C PAZ;19
2026;CADETES MASCULINO;Fase Regular;Torneo Reclasificatorio;RECLASIFICACION;OESTE;3C;6;26/04/2026;SPORTIVO HAEDO;64;HURACAN DE SAN JUSTO B;48
2026;CADETES MASCULINO;Fase Regular;Torneo Reclasificatorio;RECLASIFICACION;OESTE;3C;6;26/04/2026;ITALIANO DE JOSE C PAZ;8;EL PALOMAR;68
2026;CADETES MASCULINO;Fase Regular;Torneo Reclasificatorio;RECLASIFICACION;OESTE;3C;6;26/04/2026;CIUDADELA NORTE;20;GIMNASIA Y ESGRIMA DE ITUZAINGO C;0
2026;CADETES MASCULINO;Fase Regular;Torneo Reclasificatorio;RECLASIFICACION;OESTE;3C;6;26/04/2026;C.A.S.A PADUA B;71;ARGENTINO DE CASTELAR C;14
2026;CADETES MASCULINO;Fase Regular;Torneo Reclasificatorio;RECLASIFICACION;OESTE;3C;6;26/04/2026;PORTEÑO ATHLETIC CLUB B;90;MUNICIPALIDAD DE HURLINGHAM;24
2026;CADETES MASCULINO;Fase Regular;Torneo Reclasificatorio;RECLASIFICACION;OESTE;3C;7;03/05/2026;HURACAN DE SAN JUSTO B;27;PORTEÑO ATHLETIC CLUB B;89
2026;CADETES MASCULINO;Fase Regular;Torneo Reclasificatorio;RECLASIFICACION;OESTE;3C;7;03/05/2026;MUNICIPALIDAD DE HURLINGHAM;16;C.A.S.A PADUA B;84
2026;CADETES MASCULINO;Fase Regular;Torneo Reclasificatorio;RECLASIFICACION;OESTE;3C;7;03/05/2026;ARGENTINO DE CASTELAR C;27;CIUDADELA NORTE;45
2026;CADETES MASCULINO;Fase Regular;Torneo Reclasificatorio;RECLASIFICACION;OESTE;3C;7;03/05/2026;GIMNASIA Y ESGRIMA DE ITUZAINGO C;0;ITALIANO DE JOSE C PAZ;20
2026;CADETES MASCULINO;Fase Regular;Torneo Reclasificatorio;RECLASIFICACION;OESTE;3C;7;03/05/2026;EL PALOMAR;46;SPORTIVO HAEDO;52
2026;CADETES MASCULINO;Fase Regular;Torneo Reclasificatorio;RECLASIFICACION;OESTE;3C;8;10/05/2026;EL PALOMAR;50;HURACAN DE SAN JUSTO B;32
2026;CADETES MASCULINO;Fase Regular;Torneo Reclasificatorio;RECLASIFICACION;OESTE;3C;8;10/05/2026;SPORTIVO HAEDO;20;GIMNASIA Y ESGRIMA DE ITUZAINGO C;0
2026;CADETES MASCULINO;Fase Regular;Torneo Reclasificatorio;RECLASIFICACION;OESTE;3C;8;10/05/2026;ITALIANO DE JOSE C PAZ;46;ARGENTINO DE CASTELAR C;44
2026;CADETES MASCULINO;Fase Regular;Torneo Reclasificatorio;RECLASIFICACION;OESTE;3C;8;10/05/2026;CIUDADELA NORTE;20;MUNICIPALIDAD DE HURLINGHAM;0
2026;CADETES MASCULINO;Fase Regular;Torneo Reclasificatorio;RECLASIFICACION;OESTE;3C;8;10/05/2026;C.A.S.A PADUA B;51;PORTEÑO ATHLETIC CLUB B;32
2026;CADETES MASCULINO;Fase Regular;Torneo Reclasificatorio;RECLASIFICACION;OESTE;3C;9;17/05/2026;HURACAN DE SAN JUSTO B;18;C.A.S.A PADUA B;91
2026;CADETES MASCULINO;Fase Regular;Torneo Reclasificatorio;RECLASIFICACION;OESTE;3C;9;17/05/2026;PORTEÑO ATHLETIC CLUB B;84;CIUDADELA NORTE;33
2026;CADETES MASCULINO;Fase Regular;Torneo Reclasificatorio;RECLASIFICACION;OESTE;3C;9;17/05/2026;MUNICIPALIDAD DE HURLINGHAM;20;ITALIANO DE JOSE C PAZ;0
2026;CADETES MASCULINO;Fase Regular;Torneo Reclasificatorio;RECLASIFICACION;OESTE;3C;9;17/05/2026;ARGENTINO DE CASTELAR C;34;SPORTIVO HAEDO;59
2026;CADETES MASCULINO;Fase Regular;Torneo Reclasificatorio;RECLASIFICACION;OESTE;3C;9;17/05/2026;GIMNASIA Y ESGRIMA DE ITUZAINGO C;0;EL PALOMAR;0
2026;CADETES MASCULINO;Fase Regular;Torneo Reclasificatorio;RECLASIFICACION;OESTE;3C;10;24/05/2026;GIMNASIA Y ESGRIMA DE ITUZAINGO C;54;HURACAN DE SAN JUSTO B;48
2026;CADETES MASCULINO;Fase Regular;Torneo Reclasificatorio;RECLASIFICACION;OESTE;3C;10;24/05/2026;ARGENTINO DE CASTELAR C;0;EL PALOMAR;20
2026;CADETES MASCULINO;Fase Regular;Torneo Reclasificatorio;RECLASIFICACION;OESTE;3C;10;24/05/2026;MUNICIPALIDAD DE HURLINGHAM;33;SPORTIVO HAEDO;78
2026;CADETES MASCULINO;Fase Regular;Torneo Reclasificatorio;RECLASIFICACION;OESTE;3C;10;24/05/2026;PORTEÑO ATHLETIC CLUB B;83;ITALIANO DE JOSE C PAZ;29
2026;CADETES MASCULINO;Fase Regular;Torneo Reclasificatorio;RECLASIFICACION;OESTE;3C;10;24/05/2026;C.A.S.A PADUA B;76;CIUDADELA NORTE;39
2026;CADETES MASCULINO;Fase Regular;Torneo Reclasificatorio;RECLASIFICACION;SUR;2A;1;15/03/2026;LA UNION;39;LANUS B;101
2026;CADETES MASCULINO;Fase Regular;Torneo Reclasificatorio;RECLASIFICACION;SUR;2A;1;15/03/2026;CLUB ATLETICO PAMPERO;40;TAMBEROS UNIDOS;57
2026;CADETES MASCULINO;Fase Regular;Torneo Reclasificatorio;RECLASIFICACION;SUR;2A;1;15/03/2026;CLUB ATLETICO BERNAL;64;GUILLON BASQUET;55
2026;CADETES MASCULINO;Fase Regular;Torneo Reclasificatorio;RECLASIFICACION;SUR;2A;2;22/03/2026;GUILLON BASQUET;95;CLUB ATLETICO PAMPERO;31
2026;CADETES MASCULINO;Fase Regular;Torneo Reclasificatorio;RECLASIFICACION;SUR;2A;2;22/03/2026;TAMBEROS UNIDOS;20;LA UNION;0
2026;CADETES MASCULINO;Fase Regular;Torneo Reclasificatorio;RECLASIFICACION;SUR;2A;2;22/03/2026;LANUS B;73;JUVENTUD UNIDA;39
2026;CADETES MASCULINO;Fase Regular;Torneo Reclasificatorio;RECLASIFICACION;SUR;2A;3;29/03/2026;JUVENTUD UNIDA;69;TAMBEROS UNIDOS;46
2026;CADETES MASCULINO;Fase Regular;Torneo Reclasificatorio;RECLASIFICACION;SUR;2A;3;29/03/2026;LA UNION;30;GUILLON BASQUET;79
2026;CADETES MASCULINO;Fase Regular;Torneo Reclasificatorio;RECLASIFICACION;SUR;2A;3;29/03/2026;CLUB ATLETICO PAMPERO;22;CLUB ATLETICO BERNAL;85
2026;CADETES MASCULINO;Fase Regular;Torneo Reclasificatorio;RECLASIFICACION;SUR;2A;4;12/04/2026;CLUB ATLETICO BERNAL;82;LA UNION;38
2026;CADETES MASCULINO;Fase Regular;Torneo Reclasificatorio;RECLASIFICACION;SUR;2A;4;12/04/2026;GUILLON BASQUET;72;JUVENTUD UNIDA;47
2026;CADETES MASCULINO;Fase Regular;Torneo Reclasificatorio;RECLASIFICACION;SUR;2A;4;12/04/2026;TAMBEROS UNIDOS;23;LANUS B;99
2026;CADETES MASCULINO;Fase Regular;Torneo Reclasificatorio;RECLASIFICACION;SUR;2A;5;19/04/2026;LANUS B;57;GUILLON BASQUET;62
2026;CADETES MASCULINO;Fase Regular;Torneo Reclasificatorio;RECLASIFICACION;SUR;2A;5;19/04/2026;JUVENTUD UNIDA;39;CLUB ATLETICO BERNAL;91
2026;CADETES MASCULINO;Fase Regular;Torneo Reclasificatorio;RECLASIFICACION;SUR;2A;5;19/04/2026;LA UNION;0;CLUB ATLETICO PAMPERO;20
2026;CADETES MASCULINO;Fase Regular;Torneo Reclasificatorio;RECLASIFICACION;SUR;2A;6;26/04/2026;CLUB ATLETICO PAMPERO;45;JUVENTUD UNIDA;72
2026;CADETES MASCULINO;Fase Regular;Torneo Reclasificatorio;RECLASIFICACION;SUR;2A;6;26/04/2026;CLUB ATLETICO BERNAL;57;LANUS B;45
2026;CADETES MASCULINO;Fase Regular;Torneo Reclasificatorio;RECLASIFICACION;SUR;2A;6;26/04/2026;GUILLON BASQUET;84;TAMBEROS UNIDOS;26
2026;CADETES MASCULINO;Fase Regular;Torneo Reclasificatorio;RECLASIFICACION;SUR;2A;7;03/05/2026;TAMBEROS UNIDOS;27;CLUB ATLETICO BERNAL;87
2026;CADETES MASCULINO;Fase Regular;Torneo Reclasificatorio;RECLASIFICACION;SUR;2A;7;03/05/2026;LANUS B;108;CLUB ATLETICO PAMPERO;23
2026;CADETES MASCULINO;Fase Regular;Torneo Reclasificatorio;RECLASIFICACION;SUR;2A;7;03/05/2026;JUVENTUD UNIDA;70;LA UNION;46
2026;CADETES MASCULINO;Fase Regular;Torneo Reclasificatorio;RECLASIFICACION;SUR;2A;8;10/05/2026;LANUS B;96;LA UNION;31
2026;CADETES MASCULINO;Fase Regular;Torneo Reclasificatorio;RECLASIFICACION;SUR;2A;8;10/05/2026;TAMBEROS UNIDOS;53;CLUB ATLETICO PAMPERO;54
2026;CADETES MASCULINO;Fase Regular;Torneo Reclasificatorio;RECLASIFICACION;SUR;2A;8;10/05/2026;GUILLON BASQUET;69;CLUB ATLETICO BERNAL;68
2026;CADETES MASCULINO;Fase Regular;Torneo Reclasificatorio;RECLASIFICACION;SUR;2A;9;17/05/2026;CLUB ATLETICO PAMPERO;39;GUILLON BASQUET;79
2026;CADETES MASCULINO;Fase Regular;Torneo Reclasificatorio;RECLASIFICACION;SUR;2A;9;17/05/2026;LA UNION;0;TAMBEROS UNIDOS;20
2026;CADETES MASCULINO;Fase Regular;Torneo Reclasificatorio;RECLASIFICACION;SUR;2A;9;17/05/2026;JUVENTUD UNIDA;70;LANUS B;77
2026;CADETES MASCULINO;Fase Regular;Torneo Reclasificatorio;RECLASIFICACION;SUR;2A;10;24/05/2026;TAMBEROS UNIDOS;36;JUVENTUD UNIDA;39
2026;CADETES MASCULINO;Fase Regular;Torneo Reclasificatorio;RECLASIFICACION;SUR;2A;10;24/05/2026;GUILLON BASQUET;0;LA UNION;0
2026;CADETES MASCULINO;Fase Regular;Torneo Reclasificatorio;RECLASIFICACION;SUR;2A;10;24/05/2026;CLUB ATLETICO BERNAL;71;CLUB ATLETICO PAMPERO;22
2026;CADETES MASCULINO;Fase Regular;Torneo Reclasificatorio;RECLASIFICACION;SUR;2B;1;15/03/2026;DEFENSORES DE GLEW;40;COUNTRY BANFIELD B;24
2026;CADETES MASCULINO;Fase Regular;Torneo Reclasificatorio;RECLASIFICACION;SUR;2B;1;15/03/2026;LUZ Y ARTE;0;CLUB ATLETICO 9 DE JULIO DE LANUS;20
2026;CADETES MASCULINO;Fase Regular;Torneo Reclasificatorio;RECLASIFICACION;SUR;2B;1;15/03/2026;MORENO DE QUILMES;76;CLUB  ATLETICO Y PROGRESO DE BRANDSEN;38
2026;CADETES MASCULINO;Fase Regular;Torneo Reclasificatorio;RECLASIFICACION;SUR;2B;1;15/03/2026;COOPERARIOS;91;TALLERES;16
2026;CADETES MASCULINO;Fase Regular;Torneo Reclasificatorio;RECLASIFICACION;SUR;2B;1;15/03/2026;DEFENSORES DE BANFIELD;82;MONTE GRANDE B;29
2026;CADETES MASCULINO;Fase Regular;Torneo Reclasificatorio;RECLASIFICACION;SUR;2B;2;22/03/2026;DEFENSORES DE BANFIELD;50;DEFENSORES DE GLEW;42
2026;CADETES MASCULINO;Fase Regular;Torneo Reclasificatorio;RECLASIFICACION;SUR;2B;2;22/03/2026;MONTE GRANDE B;18;COOPERARIOS;82
2026;CADETES MASCULINO;Fase Regular;Torneo Reclasificatorio;RECLASIFICACION;SUR;2B;2;22/03/2026;TALLERES;43;MORENO DE QUILMES;83
2026;CADETES MASCULINO;Fase Regular;Torneo Reclasificatorio;RECLASIFICACION;SUR;2B;2;22/03/2026;CLUB  ATLETICO Y PROGRESO DE BRANDSEN;43;LUZ Y ARTE;51
2026;CADETES MASCULINO;Fase Regular;Torneo Reclasificatorio;RECLASIFICACION;SUR;2B;2;22/03/2026;CLUB ATLETICO 9 DE JULIO DE LANUS;37;COUNTRY BANFIELD B;59
2026;CADETES MASCULINO;Fase Regular;Torneo Reclasificatorio;RECLASIFICACION;SUR;2B;3;29/03/2026;DEFENSORES DE GLEW;54;CLUB ATLETICO 9 DE JULIO DE LANUS;30
2026;CADETES MASCULINO;Fase Regular;Torneo Reclasificatorio;RECLASIFICACION;SUR;2B;3;29/03/2026;COUNTRY BANFIELD B;20;CLUB  ATLETICO Y PROGRESO DE BRANDSEN;0
2026;CADETES MASCULINO;Fase Regular;Torneo Reclasificatorio;RECLASIFICACION;SUR;2B;3;29/03/2026;LUZ Y ARTE;63;TALLERES;31
2026;CADETES MASCULINO;Fase Regular;Torneo Reclasificatorio;RECLASIFICACION;SUR;2B;3;29/03/2026;MORENO DE QUILMES;110;MONTE GRANDE B;23
2026;CADETES MASCULINO;Fase Regular;Torneo Reclasificatorio;RECLASIFICACION;SUR;2B;3;29/03/2026;COOPERARIOS;49;DEFENSORES DE BANFIELD;63
2026;CADETES MASCULINO;Fase Regular;Torneo Reclasificatorio;RECLASIFICACION;SUR;2B;4;12/04/2026;COOPERARIOS;62;DEFENSORES DE GLEW;40
2026;CADETES MASCULINO;Fase Regular;Torneo Reclasificatorio;RECLASIFICACION;SUR;2B;4;12/04/2026;DEFENSORES DE BANFIELD;59;MORENO DE QUILMES;61
2026;CADETES MASCULINO;Fase Regular;Torneo Reclasificatorio;RECLASIFICACION;SUR;2B;4;12/04/2026;MONTE GRANDE B;37;LUZ Y ARTE;69
2026;CADETES MASCULINO;Fase Regular;Torneo Reclasificatorio;RECLASIFICACION;SUR;2B;4;12/04/2026;TALLERES;22;COUNTRY BANFIELD B;42
2026;CADETES MASCULINO;Fase Regular;Torneo Reclasificatorio;RECLASIFICACION;SUR;2B;4;12/04/2026;CLUB  ATLETICO Y PROGRESO DE BRANDSEN;65;CLUB ATLETICO 9 DE JULIO DE LANUS;46
2026;CADETES MASCULINO;Fase Regular;Torneo Reclasificatorio;RECLASIFICACION;SUR;2B;5;19/04/2026;DEFENSORES DE GLEW;0;CLUB  ATLETICO Y PROGRESO DE BRANDSEN;20
2026;CADETES MASCULINO;Fase Regular;Torneo Reclasificatorio;RECLASIFICACION;SUR;2B;5;19/04/2026;CLUB ATLETICO 9 DE JULIO DE LANUS;34;TALLERES;51
2026;CADETES MASCULINO;Fase Regular;Torneo Reclasificatorio;RECLASIFICACION;SUR;2B;5;19/04/2026;COUNTRY BANFIELD B;38;MONTE GRANDE B;33
2026;CADETES MASCULINO;Fase Regular;Torneo Reclasificatorio;RECLASIFICACION;SUR;2B;5;19/04/2026;LUZ Y ARTE;48;DEFENSORES DE BANFIELD;64
2026;CADETES MASCULINO;Fase Regular;Torneo Reclasificatorio;RECLASIFICACION;SUR;2B;5;19/04/2026;MORENO DE QUILMES;82;COOPERARIOS;48
2026;CADETES MASCULINO;Fase Regular;Torneo Reclasificatorio;RECLASIFICACION;SUR;2B;6;26/04/2026;MORENO DE QUILMES;53;DEFENSORES DE GLEW;44
2026;CADETES MASCULINO;Fase Regular;Torneo Reclasificatorio;RECLASIFICACION;SUR;2B;6;26/04/2026;COOPERARIOS;73;LUZ Y ARTE;70
2026;CADETES MASCULINO;Fase Regular;Torneo Reclasificatorio;RECLASIFICACION;SUR;2B;6;26/04/2026;DEFENSORES DE BANFIELD;67;COUNTRY BANFIELD B;45
2026;CADETES MASCULINO;Fase Regular;Torneo Reclasificatorio;RECLASIFICACION;SUR;2B;6;26/04/2026;MONTE GRANDE B;53;CLUB ATLETICO 9 DE JULIO DE LANUS;46
2026;CADETES MASCULINO;Fase Regular;Torneo Reclasificatorio;RECLASIFICACION;SUR;2B;6;26/04/2026;TALLERES;33;CLUB  ATLETICO Y PROGRESO DE BRANDSEN;34
2026;CADETES MASCULINO;Fase Regular;Torneo Reclasificatorio;RECLASIFICACION;SUR;2B;7;03/05/2026;DEFENSORES DE GLEW;48;TALLERES;24
2026;CADETES MASCULINO;Fase Regular;Torneo Reclasificatorio;RECLASIFICACION;SUR;2B;7;03/05/2026;CLUB  ATLETICO Y PROGRESO DE BRANDSEN;0;MONTE GRANDE B;20
2026;CADETES MASCULINO;Fase Regular;Torneo Reclasificatorio;RECLASIFICACION;SUR;2B;7;03/05/2026;CLUB ATLETICO 9 DE JULIO DE LANUS;34;DEFENSORES DE BANFIELD;73
2026;CADETES MASCULINO;Fase Regular;Torneo Reclasificatorio;RECLASIFICACION;SUR;2B;7;03/05/2026;COUNTRY BANFIELD B;32;COOPERARIOS;79
2026;CADETES MASCULINO;Fase Regular;Torneo Reclasificatorio;RECLASIFICACION;SUR;2B;7;03/05/2026;LUZ Y ARTE;40;MORENO DE QUILMES;63
2026;CADETES MASCULINO;Fase Regular;Torneo Reclasificatorio;RECLASIFICACION;SUR;2B;8;10/05/2026;LUZ Y ARTE;41;DEFENSORES DE GLEW;45
2026;CADETES MASCULINO;Fase Regular;Torneo Reclasificatorio;RECLASIFICACION;SUR;2B;8;10/05/2026;MORENO DE QUILMES;97;COUNTRY BANFIELD B;37
2026;CADETES MASCULINO;Fase Regular;Torneo Reclasificatorio;RECLASIFICACION;SUR;2B;8;10/05/2026;COOPERARIOS;88;CLUB ATLETICO 9 DE JULIO DE LANUS;31
2026;CADETES MASCULINO;Fase Regular;Torneo Reclasificatorio;RECLASIFICACION;SUR;2B;8;10/05/2026;DEFENSORES DE BANFIELD;67;CLUB  ATLETICO Y PROGRESO DE BRANDSEN;35
2026;CADETES MASCULINO;Fase Regular;Torneo Reclasificatorio;RECLASIFICACION;SUR;2B;8;10/05/2026;MONTE GRANDE B;40;TALLERES;45
2026;CADETES MASCULINO;Fase Regular;Torneo Reclasificatorio;RECLASIFICACION;SUR;2B;9;17/05/2026;DEFENSORES DE GLEW;66;MONTE GRANDE B;30
2026;CADETES MASCULINO;Fase Regular;Torneo Reclasificatorio;RECLASIFICACION;SUR;2B;9;17/05/2026;TALLERES;15;DEFENSORES DE BANFIELD;55
2026;CADETES MASCULINO;Fase Regular;Torneo Reclasificatorio;RECLASIFICACION;SUR;2B;9;17/05/2026;CLUB  ATLETICO Y PROGRESO DE BRANDSEN;24;COOPERARIOS;64
2026;CADETES MASCULINO;Fase Regular;Torneo Reclasificatorio;RECLASIFICACION;SUR;2B;9;17/05/2026;CLUB ATLETICO 9 DE JULIO DE LANUS;25;MORENO DE QUILMES;119
2026;CADETES MASCULINO;Fase Regular;Torneo Reclasificatorio;RECLASIFICACION;SUR;2B;9;17/05/2026;COUNTRY BANFIELD B;63;LUZ Y ARTE;61
2026;CADETES MASCULINO;Fase Regular;Torneo Reclasificatorio;RECLASIFICACION;SUR;2B;10;24/05/2026;COUNTRY BANFIELD B;32;DEFENSORES DE GLEW;42
2026;CADETES MASCULINO;Fase Regular;Torneo Reclasificatorio;RECLASIFICACION;SUR;2B;10;24/05/2026;CLUB ATLETICO 9 DE JULIO DE LANUS;35;LUZ Y ARTE;39
2026;CADETES MASCULINO;Fase Regular;Torneo Reclasificatorio;RECLASIFICACION;SUR;2B;10;24/05/2026;CLUB  ATLETICO Y PROGRESO DE BRANDSEN;11;MORENO DE QUILMES;75
2026;CADETES MASCULINO;Fase Regular;Torneo Reclasificatorio;RECLASIFICACION;SUR;2B;10;24/05/2026;TALLERES;11;COOPERARIOS;70
2026;CADETES MASCULINO;Fase Regular;Torneo Reclasificatorio;RECLASIFICACION;SUR;2B;10;24/05/2026;MONTE GRANDE B;34;DEFENSORES DE BANFIELD;70
2026;CADETES MASCULINO;Fase Regular;Torneo Reclasificatorio;RECLASIFICACION;SUR;2C;1;15/03/2026;CLUB EL FOGON;44;TAPONAZO  FUTBOL CLUB;31
2026;CADETES MASCULINO;Fase Regular;Torneo Reclasificatorio;RECLASIFICACION;SUR;2C;1;15/03/2026;VILLA ESPAÑA;91;SOCIAL LANUS;37
2026;CADETES MASCULINO;Fase Regular;Torneo Reclasificatorio;RECLASIFICACION;SUR;2C;1;15/03/2026;BERAZATEGUI;74;GIMNASIA y ESGRIMA DE LOMAS DE ZAMORA B;39
2026;CADETES MASCULINO;Fase Regular;Torneo Reclasificatorio;RECLASIFICACION;SUR;2C;1;15/03/2026;SPORTIVO ALSINA;56;COLON FC;48
2026;CADETES MASCULINO;Fase Regular;Torneo Reclasificatorio;RECLASIFICACION;SUR;2C;1;15/03/2026;MUNICIPALIDAD DE AVELLANEDA;59;GIMNASIA Y ESGRIMA DE LA PLATA B;53
2026;CADETES MASCULINO;Fase Regular;Torneo Reclasificatorio;RECLASIFICACION;SUR;2C;2;22/03/2026;MUNICIPALIDAD DE AVELLANEDA;0;CLUB EL FOGON;20
2026;CADETES MASCULINO;Fase Regular;Torneo Reclasificatorio;RECLASIFICACION;SUR;2C;2;22/03/2026;GIMNASIA Y ESGRIMA DE LA PLATA B;98;SPORTIVO ALSINA;61
2026;CADETES MASCULINO;Fase Regular;Torneo Reclasificatorio;RECLASIFICACION;SUR;2C;2;22/03/2026;COLON FC;40;BERAZATEGUI;68
2026;CADETES MASCULINO;Fase Regular;Torneo Reclasificatorio;RECLASIFICACION;SUR;2C;2;22/03/2026;GIMNASIA y ESGRIMA DE LOMAS DE ZAMORA B;20;VILLA ESPAÑA;0
2026;CADETES MASCULINO;Fase Regular;Torneo Reclasificatorio;RECLASIFICACION;SUR;2C;2;22/03/2026;SOCIAL LANUS;64;TAPONAZO  FUTBOL CLUB;31
2026;CADETES MASCULINO;Fase Regular;Torneo Reclasificatorio;RECLASIFICACION;SUR;2C;3;29/03/2026;CLUB EL FOGON;32;SOCIAL LANUS;41
2026;CADETES MASCULINO;Fase Regular;Torneo Reclasificatorio;RECLASIFICACION;SUR;2C;3;29/03/2026;TAPONAZO  FUTBOL CLUB;26;GIMNASIA y ESGRIMA DE LOMAS DE ZAMORA B;67
2026;CADETES MASCULINO;Fase Regular;Torneo Reclasificatorio;RECLASIFICACION;SUR;2C;3;29/03/2026;VILLA ESPAÑA;79;COLON FC;44
2026;CADETES MASCULINO;Fase Regular;Torneo Reclasificatorio;RECLASIFICACION;SUR;2C;3;29/03/2026;BERAZATEGUI;66;GIMNASIA Y ESGRIMA DE LA PLATA B;67
2026;CADETES MASCULINO;Fase Regular;Torneo Reclasificatorio;RECLASIFICACION;SUR;2C;3;29/03/2026;SPORTIVO ALSINA;67;MUNICIPALIDAD DE AVELLANEDA;61
2026;CADETES MASCULINO;Fase Regular;Torneo Reclasificatorio;RECLASIFICACION;SUR;2C;4;12/04/2026;SPORTIVO ALSINA;68;CLUB EL FOGON;39
2026;CADETES MASCULINO;Fase Regular;Torneo Reclasificatorio;RECLASIFICACION;SUR;2C;4;12/04/2026;MUNICIPALIDAD DE AVELLANEDA;57;BERAZATEGUI;74
2026;CADETES MASCULINO;Fase Regular;Torneo Reclasificatorio;RECLASIFICACION;SUR;2C;4;12/04/2026;GIMNASIA Y ESGRIMA DE LA PLATA B;56;VILLA ESPAÑA;60
2026;CADETES MASCULINO;Fase Regular;Torneo Reclasificatorio;RECLASIFICACION;SUR;2C;4;12/04/2026;COLON FC;61;TAPONAZO  FUTBOL CLUB;24
2026;CADETES MASCULINO;Fase Regular;Torneo Reclasificatorio;RECLASIFICACION;SUR;2C;4;12/04/2026;GIMNASIA y ESGRIMA DE LOMAS DE ZAMORA B;53;SOCIAL LANUS;37
2026;CADETES MASCULINO;Fase Regular;Torneo Reclasificatorio;RECLASIFICACION;SUR;2C;5;19/04/2026;CLUB EL FOGON;36;GIMNASIA y ESGRIMA DE LOMAS DE ZAMORA B;48
2026;CADETES MASCULINO;Fase Regular;Torneo Reclasificatorio;RECLASIFICACION;SUR;2C;5;19/04/2026;SOCIAL LANUS;39;COLON FC;52
2026;CADETES MASCULINO;Fase Regular;Torneo Reclasificatorio;RECLASIFICACION;SUR;2C;5;19/04/2026;TAPONAZO  FUTBOL CLUB;23;GIMNASIA Y ESGRIMA DE LA PLATA B;80
2026;CADETES MASCULINO;Fase Regular;Torneo Reclasificatorio;RECLASIFICACION;SUR;2C;5;19/04/2026;VILLA ESPAÑA;78;MUNICIPALIDAD DE AVELLANEDA;52
2026;CADETES MASCULINO;Fase Regular;Torneo Reclasificatorio;RECLASIFICACION;SUR;2C;5;19/04/2026;BERAZATEGUI;54;SPORTIVO ALSINA;36
2026;CADETES MASCULINO;Fase Regular;Torneo Reclasificatorio;RECLASIFICACION;SUR;2C;6;26/04/2026;BERAZATEGUI;71;CLUB EL FOGON;32
2026;CADETES MASCULINO;Fase Regular;Torneo Reclasificatorio;RECLASIFICACION;SUR;2C;6;26/04/2026;SPORTIVO ALSINA;60;VILLA ESPAÑA;85
2026;CADETES MASCULINO;Fase Regular;Torneo Reclasificatorio;RECLASIFICACION;SUR;2C;6;26/04/2026;MUNICIPALIDAD DE AVELLANEDA;67;TAPONAZO  FUTBOL CLUB;57
2026;CADETES MASCULINO;Fase Regular;Torneo Reclasificatorio;RECLASIFICACION;SUR;2C;6;26/04/2026;GIMNASIA Y ESGRIMA DE LA PLATA B;82;SOCIAL LANUS;47
2026;CADETES MASCULINO;Fase Regular;Torneo Reclasificatorio;RECLASIFICACION;SUR;2C;6;26/04/2026;COLON FC;47;GIMNASIA y ESGRIMA DE LOMAS DE ZAMORA B;50
2026;CADETES MASCULINO;Fase Regular;Torneo Reclasificatorio;RECLASIFICACION;SUR;2C;7;03/05/2026;CLUB EL FOGON;41;COLON FC;59
2026;CADETES MASCULINO;Fase Regular;Torneo Reclasificatorio;RECLASIFICACION;SUR;2C;7;03/05/2026;GIMNASIA y ESGRIMA DE LOMAS DE ZAMORA B;59;GIMNASIA Y ESGRIMA DE LA PLATA B;82
2026;CADETES MASCULINO;Fase Regular;Torneo Reclasificatorio;RECLASIFICACION;SUR;2C;7;03/05/2026;SOCIAL LANUS;20;MUNICIPALIDAD DE AVELLANEDA;0
2026;CADETES MASCULINO;Fase Regular;Torneo Reclasificatorio;RECLASIFICACION;SUR;2C;7;03/05/2026;TAPONAZO  FUTBOL CLUB;32;SPORTIVO ALSINA;87
2026;CADETES MASCULINO;Fase Regular;Torneo Reclasificatorio;RECLASIFICACION;SUR;2C;7;03/05/2026;VILLA ESPAÑA;66;BERAZATEGUI;58
2026;CADETES MASCULINO;Fase Regular;Torneo Reclasificatorio;RECLASIFICACION;SUR;2C;8;10/05/2026;VILLA ESPAÑA;83;CLUB EL FOGON;32
2026;CADETES MASCULINO;Fase Regular;Torneo Reclasificatorio;RECLASIFICACION;SUR;2C;8;10/05/2026;BERAZATEGUI;73;TAPONAZO  FUTBOL CLUB;29
2026;CADETES MASCULINO;Fase Regular;Torneo Reclasificatorio;RECLASIFICACION;SUR;2C;8;10/05/2026;SPORTIVO ALSINA;60;SOCIAL LANUS;29
2026;CADETES MASCULINO;Fase Regular;Torneo Reclasificatorio;RECLASIFICACION;SUR;2C;8;10/05/2026;MUNICIPALIDAD DE AVELLANEDA;66;GIMNASIA y ESGRIMA DE LOMAS DE ZAMORA B;61
2026;CADETES MASCULINO;Fase Regular;Torneo Reclasificatorio;RECLASIFICACION;SUR;2C;8;10/05/2026;GIMNASIA Y ESGRIMA DE LA PLATA B;49;COLON FC;46
2026;CADETES MASCULINO;Fase Regular;Torneo Reclasificatorio;RECLASIFICACION;SUR;2C;9;17/05/2026;CLUB EL FOGON;50;GIMNASIA Y ESGRIMA DE LA PLATA B;82
2026;CADETES MASCULINO;Fase Regular;Torneo Reclasificatorio;RECLASIFICACION;SUR;2C;9;17/05/2026;COLON FC;70;MUNICIPALIDAD DE AVELLANEDA;60
2026;CADETES MASCULINO;Fase Regular;Torneo Reclasificatorio;RECLASIFICACION;SUR;2C;9;17/05/2026;GIMNASIA y ESGRIMA DE LOMAS DE ZAMORA B;55;SPORTIVO ALSINA;74
2026;CADETES MASCULINO;Fase Regular;Torneo Reclasificatorio;RECLASIFICACION;SUR;2C;9;17/05/2026;SOCIAL LANUS;33;BERAZATEGUI;77
2026;CADETES MASCULINO;Fase Regular;Torneo Reclasificatorio;RECLASIFICACION;SUR;2C;9;17/05/2026;TAPONAZO  FUTBOL CLUB;22;VILLA ESPAÑA;79
2026;CADETES MASCULINO;Fase Regular;Torneo Reclasificatorio;RECLASIFICACION;SUR;2C;10;24/05/2026;TAPONAZO  FUTBOL CLUB;35;CLUB EL FOGON;48
2026;CADETES MASCULINO;Fase Regular;Torneo Reclasificatorio;RECLASIFICACION;SUR;2C;10;24/05/2026;SOCIAL LANUS;36;VILLA ESPAÑA;73
2026;CADETES MASCULINO;Fase Regular;Torneo Reclasificatorio;RECLASIFICACION;SUR;2C;10;24/05/2026;GIMNASIA y ESGRIMA DE LOMAS DE ZAMORA B;44;BERAZATEGUI;81
2026;CADETES MASCULINO;Fase Regular;Torneo Reclasificatorio;RECLASIFICACION;SUR;2C;10;24/05/2026;COLON FC;46;SPORTIVO ALSINA;61
2026;CADETES MASCULINO;Fase Regular;Torneo Reclasificatorio;RECLASIFICACION;SUR;2C;10;24/05/2026;GIMNASIA Y ESGRIMA DE LA PLATA B;78;MUNICIPALIDAD DE AVELLANEDA;68
2026;CADETES MASCULINO;Fase Regular;Torneo Clasificacion;CLASIFICACION;NORTE;1A;1;15/03/2026;SPORTIVO PILAR A;57;PLATENSE A;70
2026;CADETES MASCULINO;Fase Regular;Torneo Clasificacion;CLASIFICACION;NORTE;1A;1;15/03/2026;EL TALAR;64;SPORTIVO ESCOBAR;56
2026;CADETES MASCULINO;Fase Regular;Torneo Clasificacion;CLASIFICACION;NORTE;1A;1;15/03/2026;CAZA Y PESCA A;58;PRESIDENTE DERQUI;77
2026;CADETES MASCULINO;Fase Regular;Torneo Clasificacion;CLASIFICACION;NORTE;1A;1;15/03/2026;SAN FERNANDO A;51;CLUB ATLETICO PILAR;54
2026;CADETES MASCULINO;Fase Regular;Torneo Clasificacion;CLASIFICACION;NORTE;1A;2;22/03/2026;SAN FERNANDO A;46;SPORTIVO PILAR A;57
2026;CADETES MASCULINO;Fase Regular;Torneo Clasificacion;CLASIFICACION;NORTE;1A;2;22/03/2026;CLUB ATLETICO PILAR;62;CAZA Y PESCA A;56
2026;CADETES MASCULINO;Fase Regular;Torneo Clasificacion;CLASIFICACION;NORTE;1A;2;22/03/2026;PRESIDENTE DERQUI;97;EL TALAR;47
2026;CADETES MASCULINO;Fase Regular;Torneo Clasificacion;CLASIFICACION;NORTE;1A;2;22/03/2026;SPORTIVO ESCOBAR;51;PLATENSE A;84
2026;CADETES MASCULINO;Fase Regular;Torneo Clasificacion;CLASIFICACION;NORTE;1A;3;29/03/2026;SPORTIVO PILAR A;63;SPORTIVO ESCOBAR;41
2026;CADETES MASCULINO;Fase Regular;Torneo Clasificacion;CLASIFICACION;NORTE;1A;3;29/03/2026;PLATENSE A;84;PRESIDENTE DERQUI;78
2026;CADETES MASCULINO;Fase Regular;Torneo Clasificacion;CLASIFICACION;NORTE;1A;3;29/03/2026;EL TALAR;66;CLUB ATLETICO PILAR;59
2026;CADETES MASCULINO;Fase Regular;Torneo Clasificacion;CLASIFICACION;NORTE;1A;3;29/03/2026;CAZA Y PESCA A;66;SAN FERNANDO A;46
2026;CADETES MASCULINO;Fase Regular;Torneo Clasificacion;CLASIFICACION;NORTE;1A;4;12/04/2026;CAZA Y PESCA A;70;SPORTIVO PILAR A;50
2026;CADETES MASCULINO;Fase Regular;Torneo Clasificacion;CLASIFICACION;NORTE;1A;4;12/04/2026;SAN FERNANDO A;72;EL TALAR;46
2026;CADETES MASCULINO;Fase Regular;Torneo Clasificacion;CLASIFICACION;NORTE;1A;4;12/04/2026;CLUB ATLETICO PILAR;62;PLATENSE A;61
2026;CADETES MASCULINO;Fase Regular;Torneo Clasificacion;CLASIFICACION;NORTE;1A;4;12/04/2026;PRESIDENTE DERQUI;77;SPORTIVO ESCOBAR;65
2026;CADETES MASCULINO;Fase Regular;Torneo Clasificacion;CLASIFICACION;NORTE;1A;5;19/04/2026;SPORTIVO PILAR A;48;PRESIDENTE DERQUI;63
2026;CADETES MASCULINO;Fase Regular;Torneo Clasificacion;CLASIFICACION;NORTE;1A;5;19/04/2026;SPORTIVO ESCOBAR;71;CLUB ATLETICO PILAR;86
2026;CADETES MASCULINO;Fase Regular;Torneo Clasificacion;CLASIFICACION;NORTE;1A;5;19/04/2026;PLATENSE A;75;SAN FERNANDO A;42
2026;CADETES MASCULINO;Fase Regular;Torneo Clasificacion;CLASIFICACION;NORTE;1A;5;19/04/2026;EL TALAR;46;CAZA Y PESCA A;65
2026;CADETES MASCULINO;Fase Regular;Torneo Clasificacion;CLASIFICACION;NORTE;1A;6;26/04/2026;EL TALAR;51;SPORTIVO PILAR A;73
2026;CADETES MASCULINO;Fase Regular;Torneo Clasificacion;CLASIFICACION;NORTE;1A;6;26/04/2026;CAZA Y PESCA A;58;PLATENSE A;41
2026;CADETES MASCULINO;Fase Regular;Torneo Clasificacion;CLASIFICACION;NORTE;1A;6;26/04/2026;SAN FERNANDO A;61;SPORTIVO ESCOBAR;75
2026;CADETES MASCULINO;Fase Regular;Torneo Clasificacion;CLASIFICACION;NORTE;1A;6;26/04/2026;CLUB ATLETICO PILAR;55;PRESIDENTE DERQUI;70
2026;CADETES MASCULINO;Fase Regular;Torneo Clasificacion;CLASIFICACION;NORTE;1A;7;03/05/2026;SPORTIVO PILAR A;76;CLUB ATLETICO PILAR;59
2026;CADETES MASCULINO;Fase Regular;Torneo Clasificacion;CLASIFICACION;NORTE;1A;7;03/05/2026;PRESIDENTE DERQUI;78;SAN FERNANDO A;71
2026;CADETES MASCULINO;Fase Regular;Torneo Clasificacion;CLASIFICACION;NORTE;1A;7;03/05/2026;SPORTIVO ESCOBAR;49;CAZA Y PESCA A;92
2026;CADETES MASCULINO;Fase Regular;Torneo Clasificacion;CLASIFICACION;NORTE;1A;7;03/05/2026;PLATENSE A;55;EL TALAR;46
2026;CADETES MASCULINO;Fase Regular;Torneo Clasificacion;CLASIFICACION;NORTE;1A;8;10/05/2026;PLATENSE A;56;SPORTIVO PILAR A;45
2026;CADETES MASCULINO;Fase Regular;Torneo Clasificacion;CLASIFICACION;NORTE;1A;8;10/05/2026;SPORTIVO ESCOBAR;61;EL TALAR;66
2026;CADETES MASCULINO;Fase Regular;Torneo Clasificacion;CLASIFICACION;NORTE;1A;8;10/05/2026;PRESIDENTE DERQUI;67;CAZA Y PESCA A;51
2026;CADETES MASCULINO;Fase Regular;Torneo Clasificacion;CLASIFICACION;NORTE;1A;8;10/05/2026;CLUB ATLETICO PILAR;66;SAN FERNANDO A;70
2026;CADETES MASCULINO;Fase Regular;Torneo Clasificacion;CLASIFICACION;NORTE;1A;9;17/05/2026;SPORTIVO PILAR A;65;SAN FERNANDO A;55
2026;CADETES MASCULINO;Fase Regular;Torneo Clasificacion;CLASIFICACION;NORTE;1A;9;17/05/2026;CAZA Y PESCA A;70;CLUB ATLETICO PILAR;41
2026;CADETES MASCULINO;Fase Regular;Torneo Clasificacion;CLASIFICACION;NORTE;1A;9;17/05/2026;EL TALAR;74;PRESIDENTE DERQUI;84
2026;CADETES MASCULINO;Fase Regular;Torneo Clasificacion;CLASIFICACION;NORTE;1A;9;17/05/2026;PLATENSE A;79;SPORTIVO ESCOBAR;49
2026;CADETES MASCULINO;Fase Regular;Torneo Clasificacion;CLASIFICACION;NORTE;1A;10;24/05/2026;SPORTIVO ESCOBAR;50;SPORTIVO PILAR A;66
2026;CADETES MASCULINO;Fase Regular;Torneo Clasificacion;CLASIFICACION;NORTE;1A;10;24/05/2026;PRESIDENTE DERQUI;78;PLATENSE A;63
2026;CADETES MASCULINO;Fase Regular;Torneo Clasificacion;CLASIFICACION;NORTE;1A;10;24/05/2026;CLUB ATLETICO PILAR;73;EL TALAR;51
2026;CADETES MASCULINO;Fase Regular;Torneo Clasificacion;CLASIFICACION;NORTE;1A;10;24/05/2026;SAN FERNANDO A;62;CAZA Y PESCA A;72
2026;CADETES MASCULINO;Fase Regular;Torneo Clasificacion;CLASIFICACION;CENTRO;1A;1;15/03/2026;IMPERIO A;124;YUPANQUI;22
2026;CADETES MASCULINO;Fase Regular;Torneo Clasificacion;CLASIFICACION;CENTRO;1A;1;15/03/2026;DEPORTIVO CROVARA A;27;COLEGIALES A;42
2026;CADETES MASCULINO;Fase Regular;Torneo Clasificacion;CLASIFICACION;CENTRO;1A;1;15/03/2026;COMUNICACIONES A;116;COPELLO;13
2026;CADETES MASCULINO;Fase Regular;Torneo Clasificacion;CLASIFICACION;CENTRO;1A;1;15/03/2026;ARQUITECTURA A;57;SAN LORENZO A;75
2026;CADETES MASCULINO;Fase Regular;Torneo Clasificacion;CLASIFICACION;CENTRO;1A;2;22/03/2026;ARQUITECTURA A;57;IMPERIO A;76
2026;CADETES MASCULINO;Fase Regular;Torneo Clasificacion;CLASIFICACION;CENTRO;1A;2;22/03/2026;SAN LORENZO A;59;COMUNICACIONES A;87
2026;CADETES MASCULINO;Fase Regular;Torneo Clasificacion;CLASIFICACION;CENTRO;1A;2;22/03/2026;COPELLO;52;DEPORTIVO CROVARA A;64
2026;CADETES MASCULINO;Fase Regular;Torneo Clasificacion;CLASIFICACION;CENTRO;1A;2;22/03/2026;COLEGIALES A;78;YUPANQUI;26
2026;CADETES MASCULINO;Fase Regular;Torneo Clasificacion;CLASIFICACION;CENTRO;1A;3;29/03/2026;IMPERIO A;96;COLEGIALES A;49
2026;CADETES MASCULINO;Fase Regular;Torneo Clasificacion;CLASIFICACION;CENTRO;1A;3;29/03/2026;YUPANQUI;41;COPELLO;43
2026;CADETES MASCULINO;Fase Regular;Torneo Clasificacion;CLASIFICACION;CENTRO;1A;3;29/03/2026;DEPORTIVO CROVARA A;23;SAN LORENZO A;74
2026;CADETES MASCULINO;Fase Regular;Torneo Clasificacion;CLASIFICACION;CENTRO;1A;3;29/03/2026;COMUNICACIONES A;87;ARQUITECTURA A;36
2026;CADETES MASCULINO;Fase Regular;Torneo Clasificacion;CLASIFICACION;CENTRO;1A;4;12/04/2026;COMUNICACIONES A;77;IMPERIO A;67
2026;CADETES MASCULINO;Fase Regular;Torneo Clasificacion;CLASIFICACION;CENTRO;1A;4;12/04/2026;ARQUITECTURA A;106;DEPORTIVO CROVARA A;34
2026;CADETES MASCULINO;Fase Regular;Torneo Clasificacion;CLASIFICACION;CENTRO;1A;4;12/04/2026;SAN LORENZO A;103;YUPANQUI;29
2026;CADETES MASCULINO;Fase Regular;Torneo Clasificacion;CLASIFICACION;CENTRO;1A;4;12/04/2026;COPELLO;22;COLEGIALES A;61
2026;CADETES MASCULINO;Fase Regular;Torneo Clasificacion;CLASIFICACION;CENTRO;1A;5;19/04/2026;IMPERIO A;93;COPELLO;24
2026;CADETES MASCULINO;Fase Regular;Torneo Clasificacion;CLASIFICACION;CENTRO;1A;5;19/04/2026;COLEGIALES A;50;SAN LORENZO A;65
2026;CADETES MASCULINO;Fase Regular;Torneo Clasificacion;CLASIFICACION;CENTRO;1A;5;19/04/2026;YUPANQUI;12;ARQUITECTURA A;99
2026;CADETES MASCULINO;Fase Regular;Torneo Clasificacion;CLASIFICACION;CENTRO;1A;5;19/04/2026;DEPORTIVO CROVARA A;30;COMUNICACIONES A;85
2026;CADETES MASCULINO;Fase Regular;Torneo Clasificacion;CLASIFICACION;CENTRO;1A;6;26/04/2026;DEPORTIVO CROVARA A;29;IMPERIO A;84
2026;CADETES MASCULINO;Fase Regular;Torneo Clasificacion;CLASIFICACION;CENTRO;1A;6;26/04/2026;COMUNICACIONES A;93;YUPANQUI;33
2026;CADETES MASCULINO;Fase Regular;Torneo Clasificacion;CLASIFICACION;CENTRO;1A;6;26/04/2026;ARQUITECTURA A;66;COLEGIALES A;68
2026;CADETES MASCULINO;Fase Regular;Torneo Clasificacion;CLASIFICACION;CENTRO;1A;6;26/04/2026;SAN LORENZO A;68;COPELLO;28
2026;CADETES MASCULINO;Fase Regular;Torneo Clasificacion;CLASIFICACION;CENTRO;1A;7;03/05/2026;IMPERIO A;72;SAN LORENZO A;82
2026;CADETES MASCULINO;Fase Regular;Torneo Clasificacion;CLASIFICACION;CENTRO;1A;7;03/05/2026;COPELLO;25;ARQUITECTURA A;69
2026;CADETES MASCULINO;Fase Regular;Torneo Clasificacion;CLASIFICACION;CENTRO;1A;7;03/05/2026;COLEGIALES A;30;COMUNICACIONES A;67
2026;CADETES MASCULINO;Fase Regular;Torneo Clasificacion;CLASIFICACION;CENTRO;1A;7;03/05/2026;YUPANQUI;36;DEPORTIVO CROVARA A;78
2026;CADETES MASCULINO;Fase Regular;Torneo Clasificacion;CLASIFICACION;CENTRO;1A;8;10/05/2026;YUPANQUI;29;IMPERIO A;93
2026;CADETES MASCULINO;Fase Regular;Torneo Clasificacion;CLASIFICACION;CENTRO;1A;8;10/05/2026;COLEGIALES A;72;DEPORTIVO CROVARA A;31
2026;CADETES MASCULINO;Fase Regular;Torneo Clasificacion;CLASIFICACION;CENTRO;1A;8;10/05/2026;COPELLO;17;COMUNICACIONES A;79
2026;CADETES MASCULINO;Fase Regular;Torneo Clasificacion;CLASIFICACION;CENTRO;1A;8;10/05/2026;SAN LORENZO A;60;ARQUITECTURA A;46
2026;CADETES MASCULINO;Fase Regular;Torneo Clasificacion;CLASIFICACION;CENTRO;1A;9;17/05/2026;IMPERIO A;80;ARQUITECTURA A;53
2026;CADETES MASCULINO;Fase Regular;Torneo Clasificacion;CLASIFICACION;CENTRO;1A;9;17/05/2026;COMUNICACIONES A;96;SAN LORENZO A;54
2026;CADETES MASCULINO;Fase Regular;Torneo Clasificacion;CLASIFICACION;CENTRO;1A;9;17/05/2026;DEPORTIVO CROVARA A;20;COPELLO;0
2026;CADETES MASCULINO;Fase Regular;Torneo Clasificacion;CLASIFICACION;CENTRO;1A;9;17/05/2026;YUPANQUI;34;COLEGIALES A;106
2026;CADETES MASCULINO;Fase Regular;Torneo Clasificacion;CLASIFICACION;CENTRO;1A;10;24/05/2026;COLEGIALES A;59;IMPERIO A;74
2026;CADETES MASCULINO;Fase Regular;Torneo Clasificacion;CLASIFICACION;CENTRO;1A;10;24/05/2026;COPELLO;53;YUPANQUI;22
2026;CADETES MASCULINO;Fase Regular;Torneo Clasificacion;CLASIFICACION;CENTRO;1A;10;24/05/2026;SAN LORENZO A;94;DEPORTIVO CROVARA A;19
2026;CADETES MASCULINO;Fase Regular;Torneo Clasificacion;CLASIFICACION;CENTRO;1A;10;24/05/2026;ARQUITECTURA A;41;COMUNICACIONES A;72
2026;CADETES MASCULINO;Fase Regular;Torneo Clasificacion;CLASIFICACION;CENTRO;1A;12;07/06/2026;COMUNICACIONES A;112;DEPORTIVO CROVARA A;39
2026;CADETES MASCULINO;Fase Regular;Torneo Clasificacion;CLASIFICACION;OESTE;1A;1;15/03/2026;C.A.S.A PADUA A;68;LOS INDIOS DE MORENO A;49
2026;CADETES MASCULINO;Fase Regular;Torneo Clasificacion;CLASIFICACION;OESTE;1A;1;15/03/2026;ARGENTINO DE CASTELAR A;67;A.F.A.L.P. A;26
2026;CADETES MASCULINO;Fase Regular;Torneo Clasificacion;CLASIFICACION;OESTE;1A;1;15/03/2026;CLARIDAD;58;DEP. MORON A;62
2026;CADETES MASCULINO;Fase Regular;Torneo Clasificacion;CLASIFICACION;OESTE;1A;2;22/03/2026;CLARIDAD;55;ESTUDIANTIL PORTEÑO A;82
2026;CADETES MASCULINO;Fase Regular;Torneo Clasificacion;CLASIFICACION;OESTE;1A;2;22/03/2026;DEP. MORON A;53;ARGENTINO DE CASTELAR A;69
2026;CADETES MASCULINO;Fase Regular;Torneo Clasificacion;CLASIFICACION;OESTE;1A;2;22/03/2026;A.F.A.L.P. A;43;C.A.S.A PADUA A;95
2026;CADETES MASCULINO;Fase Regular;Torneo Clasificacion;CLASIFICACION;OESTE;1A;3;29/03/2026;ESTUDIANTIL PORTEÑO A;98;LOS INDIOS DE MORENO A;43
2026;CADETES MASCULINO;Fase Regular;Torneo Clasificacion;CLASIFICACION;OESTE;1A;3;29/03/2026;C.A.S.A PADUA A;94;DEP. MORON A;52
2026;CADETES MASCULINO;Fase Regular;Torneo Clasificacion;CLASIFICACION;OESTE;1A;3;29/03/2026;ARGENTINO DE CASTELAR A;77;CLARIDAD;42
2026;CADETES MASCULINO;Fase Regular;Torneo Clasificacion;CLASIFICACION;OESTE;1A;4;12/04/2026;ARGENTINO DE CASTELAR A;85;ESTUDIANTIL PORTEÑO A;61
2026;CADETES MASCULINO;Fase Regular;Torneo Clasificacion;CLASIFICACION;OESTE;1A;4;12/04/2026;CLARIDAD;64;C.A.S.A PADUA A;74
2026;CADETES MASCULINO;Fase Regular;Torneo Clasificacion;CLASIFICACION;OESTE;1A;4;12/04/2026;A.F.A.L.P. A;68;LOS INDIOS DE MORENO A;63
2026;CADETES MASCULINO;Fase Regular;Torneo Clasificacion;CLASIFICACION;OESTE;1A;5;19/04/2026;ESTUDIANTIL PORTEÑO A;88;A.F.A.L.P. A;34
2026;CADETES MASCULINO;Fase Regular;Torneo Clasificacion;CLASIFICACION;OESTE;1A;5;19/04/2026;LOS INDIOS DE MORENO A;59;DEP. MORON A;56
2026;CADETES MASCULINO;Fase Regular;Torneo Clasificacion;CLASIFICACION;OESTE;1A;5;19/04/2026;C.A.S.A PADUA A;51;ARGENTINO DE CASTELAR A;73
2026;CADETES MASCULINO;Fase Regular;Torneo Clasificacion;CLASIFICACION;OESTE;1A;6;26/04/2026;C.A.S.A PADUA A;73;ESTUDIANTIL PORTEÑO A;51
2026;CADETES MASCULINO;Fase Regular;Torneo Clasificacion;CLASIFICACION;OESTE;1A;6;26/04/2026;CLARIDAD;76;LOS INDIOS DE MORENO A;78
2026;CADETES MASCULINO;Fase Regular;Torneo Clasificacion;CLASIFICACION;OESTE;1A;6;26/04/2026;DEP. MORON A;67;A.F.A.L.P. A;47
2026;CADETES MASCULINO;Fase Regular;Torneo Clasificacion;CLASIFICACION;OESTE;1A;7;03/05/2026;ESTUDIANTIL PORTEÑO A;79;DEP. MORON A;58
2026;CADETES MASCULINO;Fase Regular;Torneo Clasificacion;CLASIFICACION;OESTE;1A;7;03/05/2026;A.F.A.L.P. A;62;CLARIDAD;66
2026;CADETES MASCULINO;Fase Regular;Torneo Clasificacion;CLASIFICACION;OESTE;1A;7;03/05/2026;LOS INDIOS DE MORENO A;61;ARGENTINO DE CASTELAR A;67
2026;CADETES MASCULINO;Fase Regular;Torneo Clasificacion;CLASIFICACION;OESTE;1A;8;10/05/2026;LOS INDIOS DE MORENO A;54;C.A.S.A PADUA A;65
2026;CADETES MASCULINO;Fase Regular;Torneo Clasificacion;CLASIFICACION;OESTE;1A;8;10/05/2026;A.F.A.L.P. A;63;ARGENTINO DE CASTELAR A;91
2026;CADETES MASCULINO;Fase Regular;Torneo Clasificacion;CLASIFICACION;OESTE;1A;8;10/05/2026;DEP. MORON A;78;CLARIDAD;45
2026;CADETES MASCULINO;Fase Regular;Torneo Clasificacion;CLASIFICACION;OESTE;1A;9;17/05/2026;ESTUDIANTIL PORTEÑO A;82;CLARIDAD;66
2026;CADETES MASCULINO;Fase Regular;Torneo Clasificacion;CLASIFICACION;OESTE;1A;9;17/05/2026;ARGENTINO DE CASTELAR A;73;DEP. MORON A;60
2026;CADETES MASCULINO;Fase Regular;Torneo Clasificacion;CLASIFICACION;OESTE;1A;9;17/05/2026;C.A.S.A PADUA A;60;A.F.A.L.P. A;34
2026;CADETES MASCULINO;Fase Regular;Torneo Clasificacion;CLASIFICACION;OESTE;1A;10;24/05/2026;LOS INDIOS DE MORENO A;49;ESTUDIANTIL PORTEÑO A;75
2026;CADETES MASCULINO;Fase Regular;Torneo Clasificacion;CLASIFICACION;OESTE;1A;10;24/05/2026;DEP. MORON A;64;C.A.S.A PADUA A;77
2026;CADETES MASCULINO;Fase Regular;Torneo Clasificacion;CLASIFICACION;OESTE;1A;10;24/05/2026;CLARIDAD;85;ARGENTINO DE CASTELAR A;93
2026;CADETES MASCULINO;Fase Regular;Torneo Clasificacion;CLASIFICACION;SUR;1A;1;15/03/2026;QUILMES A.C.;85;INDEPENDIENTE A;41
2026;CADETES MASCULINO;Fase Regular;Torneo Clasificacion;CLASIFICACION;SUR;1A;1;15/03/2026;WILDE SPORTING;64;CLUB SOCIAL EZEIZA;16
2026;CADETES MASCULINO;Fase Regular;Torneo Clasificacion;CLASIFICACION;SUR;1A;1;15/03/2026;VARELA JRS;94;GIMNASIA Y ESGRIMA DE LOMAS DE ZAMORA A;89
2026;CADETES MASCULINO;Fase Regular;Torneo Clasificacion;CLASIFICACION;SUR;1A;2;22/03/2026;VARELA JRS;82;MONTE GRANDE A;58
2026;CADETES MASCULINO;Fase Regular;Torneo Clasificacion;CLASIFICACION;SUR;1A;2;22/03/2026;GIMNASIA Y ESGRIMA DE LOMAS DE ZAMORA A;86;WILDE SPORTING;46
2026;CADETES MASCULINO;Fase Regular;Torneo Clasificacion;CLASIFICACION;SUR;1A;2;22/03/2026;CLUB SOCIAL EZEIZA;18;QUILMES A.C.;101
2026;CADETES MASCULINO;Fase Regular;Torneo Clasificacion;CLASIFICACION;SUR;1A;3;29/03/2026;MONTE GRANDE A;64;INDEPENDIENTE A;30
2026;CADETES MASCULINO;Fase Regular;Torneo Clasificacion;CLASIFICACION;SUR;1A;3;29/03/2026;QUILMES A.C.;72;GIMNASIA Y ESGRIMA DE LOMAS DE ZAMORA A;69
2026;CADETES MASCULINO;Fase Regular;Torneo Clasificacion;CLASIFICACION;SUR;1A;3;29/03/2026;WILDE SPORTING;36;VARELA JRS;102
2026;CADETES MASCULINO;Fase Regular;Torneo Clasificacion;CLASIFICACION;SUR;1A;4;12/04/2026;WILDE SPORTING;40;MONTE GRANDE A;61
2026;CADETES MASCULINO;Fase Regular;Torneo Clasificacion;CLASIFICACION;SUR;1A;4;12/04/2026;VARELA JRS;52;QUILMES A.C.;75
2026;CADETES MASCULINO;Fase Regular;Torneo Clasificacion;CLASIFICACION;SUR;1A;4;12/04/2026;CLUB SOCIAL EZEIZA;25;INDEPENDIENTE A;58
2026;CADETES MASCULINO;Fase Regular;Torneo Clasificacion;CLASIFICACION;SUR;1A;5;19/04/2026;MONTE GRANDE A;111;CLUB SOCIAL EZEIZA;55
2026;CADETES MASCULINO;Fase Regular;Torneo Clasificacion;CLASIFICACION;SUR;1A;5;19/04/2026;INDEPENDIENTE A;35;GIMNASIA Y ESGRIMA DE LOMAS DE ZAMORA A;63
2026;CADETES MASCULINO;Fase Regular;Torneo Clasificacion;CLASIFICACION;SUR;1A;5;19/04/2026;QUILMES A.C.;87;WILDE SPORTING;42
2026;CADETES MASCULINO;Fase Regular;Torneo Clasificacion;CLASIFICACION;SUR;1A;6;26/04/2026;QUILMES A.C.;97;MONTE GRANDE A;65
2026;CADETES MASCULINO;Fase Regular;Torneo Clasificacion;CLASIFICACION;SUR;1A;6;26/04/2026;VARELA JRS;86;INDEPENDIENTE A;53
2026;CADETES MASCULINO;Fase Regular;Torneo Clasificacion;CLASIFICACION;SUR;1A;6;26/04/2026;GIMNASIA Y ESGRIMA DE LOMAS DE ZAMORA A;80;CLUB SOCIAL EZEIZA;26
2026;CADETES MASCULINO;Fase Regular;Torneo Clasificacion;CLASIFICACION;SUR;1A;7;03/05/2026;MONTE GRANDE A;41;GIMNASIA Y ESGRIMA DE LOMAS DE ZAMORA A;73
2026;CADETES MASCULINO;Fase Regular;Torneo Clasificacion;CLASIFICACION;SUR;1A;7;03/05/2026;CLUB SOCIAL EZEIZA;38;VARELA JRS;102
2026;CADETES MASCULINO;Fase Regular;Torneo Clasificacion;CLASIFICACION;SUR;1A;7;03/05/2026;INDEPENDIENTE A;47;WILDE SPORTING;31
2026;CADETES MASCULINO;Fase Regular;Torneo Clasificacion;CLASIFICACION;SUR;1A;8;10/05/2026;INDEPENDIENTE A;51;QUILMES A.C.;78
2026;CADETES MASCULINO;Fase Regular;Torneo Clasificacion;CLASIFICACION;SUR;1A;8;10/05/2026;CLUB SOCIAL EZEIZA;39;WILDE SPORTING;66
2026;CADETES MASCULINO;Fase Regular;Torneo Clasificacion;CLASIFICACION;SUR;1A;8;10/05/2026;GIMNASIA Y ESGRIMA DE LOMAS DE ZAMORA A;54;VARELA JRS;49
2026;CADETES MASCULINO;Fase Regular;Torneo Clasificacion;CLASIFICACION;SUR;1A;9;17/05/2026;MONTE GRANDE A;73;VARELA JRS;78
2026;CADETES MASCULINO;Fase Regular;Torneo Clasificacion;CLASIFICACION;SUR;1A;9;17/05/2026;WILDE SPORTING;34;GIMNASIA Y ESGRIMA DE LOMAS DE ZAMORA A;57
2026;CADETES MASCULINO;Fase Regular;Torneo Clasificacion;CLASIFICACION;SUR;1A;9;17/05/2026;QUILMES A.C.;116;CLUB SOCIAL EZEIZA;40
2026;CADETES MASCULINO;Fase Regular;Torneo Clasificacion;CLASIFICACION;SUR;1A;10;24/05/2026;INDEPENDIENTE A;47;MONTE GRANDE A;64
2026;CADETES MASCULINO;Fase Regular;Torneo Clasificacion;CLASIFICACION;SUR;1A;10;24/05/2026;GIMNASIA Y ESGRIMA DE LOMAS DE ZAMORA A;48;QUILMES A.C.;62
2026;CADETES MASCULINO;Fase Regular;Torneo Clasificacion;CLASIFICACION;SUR;1A;10;24/05/2026;VARELA JRS;87;WILDE SPORTING;50
2026;CADETES MASCULINO;Fase Regular;Torneo Clasificacion;CLASIFICACION;NORTE;2B;1;15/03/2026;CLUB TRES DE FEBRERO A;96;NAUTICO HACOAJ A;40
2026;CADETES MASCULINO;Fase Regular;Torneo Clasificacion;CLASIFICACION;NORTE;2B;1;15/03/2026;UNION FLORIDA;31;RIVER PLATE;69
2026;CADETES MASCULINO;Fase Regular;Torneo Clasificacion;CLASIFICACION;NORTE;2B;1;15/03/2026;SPORTIVO VILLA BALLESTER;81;UNION VECINAL DE MUNRO;25
2026;CADETES MASCULINO;Fase Regular;Torneo Clasificacion;CLASIFICACION;NORTE;2B;1;15/03/2026;U.V.V.ADELINA;71;OBRAS SANITARIAS A;105
2026;CADETES MASCULINO;Fase Regular;Torneo Clasificacion;CLASIFICACION;NORTE;2B;2;22/03/2026;U.V.V.ADELINA;68;CLUB TRES DE FEBRERO A;69
2026;CADETES MASCULINO;Fase Regular;Torneo Clasificacion;CLASIFICACION;NORTE;2B;2;22/03/2026;OBRAS SANITARIAS A;104;SPORTIVO VILLA BALLESTER;45
2026;CADETES MASCULINO;Fase Regular;Torneo Clasificacion;CLASIFICACION;NORTE;2B;2;22/03/2026;UNION VECINAL DE MUNRO;33;UNION FLORIDA;107
2026;CADETES MASCULINO;Fase Regular;Torneo Clasificacion;CLASIFICACION;NORTE;2B;2;22/03/2026;RIVER PLATE;62;NAUTICO HACOAJ A;52
2026;CADETES MASCULINO;Fase Regular;Torneo Clasificacion;CLASIFICACION;NORTE;2B;3;29/03/2026;CLUB TRES DE FEBRERO A;74;RIVER PLATE;46
2026;CADETES MASCULINO;Fase Regular;Torneo Clasificacion;CLASIFICACION;NORTE;2B;3;29/03/2026;NAUTICO HACOAJ A;87;UNION VECINAL DE MUNRO;45
2026;CADETES MASCULINO;Fase Regular;Torneo Clasificacion;CLASIFICACION;NORTE;2B;3;29/03/2026;UNION FLORIDA;47;OBRAS SANITARIAS A;96
2026;CADETES MASCULINO;Fase Regular;Torneo Clasificacion;CLASIFICACION;NORTE;2B;3;29/03/2026;SPORTIVO VILLA BALLESTER;70;U.V.V.ADELINA;73
2026;CADETES MASCULINO;Fase Regular;Torneo Clasificacion;CLASIFICACION;NORTE;2B;4;12/04/2026;SPORTIVO VILLA BALLESTER;67;CLUB TRES DE FEBRERO A;70
2026;CADETES MASCULINO;Fase Regular;Torneo Clasificacion;CLASIFICACION;NORTE;2B;4;12/04/2026;U.V.V.ADELINA;58;UNION FLORIDA;82
2026;CADETES MASCULINO;Fase Regular;Torneo Clasificacion;CLASIFICACION;NORTE;2B;4;12/04/2026;OBRAS SANITARIAS A;106;NAUTICO HACOAJ A;46
2026;CADETES MASCULINO;Fase Regular;Torneo Clasificacion;CLASIFICACION;NORTE;2B;4;12/04/2026;UNION VECINAL DE MUNRO;25;RIVER PLATE;108
2026;CADETES MASCULINO;Fase Regular;Torneo Clasificacion;CLASIFICACION;NORTE;2B;5;19/04/2026;CLUB TRES DE FEBRERO A;124;UNION VECINAL DE MUNRO;19
2026;CADETES MASCULINO;Fase Regular;Torneo Clasificacion;CLASIFICACION;NORTE;2B;5;19/04/2026;RIVER PLATE;73;OBRAS SANITARIAS A;77
2026;CADETES MASCULINO;Fase Regular;Torneo Clasificacion;CLASIFICACION;NORTE;2B;5;19/04/2026;NAUTICO HACOAJ A;52;U.V.V.ADELINA;86
2026;CADETES MASCULINO;Fase Regular;Torneo Clasificacion;CLASIFICACION;NORTE;2B;5;19/04/2026;UNION FLORIDA;69;SPORTIVO VILLA BALLESTER;48
2026;CADETES MASCULINO;Fase Regular;Torneo Clasificacion;CLASIFICACION;NORTE;2B;6;26/04/2026;UNION FLORIDA;52;CLUB TRES DE FEBRERO A;57
2026;CADETES MASCULINO;Fase Regular;Torneo Clasificacion;CLASIFICACION;NORTE;2B;6;26/04/2026;SPORTIVO VILLA BALLESTER;54;NAUTICO HACOAJ A;61
2026;CADETES MASCULINO;Fase Regular;Torneo Clasificacion;CLASIFICACION;NORTE;2B;6;26/04/2026;U.V.V.ADELINA;80;RIVER PLATE;85
2026;CADETES MASCULINO;Fase Regular;Torneo Clasificacion;CLASIFICACION;NORTE;2B;6;26/04/2026;OBRAS SANITARIAS A;134;UNION VECINAL DE MUNRO;24
2026;CADETES MASCULINO;Fase Regular;Torneo Clasificacion;CLASIFICACION;NORTE;2B;7;03/05/2026;CLUB TRES DE FEBRERO A;57;OBRAS SANITARIAS A;93
2026;CADETES MASCULINO;Fase Regular;Torneo Clasificacion;CLASIFICACION;NORTE;2B;7;03/05/2026;UNION VECINAL DE MUNRO;29;U.V.V.ADELINA;82
2026;CADETES MASCULINO;Fase Regular;Torneo Clasificacion;CLASIFICACION;NORTE;2B;7;03/05/2026;RIVER PLATE;72;SPORTIVO VILLA BALLESTER;44
2026;CADETES MASCULINO;Fase Regular;Torneo Clasificacion;CLASIFICACION;NORTE;2B;7;03/05/2026;NAUTICO HACOAJ A;53;UNION FLORIDA;73
2026;CADETES MASCULINO;Fase Regular;Torneo Clasificacion;CLASIFICACION;NORTE;2B;8;10/05/2026;NAUTICO HACOAJ A;51;CLUB TRES DE FEBRERO A;105
2026;CADETES MASCULINO;Fase Regular;Torneo Clasificacion;CLASIFICACION;NORTE;2B;8;10/05/2026;RIVER PLATE;44;UNION FLORIDA;61
2026;CADETES MASCULINO;Fase Regular;Torneo Clasificacion;CLASIFICACION;NORTE;2B;8;10/05/2026;UNION VECINAL DE MUNRO;35;SPORTIVO VILLA BALLESTER;72
2026;CADETES MASCULINO;Fase Regular;Torneo Clasificacion;CLASIFICACION;NORTE;2B;8;10/05/2026;OBRAS SANITARIAS A;96;U.V.V.ADELINA;61
2026;CADETES MASCULINO;Fase Regular;Torneo Clasificacion;CLASIFICACION;NORTE;2B;9;17/05/2026;CLUB TRES DE FEBRERO A;95;U.V.V.ADELINA;47
2026;CADETES MASCULINO;Fase Regular;Torneo Clasificacion;CLASIFICACION;NORTE;2B;9;17/05/2026;SPORTIVO VILLA BALLESTER;53;OBRAS SANITARIAS A;80
2026;CADETES MASCULINO;Fase Regular;Torneo Clasificacion;CLASIFICACION;NORTE;2B;9;17/05/2026;UNION FLORIDA;93;UNION VECINAL DE MUNRO;41
2026;CADETES MASCULINO;Fase Regular;Torneo Clasificacion;CLASIFICACION;NORTE;2B;9;17/05/2026;NAUTICO HACOAJ A;44;RIVER PLATE;75
2026;CADETES MASCULINO;Fase Regular;Torneo Clasificacion;CLASIFICACION;NORTE;2B;10;24/05/2026;RIVER PLATE;62;CLUB TRES DE FEBRERO A;71
2026;CADETES MASCULINO;Fase Regular;Torneo Clasificacion;CLASIFICACION;NORTE;2B;10;24/05/2026;UNION VECINAL DE MUNRO;32;NAUTICO HACOAJ A;89
2026;CADETES MASCULINO;Fase Regular;Torneo Clasificacion;CLASIFICACION;NORTE;2B;10;24/05/2026;OBRAS SANITARIAS A;64;UNION FLORIDA;53
2026;CADETES MASCULINO;Fase Regular;Torneo Clasificacion;CLASIFICACION;NORTE;2B;10;24/05/2026;U.V.V.ADELINA;80;SPORTIVO VILLA BALLESTER;43
2026;CADETES MASCULINO;Fase Regular;Torneo Clasificacion;CLASIFICACION;CENTRO;2B;1;15/03/2026;ATENEO POPULAR VERSAILLES;98;ESTRELLA DE BOEDO;28
2026;CADETES MASCULINO;Fase Regular;Torneo Clasificacion;CLASIFICACION;CENTRO;2B;1;15/03/2026;FERROCARRIL OESTE A;65;VELEZ SARSFIELD A;52
2026;CADETES MASCULINO;Fase Regular;Torneo Clasificacion;CLASIFICACION;CENTRO;2B;1;15/03/2026;PINOCHO B;31;CIUDAD DE BUENOS AIRES A;71
2026;CADETES MASCULINO;Fase Regular;Torneo Clasificacion;CLASIFICACION;CENTRO;2B;1;15/03/2026;VILLA MITRE;67;JOSE HERNANDEZ A;41
2026;CADETES MASCULINO;Fase Regular;Torneo Clasificacion;CLASIFICACION;CENTRO;2B;2;22/03/2026;VILLA MITRE;34;ATENEO POPULAR VERSAILLES;60
2026;CADETES MASCULINO;Fase Regular;Torneo Clasificacion;CLASIFICACION;CENTRO;2B;2;22/03/2026;JOSE HERNANDEZ A;63;PINOCHO B;56
2026;CADETES MASCULINO;Fase Regular;Torneo Clasificacion;CLASIFICACION;CENTRO;2B;2;22/03/2026;CIUDAD DE BUENOS AIRES A;57;FERROCARRIL OESTE A;104
2026;CADETES MASCULINO;Fase Regular;Torneo Clasificacion;CLASIFICACION;CENTRO;2B;2;22/03/2026;VELEZ SARSFIELD A;121;ESTRELLA DE BOEDO;15
2026;CADETES MASCULINO;Fase Regular;Torneo Clasificacion;CLASIFICACION;CENTRO;2B;3;29/03/2026;ATENEO POPULAR VERSAILLES;56;VELEZ SARSFIELD A;87
2026;CADETES MASCULINO;Fase Regular;Torneo Clasificacion;CLASIFICACION;CENTRO;2B;3;29/03/2026;ESTRELLA DE BOEDO;47;CIUDAD DE BUENOS AIRES A;73
2026;CADETES MASCULINO;Fase Regular;Torneo Clasificacion;CLASIFICACION;CENTRO;2B;3;29/03/2026;FERROCARRIL OESTE A;98;JOSE HERNANDEZ A;27
2026;CADETES MASCULINO;Fase Regular;Torneo Clasificacion;CLASIFICACION;CENTRO;2B;3;29/03/2026;PINOCHO B;41;VILLA MITRE;42
2026;CADETES MASCULINO;Fase Regular;Torneo Clasificacion;CLASIFICACION;CENTRO;2B;4;12/04/2026;PINOCHO B;32;ATENEO POPULAR VERSAILLES;86
2026;CADETES MASCULINO;Fase Regular;Torneo Clasificacion;CLASIFICACION;CENTRO;2B;4;12/04/2026;VILLA MITRE;30;FERROCARRIL OESTE A;111
2026;CADETES MASCULINO;Fase Regular;Torneo Clasificacion;CLASIFICACION;CENTRO;2B;4;12/04/2026;JOSE HERNANDEZ A;62;ESTRELLA DE BOEDO;48
2026;CADETES MASCULINO;Fase Regular;Torneo Clasificacion;CLASIFICACION;CENTRO;2B;4;12/04/2026;CIUDAD DE BUENOS AIRES A;28;VELEZ SARSFIELD A;91
2026;CADETES MASCULINO;Fase Regular;Torneo Clasificacion;CLASIFICACION;CENTRO;2B;5;19/04/2026;ATENEO POPULAR VERSAILLES;58;CIUDAD DE BUENOS AIRES A;45
2026;CADETES MASCULINO;Fase Regular;Torneo Clasificacion;CLASIFICACION;CENTRO;2B;5;19/04/2026;VELEZ SARSFIELD A;91;JOSE HERNANDEZ A;23
2026;CADETES MASCULINO;Fase Regular;Torneo Clasificacion;CLASIFICACION;CENTRO;2B;5;19/04/2026;ESTRELLA DE BOEDO;22;VILLA MITRE;66
2026;CADETES MASCULINO;Fase Regular;Torneo Clasificacion;CLASIFICACION;CENTRO;2B;5;19/04/2026;FERROCARRIL OESTE A;96;PINOCHO B;33
2026;CADETES MASCULINO;Fase Regular;Torneo Clasificacion;CLASIFICACION;CENTRO;2B;6;26/04/2026;FERROCARRIL OESTE A;78;ATENEO POPULAR VERSAILLES;67
2026;CADETES MASCULINO;Fase Regular;Torneo Clasificacion;CLASIFICACION;CENTRO;2B;6;26/04/2026;PINOCHO B;45;ESTRELLA DE BOEDO;51
2026;CADETES MASCULINO;Fase Regular;Torneo Clasificacion;CLASIFICACION;CENTRO;2B;6;26/04/2026;VILLA MITRE;32;VELEZ SARSFIELD A;91
2026;CADETES MASCULINO;Fase Regular;Torneo Clasificacion;CLASIFICACION;CENTRO;2B;6;26/04/2026;JOSE HERNANDEZ A;36;CIUDAD DE BUENOS AIRES A;57
2026;CADETES MASCULINO;Fase Regular;Torneo Clasificacion;CLASIFICACION;CENTRO;2B;7;03/05/2026;ATENEO POPULAR VERSAILLES;68;JOSE HERNANDEZ A;44
2026;CADETES MASCULINO;Fase Regular;Torneo Clasificacion;CLASIFICACION;CENTRO;2B;7;03/05/2026;CIUDAD DE BUENOS AIRES A;57;VILLA MITRE;54
2026;CADETES MASCULINO;Fase Regular;Torneo Clasificacion;CLASIFICACION;CENTRO;2B;7;03/05/2026;VELEZ SARSFIELD A;86;PINOCHO B;31
2026;CADETES MASCULINO;Fase Regular;Torneo Clasificacion;CLASIFICACION;CENTRO;2B;7;03/05/2026;ESTRELLA DE BOEDO;33;FERROCARRIL OESTE A;66
2026;CADETES MASCULINO;Fase Regular;Torneo Clasificacion;CLASIFICACION;CENTRO;2B;8;10/05/2026;ESTRELLA DE BOEDO;43;ATENEO POPULAR VERSAILLES;83
2026;CADETES MASCULINO;Fase Regular;Torneo Clasificacion;CLASIFICACION;CENTRO;2B;8;10/05/2026;VELEZ SARSFIELD A;57;FERROCARRIL OESTE A;66
2026;CADETES MASCULINO;Fase Regular;Torneo Clasificacion;CLASIFICACION;CENTRO;2B;8;10/05/2026;CIUDAD DE BUENOS AIRES A;66;PINOCHO B;42
2026;CADETES MASCULINO;Fase Regular;Torneo Clasificacion;CLASIFICACION;CENTRO;2B;8;10/05/2026;JOSE HERNANDEZ A;50;VILLA MITRE;47
2026;CADETES MASCULINO;Fase Regular;Torneo Clasificacion;CLASIFICACION;CENTRO;2B;9;17/05/2026;ATENEO POPULAR VERSAILLES;90;VILLA MITRE;48
2026;CADETES MASCULINO;Fase Regular;Torneo Clasificacion;CLASIFICACION;CENTRO;2B;9;17/05/2026;PINOCHO B;41;JOSE HERNANDEZ A;46
2026;CADETES MASCULINO;Fase Regular;Torneo Clasificacion;CLASIFICACION;CENTRO;2B;9;17/05/2026;FERROCARRIL OESTE A;66;CIUDAD DE BUENOS AIRES A;44
2026;CADETES MASCULINO;Fase Regular;Torneo Clasificacion;CLASIFICACION;CENTRO;2B;9;17/05/2026;ESTRELLA DE BOEDO;26;VELEZ SARSFIELD A;103
2026;CADETES MASCULINO;Fase Regular;Torneo Clasificacion;CLASIFICACION;CENTRO;2B;10;24/05/2026;CIUDAD DE BUENOS AIRES A;73;ESTRELLA DE BOEDO;63
2026;CADETES MASCULINO;Fase Regular;Torneo Clasificacion;CLASIFICACION;CENTRO;2B;10;24/05/2026;JOSE HERNANDEZ A;30;FERROCARRIL OESTE A;80
2026;CADETES MASCULINO;Fase Regular;Torneo Clasificacion;CLASIFICACION;CENTRO;2B;10;24/05/2026;VILLA MITRE;39;PINOCHO B;23
2026;CADETES MASCULINO;Fase Regular;Torneo Clasificacion;CLASIFICACION;OESTE;2B;1;15/03/2026;PORTEÑO ATHLETIC CLUB A;69;ARGENTINO DE CASTELAR B;31
2026;CADETES MASCULINO;Fase Regular;Torneo Clasificacion;CLASIFICACION;OESTE;2B;1;15/03/2026;LOS INDIOS DE MORENO B;106;INSTITUCION SARMIENTO B;39
2026;CADETES MASCULINO;Fase Regular;Torneo Clasificacion;CLASIFICACION;OESTE;2B;1;15/03/2026;LEANDRO N ALEM;13;MORON A;116
2026;CADETES MASCULINO;Fase Regular;Torneo Clasificacion;CLASIFICACION;OESTE;2B;2;22/03/2026;MORON A;102;LOS INDIOS DE MORENO B;42
2026;CADETES MASCULINO;Fase Regular;Torneo Clasificacion;CLASIFICACION;OESTE;2B;2;22/03/2026;INSTITUCION SARMIENTO B;29;PORTEÑO ATHLETIC CLUB A;95
2026;CADETES MASCULINO;Fase Regular;Torneo Clasificacion;CLASIFICACION;OESTE;2B;2;22/03/2026;ARGENTINO DE CASTELAR B;33;GIMNASIA Y ESGRIMA DE ITUZAINGO A;74
2026;CADETES MASCULINO;Fase Regular;Torneo Clasificacion;CLASIFICACION;OESTE;2B;3;29/03/2026;GIMNASIA Y ESGRIMA DE ITUZAINGO A;103;INSTITUCION SARMIENTO B;38
2026;CADETES MASCULINO;Fase Regular;Torneo Clasificacion;CLASIFICACION;OESTE;2B;3;29/03/2026;PORTEÑO ATHLETIC CLUB A;48;MORON A;78
2026;CADETES MASCULINO;Fase Regular;Torneo Clasificacion;CLASIFICACION;OESTE;2B;3;29/03/2026;LOS INDIOS DE MORENO B;99;LEANDRO N ALEM;25
2026;CADETES MASCULINO;Fase Regular;Torneo Clasificacion;CLASIFICACION;OESTE;2B;4;12/04/2026;LEANDRO N ALEM;11;PORTEÑO ATHLETIC CLUB A;122
2026;CADETES MASCULINO;Fase Regular;Torneo Clasificacion;CLASIFICACION;OESTE;2B;4;12/04/2026;MORON A;94;GIMNASIA Y ESGRIMA DE ITUZAINGO A;25
2026;CADETES MASCULINO;Fase Regular;Torneo Clasificacion;CLASIFICACION;OESTE;2B;4;12/04/2026;INSTITUCION SARMIENTO B;44;ARGENTINO DE CASTELAR B;55
2026;CADETES MASCULINO;Fase Regular;Torneo Clasificacion;CLASIFICACION;OESTE;2B;5;19/04/2026;ARGENTINO DE CASTELAR B;19;MORON A;114
2026;CADETES MASCULINO;Fase Regular;Torneo Clasificacion;CLASIFICACION;OESTE;2B;5;19/04/2026;GIMNASIA Y ESGRIMA DE ITUZAINGO A;127;LEANDRO N ALEM;12
2026;CADETES MASCULINO;Fase Regular;Torneo Clasificacion;CLASIFICACION;OESTE;2B;5;19/04/2026;PORTEÑO ATHLETIC CLUB A;71;LOS INDIOS DE MORENO B;40
2026;CADETES MASCULINO;Fase Regular;Torneo Clasificacion;CLASIFICACION;OESTE;2B;6;26/04/2026;LOS INDIOS DE MORENO B;59;GIMNASIA Y ESGRIMA DE ITUZAINGO A;62
2026;CADETES MASCULINO;Fase Regular;Torneo Clasificacion;CLASIFICACION;OESTE;2B;6;26/04/2026;LEANDRO N ALEM;23;ARGENTINO DE CASTELAR B;93
2026;CADETES MASCULINO;Fase Regular;Torneo Clasificacion;CLASIFICACION;OESTE;2B;6;26/04/2026;MORON A;106;INSTITUCION SARMIENTO B;19
2026;CADETES MASCULINO;Fase Regular;Torneo Clasificacion;CLASIFICACION;OESTE;2B;7;03/05/2026;INSTITUCION SARMIENTO B;77;LEANDRO N ALEM;39
2026;CADETES MASCULINO;Fase Regular;Torneo Clasificacion;CLASIFICACION;OESTE;2B;7;03/05/2026;ARGENTINO DE CASTELAR B;55;LOS INDIOS DE MORENO B;85
2026;CADETES MASCULINO;Fase Regular;Torneo Clasificacion;CLASIFICACION;OESTE;2B;7;03/05/2026;GIMNASIA Y ESGRIMA DE ITUZAINGO A;58;PORTEÑO ATHLETIC CLUB A;55
2026;CADETES MASCULINO;Fase Regular;Torneo Clasificacion;CLASIFICACION;OESTE;2B;8;10/05/2026;ARGENTINO DE CASTELAR B;36;PORTEÑO ATHLETIC CLUB A;69
2026;CADETES MASCULINO;Fase Regular;Torneo Clasificacion;CLASIFICACION;OESTE;2B;8;10/05/2026;INSTITUCION SARMIENTO B;36;LOS INDIOS DE MORENO B;64
2026;CADETES MASCULINO;Fase Regular;Torneo Clasificacion;CLASIFICACION;OESTE;2B;8;10/05/2026;MORON A;100;LEANDRO N ALEM;24
2026;CADETES MASCULINO;Fase Regular;Torneo Clasificacion;CLASIFICACION;OESTE;2B;9;17/05/2026;LOS INDIOS DE MORENO B;49;MORON A;91
2026;CADETES MASCULINO;Fase Regular;Torneo Clasificacion;CLASIFICACION;OESTE;2B;9;17/05/2026;PORTEÑO ATHLETIC CLUB A;98;INSTITUCION SARMIENTO B;28
2026;CADETES MASCULINO;Fase Regular;Torneo Clasificacion;CLASIFICACION;OESTE;2B;9;17/05/2026;GIMNASIA Y ESGRIMA DE ITUZAINGO A;66;ARGENTINO DE CASTELAR B;35
2026;CADETES MASCULINO;Fase Regular;Torneo Clasificacion;CLASIFICACION;OESTE;2B;10;24/05/2026;INSTITUCION SARMIENTO B;27;GIMNASIA Y ESGRIMA DE ITUZAINGO A;72
2026;CADETES MASCULINO;Fase Regular;Torneo Clasificacion;CLASIFICACION;OESTE;2B;10;24/05/2026;MORON A;85;PORTEÑO ATHLETIC CLUB A;46
2026;CADETES MASCULINO;Fase Regular;Torneo Clasificacion;CLASIFICACION;OESTE;2B;10;24/05/2026;LEANDRO N ALEM;22;LOS INDIOS DE MORENO B;84
2026;CADETES MASCULINO;Fase Regular;Torneo Clasificacion;CLASIFICACION;OESTE;2B;12;07/06/2026;MORON A;110;ARGENTINO DE CASTELAR B;27
2026;CADETES MASCULINO;Fase Regular;Torneo Clasificacion;CLASIFICACION;SUR;2B;1;15/03/2026;BOCA JUNIORS A;136;OLIMPO A;26
2026;CADETES MASCULINO;Fase Regular;Torneo Clasificacion;CLASIFICACION;SUR;2B;1;15/03/2026;BURZACO FC A;69;LOS ANDES;63
2026;CADETES MASCULINO;Fase Regular;Torneo Clasificacion;CLASIFICACION;SUR;2B;1;15/03/2026;COUNTRY BANFIELD A;36;LOBOS ATHLETIC CLUB;93
2026;CADETES MASCULINO;Fase Regular;Torneo Clasificacion;CLASIFICACION;SUR;2B;1;15/03/2026;TRISTAN SUAREZ;56;CLUB SOCIAL ALEJANDRO KORN;33
2026;CADETES MASCULINO;Fase Regular;Torneo Clasificacion;CLASIFICACION;SUR;2B;2;22/03/2026;TRISTAN SUAREZ;61;BOCA JUNIORS A;94
2026;CADETES MASCULINO;Fase Regular;Torneo Clasificacion;CLASIFICACION;SUR;2B;2;22/03/2026;CLUB SOCIAL ALEJANDRO KORN;84;COUNTRY BANFIELD A;27
2026;CADETES MASCULINO;Fase Regular;Torneo Clasificacion;CLASIFICACION;SUR;2B;2;22/03/2026;LOBOS ATHLETIC CLUB;97;BURZACO FC A;39
2026;CADETES MASCULINO;Fase Regular;Torneo Clasificacion;CLASIFICACION;SUR;2B;2;22/03/2026;LOS ANDES;78;OLIMPO A;42
2026;CADETES MASCULINO;Fase Regular;Torneo Clasificacion;CLASIFICACION;SUR;2B;3;29/03/2026;BOCA JUNIORS A;118;LOS ANDES;28
2026;CADETES MASCULINO;Fase Regular;Torneo Clasificacion;CLASIFICACION;SUR;2B;3;29/03/2026;OLIMPO A;37;LOBOS ATHLETIC CLUB;87
2026;CADETES MASCULINO;Fase Regular;Torneo Clasificacion;CLASIFICACION;SUR;2B;3;29/03/2026;BURZACO FC A;41;CLUB SOCIAL ALEJANDRO KORN;66
2026;CADETES MASCULINO;Fase Regular;Torneo Clasificacion;CLASIFICACION;SUR;2B;3;29/03/2026;COUNTRY BANFIELD A;43;TRISTAN SUAREZ;74
2026;CADETES MASCULINO;Fase Regular;Torneo Clasificacion;CLASIFICACION;SUR;2B;4;12/04/2026;COUNTRY BANFIELD A;32;BOCA JUNIORS A;108
2026;CADETES MASCULINO;Fase Regular;Torneo Clasificacion;CLASIFICACION;SUR;2B;4;12/04/2026;TRISTAN SUAREZ;74;BURZACO FC A;42
2026;CADETES MASCULINO;Fase Regular;Torneo Clasificacion;CLASIFICACION;SUR;2B;4;12/04/2026;CLUB SOCIAL ALEJANDRO KORN;79;OLIMPO A;44
2026;CADETES MASCULINO;Fase Regular;Torneo Clasificacion;CLASIFICACION;SUR;2B;4;12/04/2026;LOBOS ATHLETIC CLUB;104;LOS ANDES;42
2026;CADETES MASCULINO;Fase Regular;Torneo Clasificacion;CLASIFICACION;SUR;2B;5;19/04/2026;BOCA JUNIORS A;101;LOBOS ATHLETIC CLUB;73
2026;CADETES MASCULINO;Fase Regular;Torneo Clasificacion;CLASIFICACION;SUR;2B;5;19/04/2026;LOS ANDES;53;CLUB SOCIAL ALEJANDRO KORN;74
2026;CADETES MASCULINO;Fase Regular;Torneo Clasificacion;CLASIFICACION;SUR;2B;5;19/04/2026;OLIMPO A;38;TRISTAN SUAREZ;92
2026;CADETES MASCULINO;Fase Regular;Torneo Clasificacion;CLASIFICACION;SUR;2B;5;19/04/2026;BURZACO FC A;69;COUNTRY BANFIELD A;39
2026;CADETES MASCULINO;Fase Regular;Torneo Clasificacion;CLASIFICACION;SUR;2B;6;26/04/2026;BURZACO FC A;32;BOCA JUNIORS A;142
2026;CADETES MASCULINO;Fase Regular;Torneo Clasificacion;CLASIFICACION;SUR;2B;6;26/04/2026;COUNTRY BANFIELD A;42;OLIMPO A;46
2026;CADETES MASCULINO;Fase Regular;Torneo Clasificacion;CLASIFICACION;SUR;2B;6;26/04/2026;TRISTAN SUAREZ;75;LOS ANDES;38
2026;CADETES MASCULINO;Fase Regular;Torneo Clasificacion;CLASIFICACION;SUR;2B;6;26/04/2026;CLUB SOCIAL ALEJANDRO KORN;63;LOBOS ATHLETIC CLUB;74
2026;CADETES MASCULINO;Fase Regular;Torneo Clasificacion;CLASIFICACION;SUR;2B;7;03/05/2026;BOCA JUNIORS A;99;CLUB SOCIAL ALEJANDRO KORN;55
2026;CADETES MASCULINO;Fase Regular;Torneo Clasificacion;CLASIFICACION;SUR;2B;7;03/05/2026;LOBOS ATHLETIC CLUB;49;TRISTAN SUAREZ;43
2026;CADETES MASCULINO;Fase Regular;Torneo Clasificacion;CLASIFICACION;SUR;2B;7;03/05/2026;LOS ANDES;73;COUNTRY BANFIELD A;39
2026;CADETES MASCULINO;Fase Regular;Torneo Clasificacion;CLASIFICACION;SUR;2B;7;03/05/2026;OLIMPO A;47;BURZACO FC A;67
2026;CADETES MASCULINO;Fase Regular;Torneo Clasificacion;CLASIFICACION;SUR;2B;8;10/05/2026;OLIMPO A;35;BOCA JUNIORS A;118
2026;CADETES MASCULINO;Fase Regular;Torneo Clasificacion;CLASIFICACION;SUR;2B;8;10/05/2026;LOS ANDES;66;BURZACO FC A;55
2026;CADETES MASCULINO;Fase Regular;Torneo Clasificacion;CLASIFICACION;SUR;2B;8;10/05/2026;LOBOS ATHLETIC CLUB;98;COUNTRY BANFIELD A;30
2026;CADETES MASCULINO;Fase Regular;Torneo Clasificacion;CLASIFICACION;SUR;2B;8;10/05/2026;CLUB SOCIAL ALEJANDRO KORN;39;TRISTAN SUAREZ;62
2026;CADETES MASCULINO;Fase Regular;Torneo Clasificacion;CLASIFICACION;SUR;2B;9;17/05/2026;BOCA JUNIORS A;99;TRISTAN SUAREZ;45
2026;CADETES MASCULINO;Fase Regular;Torneo Clasificacion;CLASIFICACION;SUR;2B;9;17/05/2026;COUNTRY BANFIELD A;37;CLUB SOCIAL ALEJANDRO KORN;81
2026;CADETES MASCULINO;Fase Regular;Torneo Clasificacion;CLASIFICACION;SUR;2B;9;17/05/2026;BURZACO FC A;50;LOBOS ATHLETIC CLUB;99
2026;CADETES MASCULINO;Fase Regular;Torneo Clasificacion;CLASIFICACION;SUR;2B;9;17/05/2026;OLIMPO A;46;LOS ANDES;67
2026;CADETES MASCULINO;Fase Regular;Torneo Clasificacion;CLASIFICACION;SUR;2B;10;24/05/2026;LOS ANDES;29;BOCA JUNIORS A;126
2026;CADETES MASCULINO;Fase Regular;Torneo Clasificacion;CLASIFICACION;SUR;2B;10;24/05/2026;LOBOS ATHLETIC CLUB;111;OLIMPO A;38
2026;CADETES MASCULINO;Fase Regular;Torneo Clasificacion;CLASIFICACION;SUR;2B;10;24/05/2026;CLUB SOCIAL ALEJANDRO KORN;63;BURZACO FC A;50
2026;CADETES MASCULINO;Fase Regular;Torneo Clasificacion;CLASIFICACION;SUR;2B;10;24/05/2026;TRISTAN SUAREZ;57;COUNTRY BANFIELD A;38
2026;CADETES MASCULINO;Fase Regular;Torneo Clasificacion;CLASIFICACION;NORTE;3C;1;15/03/2026;BELLA VISTA;80;CAZA Y PESCA B;23
2026;CADETES MASCULINO;Fase Regular;Torneo Clasificacion;CLASIFICACION;NORTE;3C;1;15/03/2026;GEVP A;64;SOCIAL BECCAR A;75
2026;CADETES MASCULINO;Fase Regular;Torneo Clasificacion;CLASIFICACION;NORTE;3C;1;15/03/2026;BANADE A;61;CLUB TRES DE FEBRERO B;49
2026;CADETES MASCULINO;Fase Regular;Torneo Clasificacion;CLASIFICACION;NORTE;3C;2;22/03/2026;BANADE A;69;CENTRO GALICIA;60
2026;CADETES MASCULINO;Fase Regular;Torneo Clasificacion;CLASIFICACION;NORTE;3C;2;22/03/2026;CLUB TRES DE FEBRERO B;58;GEVP A;64
2026;CADETES MASCULINO;Fase Regular;Torneo Clasificacion;CLASIFICACION;NORTE;3C;2;22/03/2026;SOCIAL BECCAR A;59;BELLA VISTA;34
2026;CADETES MASCULINO;Fase Regular;Torneo Clasificacion;CLASIFICACION;NORTE;3C;3;29/03/2026;CENTRO GALICIA;72;CAZA Y PESCA B;45
2026;CADETES MASCULINO;Fase Regular;Torneo Clasificacion;CLASIFICACION;NORTE;3C;3;29/03/2026;BELLA VISTA;65;CLUB TRES DE FEBRERO B;56
2026;CADETES MASCULINO;Fase Regular;Torneo Clasificacion;CLASIFICACION;NORTE;3C;3;29/03/2026;GEVP A;79;BANADE A;52
2026;CADETES MASCULINO;Fase Regular;Torneo Clasificacion;CLASIFICACION;NORTE;3C;4;12/04/2026;GEVP A;85;CENTRO GALICIA;50
2026;CADETES MASCULINO;Fase Regular;Torneo Clasificacion;CLASIFICACION;NORTE;3C;4;12/04/2026;BANADE A;63;BELLA VISTA;64
2026;CADETES MASCULINO;Fase Regular;Torneo Clasificacion;CLASIFICACION;NORTE;3C;4;12/04/2026;SOCIAL BECCAR A;68;CAZA Y PESCA B;20
2026;CADETES MASCULINO;Fase Regular;Torneo Clasificacion;CLASIFICACION;NORTE;3C;5;19/04/2026;CENTRO GALICIA;50;SOCIAL BECCAR A;75
2026;CADETES MASCULINO;Fase Regular;Torneo Clasificacion;CLASIFICACION;NORTE;3C;5;19/04/2026;CAZA Y PESCA B;33;CLUB TRES DE FEBRERO B;87
2026;CADETES MASCULINO;Fase Regular;Torneo Clasificacion;CLASIFICACION;NORTE;3C;5;19/04/2026;BELLA VISTA;74;GEVP A;68
2026;CADETES MASCULINO;Fase Regular;Torneo Clasificacion;CLASIFICACION;NORTE;3C;6;26/04/2026;BELLA VISTA;77;CENTRO GALICIA;44
2026;CADETES MASCULINO;Fase Regular;Torneo Clasificacion;CLASIFICACION;NORTE;3C;6;26/04/2026;BANADE A;69;CAZA Y PESCA B;31
2026;CADETES MASCULINO;Fase Regular;Torneo Clasificacion;CLASIFICACION;NORTE;3C;6;26/04/2026;CLUB TRES DE FEBRERO B;71;SOCIAL BECCAR A;25
2026;CADETES MASCULINO;Fase Regular;Torneo Clasificacion;CLASIFICACION;NORTE;3C;7;03/05/2026;CENTRO GALICIA;70;CLUB TRES DE FEBRERO B;74
2026;CADETES MASCULINO;Fase Regular;Torneo Clasificacion;CLASIFICACION;NORTE;3C;7;03/05/2026;SOCIAL BECCAR A;49;BANADE A;47
2026;CADETES MASCULINO;Fase Regular;Torneo Clasificacion;CLASIFICACION;NORTE;3C;7;03/05/2026;CAZA Y PESCA B;20;GEVP A;0
2026;CADETES MASCULINO;Fase Regular;Torneo Clasificacion;CLASIFICACION;NORTE;3C;8;10/05/2026;CAZA Y PESCA B;38;BELLA VISTA;67
2026;CADETES MASCULINO;Fase Regular;Torneo Clasificacion;CLASIFICACION;NORTE;3C;8;10/05/2026;SOCIAL BECCAR A;72;GEVP A;68
2026;CADETES MASCULINO;Fase Regular;Torneo Clasificacion;CLASIFICACION;NORTE;3C;8;10/05/2026;CLUB TRES DE FEBRERO B;64;BANADE A;52
2026;CADETES MASCULINO;Fase Regular;Torneo Clasificacion;CLASIFICACION;NORTE;3C;9;17/05/2026;CENTRO GALICIA;55;BANADE A;75
2026;CADETES MASCULINO;Fase Regular;Torneo Clasificacion;CLASIFICACION;NORTE;3C;9;17/05/2026;GEVP A;76;CLUB TRES DE FEBRERO B;53
2026;CADETES MASCULINO;Fase Regular;Torneo Clasificacion;CLASIFICACION;NORTE;3C;9;17/05/2026;BELLA VISTA;70;SOCIAL BECCAR A;57
2026;CADETES MASCULINO;Fase Regular;Torneo Clasificacion;CLASIFICACION;NORTE;3C;10;24/05/2026;CAZA Y PESCA B;45;CENTRO GALICIA;67
2026;CADETES MASCULINO;Fase Regular;Torneo Clasificacion;CLASIFICACION;NORTE;3C;10;24/05/2026;CLUB TRES DE FEBRERO B;61;BELLA VISTA;66
2026;CADETES MASCULINO;Fase Regular;Torneo Clasificacion;CLASIFICACION;NORTE;3C;10;24/05/2026;BANADE A;75;GEVP A;60
2026;CADETES MASCULINO;Fase Regular;Torneo Clasificacion;CLASIFICACION;CENTRO;3C;1;15/03/2026;ITALIANO A;93;ARQUITECTURA B;17
2026;CADETES MASCULINO;Fase Regular;Torneo Clasificacion;CLASIFICACION;CENTRO;3C;1;15/03/2026;PINOCHO A;95;GEVP B;20
2026;CADETES MASCULINO;Fase Regular;Torneo Clasificacion;CLASIFICACION;CENTRO;3C;1;15/03/2026;ARMENIA;63;ALL BOYS A;58
2026;CADETES MASCULINO;Fase Regular;Torneo Clasificacion;CLASIFICACION;CENTRO;3C;1;15/03/2026;FERROCARRIL OESTE B;27;PEDRO ECHAGUE A;81
2026;CADETES MASCULINO;Fase Regular;Torneo Clasificacion;CLASIFICACION;CENTRO;3C;2;22/03/2026;FERROCARRIL OESTE B;41;ITALIANO A;69
2026;CADETES MASCULINO;Fase Regular;Torneo Clasificacion;CLASIFICACION;CENTRO;3C;2;22/03/2026;PEDRO ECHAGUE A;93;ARMENIA;42
2026;CADETES MASCULINO;Fase Regular;Torneo Clasificacion;CLASIFICACION;CENTRO;3C;2;22/03/2026;ALL BOYS A;20;PINOCHO A;103
2026;CADETES MASCULINO;Fase Regular;Torneo Clasificacion;CLASIFICACION;CENTRO;3C;2;22/03/2026;GEVP B;45;ARQUITECTURA B;39
2026;CADETES MASCULINO;Fase Regular;Torneo Clasificacion;CLASIFICACION;CENTRO;3C;3;29/03/2026;ITALIANO A;127;GEVP B;22
2026;CADETES MASCULINO;Fase Regular;Torneo Clasificacion;CLASIFICACION;CENTRO;3C;3;29/03/2026;ARQUITECTURA B;66;ALL BOYS A;38
2026;CADETES MASCULINO;Fase Regular;Torneo Clasificacion;CLASIFICACION;CENTRO;3C;3;29/03/2026;PINOCHO A;58;PEDRO ECHAGUE A;55
2026;CADETES MASCULINO;Fase Regular;Torneo Clasificacion;CLASIFICACION;CENTRO;3C;3;29/03/2026;ARMENIA;59;FERROCARRIL OESTE B;68
2026;CADETES MASCULINO;Fase Regular;Torneo Clasificacion;CLASIFICACION;CENTRO;3C;4;12/04/2026;ARMENIA;31;ITALIANO A;88
2026;CADETES MASCULINO;Fase Regular;Torneo Clasificacion;CLASIFICACION;CENTRO;3C;4;12/04/2026;FERROCARRIL OESTE B;41;PINOCHO A;66
2026;CADETES MASCULINO;Fase Regular;Torneo Clasificacion;CLASIFICACION;CENTRO;3C;4;12/04/2026;PEDRO ECHAGUE A;92;ARQUITECTURA B;15
2026;CADETES MASCULINO;Fase Regular;Torneo Clasificacion;CLASIFICACION;CENTRO;3C;4;12/04/2026;ALL BOYS A;35;GEVP B;64
2026;CADETES MASCULINO;Fase Regular;Torneo Clasificacion;CLASIFICACION;CENTRO;3C;5;19/04/2026;ITALIANO A;82;ALL BOYS A;23
2026;CADETES MASCULINO;Fase Regular;Torneo Clasificacion;CLASIFICACION;CENTRO;3C;5;19/04/2026;GEVP B;17;PEDRO ECHAGUE A;95
2026;CADETES MASCULINO;Fase Regular;Torneo Clasificacion;CLASIFICACION;CENTRO;3C;5;19/04/2026;ARQUITECTURA B;19;FERROCARRIL OESTE B;80
2026;CADETES MASCULINO;Fase Regular;Torneo Clasificacion;CLASIFICACION;CENTRO;3C;5;19/04/2026;PINOCHO A;84;ARMENIA;38
2026;CADETES MASCULINO;Fase Regular;Torneo Clasificacion;CLASIFICACION;CENTRO;3C;6;26/04/2026;PINOCHO A;78;ITALIANO A;56
2026;CADETES MASCULINO;Fase Regular;Torneo Clasificacion;CLASIFICACION;CENTRO;3C;6;26/04/2026;ARMENIA;67;ARQUITECTURA B;21
2026;CADETES MASCULINO;Fase Regular;Torneo Clasificacion;CLASIFICACION;CENTRO;3C;6;26/04/2026;FERROCARRIL OESTE B;70;GEVP B;26
2026;CADETES MASCULINO;Fase Regular;Torneo Clasificacion;CLASIFICACION;CENTRO;3C;6;26/04/2026;PEDRO ECHAGUE A;72;ALL BOYS A;23
2026;CADETES MASCULINO;Fase Regular;Torneo Clasificacion;CLASIFICACION;CENTRO;3C;7;03/05/2026;ITALIANO A;72;PEDRO ECHAGUE A;75
2026;CADETES MASCULINO;Fase Regular;Torneo Clasificacion;CLASIFICACION;CENTRO;3C;7;03/05/2026;ALL BOYS A;41;FERROCARRIL OESTE B;48
2026;CADETES MASCULINO;Fase Regular;Torneo Clasificacion;CLASIFICACION;CENTRO;3C;7;03/05/2026;GEVP B;39;ARMENIA;52
2026;CADETES MASCULINO;Fase Regular;Torneo Clasificacion;CLASIFICACION;CENTRO;3C;7;03/05/2026;ARQUITECTURA B;19;PINOCHO A;115
2026;CADETES MASCULINO;Fase Regular;Torneo Clasificacion;CLASIFICACION;CENTRO;3C;8;10/05/2026;ARQUITECTURA B;9;ITALIANO A;115
2026;CADETES MASCULINO;Fase Regular;Torneo Clasificacion;CLASIFICACION;CENTRO;3C;8;10/05/2026;GEVP B;21;PINOCHO A;91
2026;CADETES MASCULINO;Fase Regular;Torneo Clasificacion;CLASIFICACION;CENTRO;3C;8;10/05/2026;ALL BOYS A;56;ARMENIA;59
2026;CADETES MASCULINO;Fase Regular;Torneo Clasificacion;CLASIFICACION;CENTRO;3C;8;10/05/2026;PEDRO ECHAGUE A;73;FERROCARRIL OESTE B;35
2026;CADETES MASCULINO;Fase Regular;Torneo Clasificacion;CLASIFICACION;CENTRO;3C;9;17/05/2026;ITALIANO A;64;FERROCARRIL OESTE B;47
2026;CADETES MASCULINO;Fase Regular;Torneo Clasificacion;CLASIFICACION;CENTRO;3C;9;17/05/2026;ARMENIA;31;PEDRO ECHAGUE A;80
2026;CADETES MASCULINO;Fase Regular;Torneo Clasificacion;CLASIFICACION;CENTRO;3C;9;17/05/2026;PINOCHO A;118;ALL BOYS A;20
2026;CADETES MASCULINO;Fase Regular;Torneo Clasificacion;CLASIFICACION;CENTRO;3C;9;17/05/2026;ARQUITECTURA B;39;GEVP B;45
2026;CADETES MASCULINO;Fase Regular;Torneo Clasificacion;CLASIFICACION;CENTRO;3C;10;24/05/2026;GEVP B;16;ITALIANO A;73
2026;CADETES MASCULINO;Fase Regular;Torneo Clasificacion;CLASIFICACION;CENTRO;3C;10;24/05/2026;ALL BOYS A;63;ARQUITECTURA B;36
2026;CADETES MASCULINO;Fase Regular;Torneo Clasificacion;CLASIFICACION;CENTRO;3C;10;24/05/2026;PEDRO ECHAGUE A;67;PINOCHO A;59
2026;CADETES MASCULINO;Fase Regular;Torneo Clasificacion;CLASIFICACION;CENTRO;3C;10;24/05/2026;FERROCARRIL OESTE B;56;ARMENIA;31
2026;CADETES MASCULINO;Fase Regular;Torneo Clasificacion;CLASIFICACION;OESTE;3C;1;15/03/2026;SAN MIGUEL B;62;DEFENSORES DE HURLINGHAM A;71
2026;CADETES MASCULINO;Fase Regular;Torneo Clasificacion;CLASIFICACION;OESTE;3C;1;15/03/2026;UNIVERSIDAD DE LA MATANZA;56;EL PORVENIR;29
2026;CADETES MASCULINO;Fase Regular;Torneo Clasificacion;CLASIFICACION;OESTE;3C;1;15/03/2026;MIDLAND;53;HURACAN DE SAN JUSTO A;71
2026;CADETES MASCULINO;Fase Regular;Torneo Clasificacion;CLASIFICACION;OESTE;3C;2;22/03/2026;MIDLAND;56;SAN MIGUEL B;72
2026;CADETES MASCULINO;Fase Regular;Torneo Clasificacion;CLASIFICACION;OESTE;3C;2;22/03/2026;HURACAN DE SAN JUSTO A;76;UNIVERSIDAD DE LA MATANZA;58
2026;CADETES MASCULINO;Fase Regular;Torneo Clasificacion;CLASIFICACION;OESTE;3C;2;22/03/2026;EL PORVENIR;28;INSTITUCION SARMIENTO A;65
2026;CADETES MASCULINO;Fase Regular;Torneo Clasificacion;CLASIFICACION;OESTE;3C;3;29/03/2026;DEFENSORES DE HURLINGHAM A;63;EL PORVENIR;31
2026;CADETES MASCULINO;Fase Regular;Torneo Clasificacion;CLASIFICACION;OESTE;3C;3;29/03/2026;INSTITUCION SARMIENTO A;52;HURACAN DE SAN JUSTO A;71
2026;CADETES MASCULINO;Fase Regular;Torneo Clasificacion;CLASIFICACION;OESTE;3C;3;29/03/2026;UNIVERSIDAD DE LA MATANZA;58;MIDLAND;72
2026;CADETES MASCULINO;Fase Regular;Torneo Clasificacion;CLASIFICACION;OESTE;3C;4;12/04/2026;UNIVERSIDAD DE LA MATANZA;51;SAN MIGUEL B;81
2026;CADETES MASCULINO;Fase Regular;Torneo Clasificacion;CLASIFICACION;OESTE;3C;4;12/04/2026;MIDLAND;42;INSTITUCION SARMIENTO A;53
2026;CADETES MASCULINO;Fase Regular;Torneo Clasificacion;CLASIFICACION;OESTE;3C;4;12/04/2026;HURACAN DE SAN JUSTO A;108;DEFENSORES DE HURLINGHAM A;73
2026;CADETES MASCULINO;Fase Regular;Torneo Clasificacion;CLASIFICACION;OESTE;3C;5;19/04/2026;SAN MIGUEL B;130;EL PORVENIR;30
2026;CADETES MASCULINO;Fase Regular;Torneo Clasificacion;CLASIFICACION;OESTE;3C;5;19/04/2026;DEFENSORES DE HURLINGHAM A;59;MIDLAND;49
2026;CADETES MASCULINO;Fase Regular;Torneo Clasificacion;CLASIFICACION;OESTE;3C;5;19/04/2026;INSTITUCION SARMIENTO A;56;UNIVERSIDAD DE LA MATANZA;37
2026;CADETES MASCULINO;Fase Regular;Torneo Clasificacion;CLASIFICACION;OESTE;3C;6;26/04/2026;INSTITUCION SARMIENTO A;55;SAN MIGUEL B;50
2026;CADETES MASCULINO;Fase Regular;Torneo Clasificacion;CLASIFICACION;OESTE;3C;6;26/04/2026;UNIVERSIDAD DE LA MATANZA;52;DEFENSORES DE HURLINGHAM A;36
2026;CADETES MASCULINO;Fase Regular;Torneo Clasificacion;CLASIFICACION;OESTE;3C;6;26/04/2026;HURACAN DE SAN JUSTO A;86;EL PORVENIR;27
2026;CADETES MASCULINO;Fase Regular;Torneo Clasificacion;CLASIFICACION;OESTE;3C;7;03/05/2026;SAN MIGUEL B;66;HURACAN DE SAN JUSTO A;70
2026;CADETES MASCULINO;Fase Regular;Torneo Clasificacion;CLASIFICACION;OESTE;3C;7;03/05/2026;EL PORVENIR;27;MIDLAND;82
2026;CADETES MASCULINO;Fase Regular;Torneo Clasificacion;CLASIFICACION;OESTE;3C;7;03/05/2026;DEFENSORES DE HURLINGHAM A;41;INSTITUCION SARMIENTO A;65
2026;CADETES MASCULINO;Fase Regular;Torneo Clasificacion;CLASIFICACION;OESTE;3C;8;10/05/2026;DEFENSORES DE HURLINGHAM A;71;SAN MIGUEL B;58
2026;CADETES MASCULINO;Fase Regular;Torneo Clasificacion;CLASIFICACION;OESTE;3C;8;10/05/2026;EL PORVENIR;30;UNIVERSIDAD DE LA MATANZA;69
2026;CADETES MASCULINO;Fase Regular;Torneo Clasificacion;CLASIFICACION;OESTE;3C;8;10/05/2026;HURACAN DE SAN JUSTO A;93;MIDLAND;55
2026;CADETES MASCULINO;Fase Regular;Torneo Clasificacion;CLASIFICACION;OESTE;3C;9;17/05/2026;SAN MIGUEL B;59;MIDLAND;57
2026;CADETES MASCULINO;Fase Regular;Torneo Clasificacion;CLASIFICACION;OESTE;3C;9;17/05/2026;UNIVERSIDAD DE LA MATANZA;39;HURACAN DE SAN JUSTO A;71
2026;CADETES MASCULINO;Fase Regular;Torneo Clasificacion;CLASIFICACION;OESTE;3C;9;17/05/2026;INSTITUCION SARMIENTO A;84;EL PORVENIR;26
2026;CADETES MASCULINO;Fase Regular;Torneo Clasificacion;CLASIFICACION;OESTE;3C;10;24/05/2026;EL PORVENIR;21;DEFENSORES DE HURLINGHAM A;76
2026;CADETES MASCULINO;Fase Regular;Torneo Clasificacion;CLASIFICACION;OESTE;3C;10;24/05/2026;HURACAN DE SAN JUSTO A;75;INSTITUCION SARMIENTO A;65
2026;CADETES MASCULINO;Fase Regular;Torneo Clasificacion;CLASIFICACION;OESTE;3C;10;24/05/2026;MIDLAND;63;UNIVERSIDAD DE LA MATANZA;51
2026;CADETES MASCULINO;Fase Regular;Torneo Clasificacion;CLASIFICACION;SUR;3C;1;15/03/2026;GIMNASIA Y ESGRIMA DE LA PLATA A;71;LANUS A;66
2026;CADETES MASCULINO;Fase Regular;Torneo Clasificacion;CLASIFICACION;SUR;3C;1;15/03/2026;INDEPENDIENTE de BURZACO;57;TEMPERLEY;68
2026;CADETES MASCULINO;Fase Regular;Torneo Clasificacion;CLASIFICACION;SUR;3C;1;15/03/2026;RACING CLUB;76;UNION VILLEGAS;52
2026;CADETES MASCULINO;Fase Regular;Torneo Clasificacion;CLASIFICACION;SUR;3C;1;15/03/2026;CAÑUELAS FC;44;BOCA JUNIORS B;40
2026;CADETES MASCULINO;Fase Regular;Torneo Clasificacion;CLASIFICACION;SUR;3C;2;22/03/2026;CAÑUELAS FC;11;GIMNASIA Y ESGRIMA DE LA PLATA A;94
2026;CADETES MASCULINO;Fase Regular;Torneo Clasificacion;CLASIFICACION;SUR;3C;2;22/03/2026;BOCA JUNIORS B;33;RACING CLUB;61
2026;CADETES MASCULINO;Fase Regular;Torneo Clasificacion;CLASIFICACION;SUR;3C;2;22/03/2026;UNION VILLEGAS;72;INDEPENDIENTE de BURZACO;64
2026;CADETES MASCULINO;Fase Regular;Torneo Clasificacion;CLASIFICACION;SUR;3C;2;22/03/2026;TEMPERLEY;34;LANUS A;58
2026;CADETES MASCULINO;Fase Regular;Torneo Clasificacion;CLASIFICACION;SUR;3C;3;29/03/2026;GIMNASIA Y ESGRIMA DE LA PLATA A;72;TEMPERLEY;46
2026;CADETES MASCULINO;Fase Regular;Torneo Clasificacion;CLASIFICACION;SUR;3C;3;29/03/2026;LANUS A;78;UNION VILLEGAS;27
2026;CADETES MASCULINO;Fase Regular;Torneo Clasificacion;CLASIFICACION;SUR;3C;3;29/03/2026;INDEPENDIENTE de BURZACO;55;BOCA JUNIORS B;42
2026;CADETES MASCULINO;Fase Regular;Torneo Clasificacion;CLASIFICACION;SUR;3C;3;29/03/2026;RACING CLUB;60;CAÑUELAS FC;42
2026;CADETES MASCULINO;Fase Regular;Torneo Clasificacion;CLASIFICACION;SUR;3C;4;12/04/2026;RACING CLUB;37;GIMNASIA Y ESGRIMA DE LA PLATA A;74
2026;CADETES MASCULINO;Fase Regular;Torneo Clasificacion;CLASIFICACION;SUR;3C;4;12/04/2026;CAÑUELAS FC;45;INDEPENDIENTE de BURZACO;61
2026;CADETES MASCULINO;Fase Regular;Torneo Clasificacion;CLASIFICACION;SUR;3C;4;12/04/2026;BOCA JUNIORS B;35;LANUS A;76
2026;CADETES MASCULINO;Fase Regular;Torneo Clasificacion;CLASIFICACION;SUR;3C;4;12/04/2026;UNION VILLEGAS;55;TEMPERLEY;65
2026;CADETES MASCULINO;Fase Regular;Torneo Clasificacion;CLASIFICACION;SUR;3C;5;19/04/2026;GIMNASIA Y ESGRIMA DE LA PLATA A;119;UNION VILLEGAS;42
2026;CADETES MASCULINO;Fase Regular;Torneo Clasificacion;CLASIFICACION;SUR;3C;5;19/04/2026;TEMPERLEY;71;BOCA JUNIORS B;55
2026;CADETES MASCULINO;Fase Regular;Torneo Clasificacion;CLASIFICACION;SUR;3C;5;19/04/2026;LANUS A;100;CAÑUELAS FC;28
2026;CADETES MASCULINO;Fase Regular;Torneo Clasificacion;CLASIFICACION;SUR;3C;5;19/04/2026;INDEPENDIENTE de BURZACO;45;RACING CLUB;84
2026;CADETES MASCULINO;Fase Regular;Torneo Clasificacion;CLASIFICACION;SUR;3C;6;26/04/2026;INDEPENDIENTE de BURZACO;33;GIMNASIA Y ESGRIMA DE LA PLATA A;106
2026;CADETES MASCULINO;Fase Regular;Torneo Clasificacion;CLASIFICACION;SUR;3C;6;26/04/2026;RACING CLUB;41;LANUS A;66
2026;CADETES MASCULINO;Fase Regular;Torneo Clasificacion;CLASIFICACION;SUR;3C;6;26/04/2026;CAÑUELAS FC;44;TEMPERLEY;57
2026;CADETES MASCULINO;Fase Regular;Torneo Clasificacion;CLASIFICACION;SUR;3C;6;26/04/2026;BOCA JUNIORS B;53;UNION VILLEGAS;56
2026;CADETES MASCULINO;Fase Regular;Torneo Clasificacion;CLASIFICACION;SUR;3C;7;03/05/2026;GIMNASIA Y ESGRIMA DE LA PLATA A;91;BOCA JUNIORS B;22
2026;CADETES MASCULINO;Fase Regular;Torneo Clasificacion;CLASIFICACION;SUR;3C;7;03/05/2026;UNION VILLEGAS;68;CAÑUELAS FC;35
2026;CADETES MASCULINO;Fase Regular;Torneo Clasificacion;CLASIFICACION;SUR;3C;7;03/05/2026;TEMPERLEY;66;RACING CLUB;50
2026;CADETES MASCULINO;Fase Regular;Torneo Clasificacion;CLASIFICACION;SUR;3C;7;03/05/2026;LANUS A;103;INDEPENDIENTE de BURZACO;52
2026;CADETES MASCULINO;Fase Regular;Torneo Clasificacion;CLASIFICACION;SUR;3C;8;10/05/2026;LANUS A;51;GIMNASIA Y ESGRIMA DE LA PLATA A;69
2026;CADETES MASCULINO;Fase Regular;Torneo Clasificacion;CLASIFICACION;SUR;3C;8;10/05/2026;TEMPERLEY;70;INDEPENDIENTE de BURZACO;53
2026;CADETES MASCULINO;Fase Regular;Torneo Clasificacion;CLASIFICACION;SUR;3C;8;10/05/2026;UNION VILLEGAS;64;RACING CLUB;70
2026;CADETES MASCULINO;Fase Regular;Torneo Clasificacion;CLASIFICACION;SUR;3C;8;10/05/2026;BOCA JUNIORS B;54;CAÑUELAS FC;23
2026;CADETES MASCULINO;Fase Regular;Torneo Clasificacion;CLASIFICACION;SUR;3C;9;17/05/2026;GIMNASIA Y ESGRIMA DE LA PLATA A;103;CAÑUELAS FC;14
2026;CADETES MASCULINO;Fase Regular;Torneo Clasificacion;CLASIFICACION;SUR;3C;9;17/05/2026;RACING CLUB;57;BOCA JUNIORS B;35
2026;CADETES MASCULINO;Fase Regular;Torneo Clasificacion;CLASIFICACION;SUR;3C;9;17/05/2026;INDEPENDIENTE de BURZACO;67;UNION VILLEGAS;60
2026;CADETES MASCULINO;Fase Regular;Torneo Clasificacion;CLASIFICACION;SUR;3C;9;17/05/2026;LANUS A;89;TEMPERLEY;57
2026;CADETES MASCULINO;Fase Regular;Torneo Clasificacion;CLASIFICACION;SUR;3C;10;24/05/2026;TEMPERLEY;53;GIMNASIA Y ESGRIMA DE LA PLATA A;78
2026;CADETES MASCULINO;Fase Regular;Torneo Clasificacion;CLASIFICACION;SUR;3C;10;24/05/2026;UNION VILLEGAS;47;LANUS A;82
2026;CADETES MASCULINO;Fase Regular;Torneo Clasificacion;CLASIFICACION;SUR;3C;10;24/05/2026;BOCA JUNIORS B;55;INDEPENDIENTE de BURZACO;50
2026;CADETES MASCULINO;Fase Regular;Torneo Clasificacion;CLASIFICACION;SUR;3C;10;24/05/2026;CAÑUELAS FC;37;RACING CLUB;57
2026;INFANTILES MASCULINO;Fase Regular;Torneo Reclasificatorio;RECLASIFICACION;CENTRO;2A;1;15/03/2026;JOSE HERNANDEZ B;35;RACING ANEXO;51
2026;INFANTILES MASCULINO;Fase Regular;Torneo Reclasificatorio;RECLASIFICACION;CENTRO;2A;1;15/03/2026;PEDRO ECHAGUE B;0;ALDO BONZI;20
2026;INFANTILES MASCULINO;Fase Regular;Torneo Reclasificatorio;RECLASIFICACION;CENTRO;2A;1;15/03/2026;NAUTICO BUCHARDO B;19;DEPORTIVO CROVARA B;36
2026;INFANTILES MASCULINO;Fase Regular;Torneo Reclasificatorio;RECLASIFICACION;CENTRO;2A;1;15/03/2026;NUEVA CHICAGO;0;ITALIANO B;20
2026;INFANTILES MASCULINO;Fase Regular;Torneo Reclasificatorio;RECLASIFICACION;CENTRO;2A;1;15/03/2026;JUVENCIA;69;IMPERIO B;38
2026;INFANTILES MASCULINO;Fase Regular;Torneo Reclasificatorio;RECLASIFICACION;CENTRO;2A;2;22/03/2026;JUVENCIA;52;JOSE HERNANDEZ B;36
2026;INFANTILES MASCULINO;Fase Regular;Torneo Reclasificatorio;RECLASIFICACION;CENTRO;2A;2;22/03/2026;IMPERIO B;20;NUEVA CHICAGO;0
2026;INFANTILES MASCULINO;Fase Regular;Torneo Reclasificatorio;RECLASIFICACION;CENTRO;2A;2;22/03/2026;ITALIANO B;20;NAUTICO BUCHARDO B;0
2026;INFANTILES MASCULINO;Fase Regular;Torneo Reclasificatorio;RECLASIFICACION;CENTRO;2A;2;22/03/2026;DEPORTIVO CROVARA B;36;PEDRO ECHAGUE B;34
2026;INFANTILES MASCULINO;Fase Regular;Torneo Reclasificatorio;RECLASIFICACION;CENTRO;2A;2;22/03/2026;ALDO BONZI;9;RACING ANEXO;61
2026;INFANTILES MASCULINO;Fase Regular;Torneo Reclasificatorio;RECLASIFICACION;CENTRO;2A;3;29/03/2026;JOSE HERNANDEZ B;51;ALDO BONZI;19
2026;INFANTILES MASCULINO;Fase Regular;Torneo Reclasificatorio;RECLASIFICACION;CENTRO;2A;3;29/03/2026;RACING ANEXO;85;DEPORTIVO CROVARA B;15
2026;INFANTILES MASCULINO;Fase Regular;Torneo Reclasificatorio;RECLASIFICACION;CENTRO;2A;3;29/03/2026;PEDRO ECHAGUE B;61;ITALIANO B;5
2026;INFANTILES MASCULINO;Fase Regular;Torneo Reclasificatorio;RECLASIFICACION;CENTRO;2A;3;29/03/2026;NAUTICO BUCHARDO B;20;IMPERIO B;0
2026;INFANTILES MASCULINO;Fase Regular;Torneo Reclasificatorio;RECLASIFICACION;CENTRO;2A;3;29/03/2026;NUEVA CHICAGO;0;JUVENCIA;20
2026;INFANTILES MASCULINO;Fase Regular;Torneo Reclasificatorio;RECLASIFICACION;CENTRO;2A;4;12/04/2026;NUEVA CHICAGO;0;JOSE HERNANDEZ B;20
2026;INFANTILES MASCULINO;Fase Regular;Torneo Reclasificatorio;RECLASIFICACION;CENTRO;2A;4;12/04/2026;JUVENCIA;72;NAUTICO BUCHARDO B;14
2026;INFANTILES MASCULINO;Fase Regular;Torneo Reclasificatorio;RECLASIFICACION;CENTRO;2A;4;12/04/2026;IMPERIO B;40;PEDRO ECHAGUE B;44
2026;INFANTILES MASCULINO;Fase Regular;Torneo Reclasificatorio;RECLASIFICACION;CENTRO;2A;4;12/04/2026;ITALIANO B;8;RACING ANEXO;85
2026;INFANTILES MASCULINO;Fase Regular;Torneo Reclasificatorio;RECLASIFICACION;CENTRO;2A;4;12/04/2026;DEPORTIVO CROVARA B;43;ALDO BONZI;21
2026;INFANTILES MASCULINO;Fase Regular;Torneo Reclasificatorio;RECLASIFICACION;CENTRO;2A;5;19/04/2026;JOSE HERNANDEZ B;53;DEPORTIVO CROVARA B;33
2026;INFANTILES MASCULINO;Fase Regular;Torneo Reclasificatorio;RECLASIFICACION;CENTRO;2A;5;19/04/2026;ALDO BONZI;54;ITALIANO B;40
2026;INFANTILES MASCULINO;Fase Regular;Torneo Reclasificatorio;RECLASIFICACION;CENTRO;2A;5;19/04/2026;RACING ANEXO;58;IMPERIO B;51
2026;INFANTILES MASCULINO;Fase Regular;Torneo Reclasificatorio;RECLASIFICACION;CENTRO;2A;5;19/04/2026;PEDRO ECHAGUE B;26;JUVENCIA;30
2026;INFANTILES MASCULINO;Fase Regular;Torneo Reclasificatorio;RECLASIFICACION;CENTRO;2A;5;19/04/2026;NAUTICO BUCHARDO B;20;NUEVA CHICAGO;0
2026;INFANTILES MASCULINO;Fase Regular;Torneo Reclasificatorio;RECLASIFICACION;CENTRO;2A;6;26/04/2026;NAUTICO BUCHARDO B;6;JOSE HERNANDEZ B;40
2026;INFANTILES MASCULINO;Fase Regular;Torneo Reclasificatorio;RECLASIFICACION;CENTRO;2A;6;26/04/2026;NUEVA CHICAGO;0;PEDRO ECHAGUE B;20
2026;INFANTILES MASCULINO;Fase Regular;Torneo Reclasificatorio;RECLASIFICACION;CENTRO;2A;6;26/04/2026;JUVENCIA;47;RACING ANEXO;40
2026;INFANTILES MASCULINO;Fase Regular;Torneo Reclasificatorio;RECLASIFICACION;CENTRO;2A;6;26/04/2026;IMPERIO B;56;ALDO BONZI;36
2026;INFANTILES MASCULINO;Fase Regular;Torneo Reclasificatorio;RECLASIFICACION;CENTRO;2A;6;26/04/2026;ITALIANO B;25;DEPORTIVO CROVARA B;67
2026;INFANTILES MASCULINO;Fase Regular;Torneo Reclasificatorio;RECLASIFICACION;CENTRO;2A;7;03/05/2026;JOSE HERNANDEZ B;96;ITALIANO B;10
2026;INFANTILES MASCULINO;Fase Regular;Torneo Reclasificatorio;RECLASIFICACION;CENTRO;2A;7;03/05/2026;DEPORTIVO CROVARA B;37;IMPERIO B;43
2026;INFANTILES MASCULINO;Fase Regular;Torneo Reclasificatorio;RECLASIFICACION;CENTRO;2A;7;03/05/2026;ALDO BONZI;20;JUVENCIA;73
2026;INFANTILES MASCULINO;Fase Regular;Torneo Reclasificatorio;RECLASIFICACION;CENTRO;2A;7;03/05/2026;RACING ANEXO;20;NUEVA CHICAGO;0
2026;INFANTILES MASCULINO;Fase Regular;Torneo Reclasificatorio;RECLASIFICACION;CENTRO;2A;7;03/05/2026;PEDRO ECHAGUE B;68;NAUTICO BUCHARDO B;8
2026;INFANTILES MASCULINO;Fase Regular;Torneo Reclasificatorio;RECLASIFICACION;CENTRO;2A;8;10/05/2026;PEDRO ECHAGUE B;40;JOSE HERNANDEZ B;46
2026;INFANTILES MASCULINO;Fase Regular;Torneo Reclasificatorio;RECLASIFICACION;CENTRO;2A;8;10/05/2026;NAUTICO BUCHARDO B;8;RACING ANEXO;49
2026;INFANTILES MASCULINO;Fase Regular;Torneo Reclasificatorio;RECLASIFICACION;CENTRO;2A;8;10/05/2026;NUEVA CHICAGO;0;ALDO BONZI;20
2026;INFANTILES MASCULINO;Fase Regular;Torneo Reclasificatorio;RECLASIFICACION;CENTRO;2A;8;10/05/2026;JUVENCIA;76;DEPORTIVO CROVARA B;29
2026;INFANTILES MASCULINO;Fase Regular;Torneo Reclasificatorio;RECLASIFICACION;CENTRO;2A;8;10/05/2026;IMPERIO B;74;ITALIANO B;9
2026;INFANTILES MASCULINO;Fase Regular;Torneo Reclasificatorio;RECLASIFICACION;CENTRO;2A;9;17/05/2026;JOSE HERNANDEZ B;51;IMPERIO B;37
2026;INFANTILES MASCULINO;Fase Regular;Torneo Reclasificatorio;RECLASIFICACION;CENTRO;2A;9;17/05/2026;ITALIANO B;15;JUVENCIA;69
2026;INFANTILES MASCULINO;Fase Regular;Torneo Reclasificatorio;RECLASIFICACION;CENTRO;2A;9;17/05/2026;DEPORTIVO CROVARA B;20;NUEVA CHICAGO;0
2026;INFANTILES MASCULINO;Fase Regular;Torneo Reclasificatorio;RECLASIFICACION;CENTRO;2A;9;17/05/2026;ALDO BONZI;38;NAUTICO BUCHARDO B;20
2026;INFANTILES MASCULINO;Fase Regular;Torneo Reclasificatorio;RECLASIFICACION;CENTRO;2A;9;17/05/2026;RACING ANEXO;76;PEDRO ECHAGUE B;19
2026;INFANTILES MASCULINO;Fase Regular;Torneo Reclasificatorio;RECLASIFICACION;CENTRO;2A;10;24/05/2026;RACING ANEXO;55;JOSE HERNANDEZ B;25
2026;INFANTILES MASCULINO;Fase Regular;Torneo Reclasificatorio;RECLASIFICACION;CENTRO;2A;10;24/05/2026;ALDO BONZI;24;PEDRO ECHAGUE B;50
2026;INFANTILES MASCULINO;Fase Regular;Torneo Reclasificatorio;RECLASIFICACION;CENTRO;2A;10;24/05/2026;DEPORTIVO CROVARA B;30;NAUTICO BUCHARDO B;18
2026;INFANTILES MASCULINO;Fase Regular;Torneo Reclasificatorio;RECLASIFICACION;CENTRO;2A;10;24/05/2026;ITALIANO B;20;NUEVA CHICAGO;0
2026;INFANTILES MASCULINO;Fase Regular;Torneo Reclasificatorio;RECLASIFICACION;CENTRO;2A;10;24/05/2026;IMPERIO B;35;JUVENCIA;48
2026;INFANTILES MASCULINO;Fase Regular;Torneo Reclasificatorio;RECLASIFICACION;CENTRO;2B;1;15/03/2026;ALL BOYS B;20;ALL BOYS DE SAAVEDRA;0
2026;INFANTILES MASCULINO;Fase Regular;Torneo Reclasificatorio;RECLASIFICACION;CENTRO;2B;1;15/03/2026;SAN LORENZO B;19;CIRCULO URQUIZA A;38
2026;INFANTILES MASCULINO;Fase Regular;Torneo Reclasificatorio;RECLASIFICACION;CENTRO;2B;1;15/03/2026;DEPORTIVO SAN ANDRES;65;CLUB ATLETICO HURACAN DE PARQUE PATRICIOS;37
2026;INFANTILES MASCULINO;Fase Regular;Torneo Reclasificatorio;RECLASIFICACION;CENTRO;2B;1;15/03/2026;GEBA;74;MACABI;24
2026;INFANTILES MASCULINO;Fase Regular;Torneo Reclasificatorio;RECLASIFICACION;CENTRO;2B;1;15/03/2026;ARGENTINOS JUNIORS;39;COMUNICACIONES B;37
2026;INFANTILES MASCULINO;Fase Regular;Torneo Reclasificatorio;RECLASIFICACION;CENTRO;2B;2;22/03/2026;ARGENTINOS JUNIORS;52;ALL BOYS B;13
2026;INFANTILES MASCULINO;Fase Regular;Torneo Reclasificatorio;RECLASIFICACION;CENTRO;2B;2;22/03/2026;COMUNICACIONES B;14;GEBA;79
2026;INFANTILES MASCULINO;Fase Regular;Torneo Reclasificatorio;RECLASIFICACION;CENTRO;2B;2;22/03/2026;MACABI;35;DEPORTIVO SAN ANDRES;53
2026;INFANTILES MASCULINO;Fase Regular;Torneo Reclasificatorio;RECLASIFICACION;CENTRO;2B;2;22/03/2026;CLUB ATLETICO HURACAN DE PARQUE PATRICIOS;51;SAN LORENZO B;28
2026;INFANTILES MASCULINO;Fase Regular;Torneo Reclasificatorio;RECLASIFICACION;CENTRO;2B;2;22/03/2026;CIRCULO URQUIZA A;42;ALL BOYS DE SAAVEDRA;31
2026;INFANTILES MASCULINO;Fase Regular;Torneo Reclasificatorio;RECLASIFICACION;CENTRO;2B;3;29/03/2026;ALL BOYS B;0;CIRCULO URQUIZA A;20
2026;INFANTILES MASCULINO;Fase Regular;Torneo Reclasificatorio;RECLASIFICACION;CENTRO;2B;3;29/03/2026;ALL BOYS DE SAAVEDRA;34;CLUB ATLETICO HURACAN DE PARQUE PATRICIOS;40
2026;INFANTILES MASCULINO;Fase Regular;Torneo Reclasificatorio;RECLASIFICACION;CENTRO;2B;3;29/03/2026;SAN LORENZO B;29;MACABI;59
2026;INFANTILES MASCULINO;Fase Regular;Torneo Reclasificatorio;RECLASIFICACION;CENTRO;2B;3;29/03/2026;DEPORTIVO SAN ANDRES;82;COMUNICACIONES B;29
2026;INFANTILES MASCULINO;Fase Regular;Torneo Reclasificatorio;RECLASIFICACION;CENTRO;2B;3;29/03/2026;GEBA;73;ARGENTINOS JUNIORS;28
2026;INFANTILES MASCULINO;Fase Regular;Torneo Reclasificatorio;RECLASIFICACION;CENTRO;2B;4;12/04/2026;GEBA;114;ALL BOYS B;7
2026;INFANTILES MASCULINO;Fase Regular;Torneo Reclasificatorio;RECLASIFICACION;CENTRO;2B;4;12/04/2026;ARGENTINOS JUNIORS;41;DEPORTIVO SAN ANDRES;55
2026;INFANTILES MASCULINO;Fase Regular;Torneo Reclasificatorio;RECLASIFICACION;CENTRO;2B;4;12/04/2026;COMUNICACIONES B;53;SAN LORENZO B;18
2026;INFANTILES MASCULINO;Fase Regular;Torneo Reclasificatorio;RECLASIFICACION;CENTRO;2B;4;12/04/2026;MACABI;62;ALL BOYS DE SAAVEDRA;35
2026;INFANTILES MASCULINO;Fase Regular;Torneo Reclasificatorio;RECLASIFICACION;CENTRO;2B;4;12/04/2026;CLUB ATLETICO HURACAN DE PARQUE PATRICIOS;32;CIRCULO URQUIZA A;30
2026;INFANTILES MASCULINO;Fase Regular;Torneo Reclasificatorio;RECLASIFICACION;CENTRO;2B;5;19/04/2026;ALL BOYS B;17;CLUB ATLETICO HURACAN DE PARQUE PATRICIOS;49
2026;INFANTILES MASCULINO;Fase Regular;Torneo Reclasificatorio;RECLASIFICACION;CENTRO;2B;5;19/04/2026;CIRCULO URQUIZA A;51;MACABI;54
2026;INFANTILES MASCULINO;Fase Regular;Torneo Reclasificatorio;RECLASIFICACION;CENTRO;2B;5;19/04/2026;ALL BOYS DE SAAVEDRA;15;COMUNICACIONES B;57
2026;INFANTILES MASCULINO;Fase Regular;Torneo Reclasificatorio;RECLASIFICACION;CENTRO;2B;5;19/04/2026;SAN LORENZO B;18;ARGENTINOS JUNIORS;57
2026;INFANTILES MASCULINO;Fase Regular;Torneo Reclasificatorio;RECLASIFICACION;CENTRO;2B;5;19/04/2026;DEPORTIVO SAN ANDRES;56;GEBA;88
2026;INFANTILES MASCULINO;Fase Regular;Torneo Reclasificatorio;RECLASIFICACION;CENTRO;2B;6;26/04/2026;DEPORTIVO SAN ANDRES;87;ALL BOYS B;11
2026;INFANTILES MASCULINO;Fase Regular;Torneo Reclasificatorio;RECLASIFICACION;CENTRO;2B;6;26/04/2026;GEBA;81;SAN LORENZO B;15
2026;INFANTILES MASCULINO;Fase Regular;Torneo Reclasificatorio;RECLASIFICACION;CENTRO;2B;6;26/04/2026;ARGENTINOS JUNIORS;56;ALL BOYS DE SAAVEDRA;16
2026;INFANTILES MASCULINO;Fase Regular;Torneo Reclasificatorio;RECLASIFICACION;CENTRO;2B;6;26/04/2026;COMUNICACIONES B;40;CIRCULO URQUIZA A;45
2026;INFANTILES MASCULINO;Fase Regular;Torneo Reclasificatorio;RECLASIFICACION;CENTRO;2B;6;26/04/2026;MACABI;67;CLUB ATLETICO HURACAN DE PARQUE PATRICIOS;25
2026;INFANTILES MASCULINO;Fase Regular;Torneo Reclasificatorio;RECLASIFICACION;CENTRO;2B;7;03/05/2026;ALL BOYS B;35;MACABI;68
2026;INFANTILES MASCULINO;Fase Regular;Torneo Reclasificatorio;RECLASIFICACION;CENTRO;2B;7;03/05/2026;CLUB ATLETICO HURACAN DE PARQUE PATRICIOS;33;COMUNICACIONES B;51
2026;INFANTILES MASCULINO;Fase Regular;Torneo Reclasificatorio;RECLASIFICACION;CENTRO;2B;7;03/05/2026;CIRCULO URQUIZA A;34;ARGENTINOS JUNIORS;42
2026;INFANTILES MASCULINO;Fase Regular;Torneo Reclasificatorio;RECLASIFICACION;CENTRO;2B;7;03/05/2026;ALL BOYS DE SAAVEDRA;10;GEBA;53
2026;INFANTILES MASCULINO;Fase Regular;Torneo Reclasificatorio;RECLASIFICACION;CENTRO;2B;7;03/05/2026;SAN LORENZO B;19;DEPORTIVO SAN ANDRES;66
2026;INFANTILES MASCULINO;Fase Regular;Torneo Reclasificatorio;RECLASIFICACION;CENTRO;2B;8;10/05/2026;SAN LORENZO B;42;ALL BOYS B;25
2026;INFANTILES MASCULINO;Fase Regular;Torneo Reclasificatorio;RECLASIFICACION;CENTRO;2B;8;10/05/2026;DEPORTIVO SAN ANDRES;89;ALL BOYS DE SAAVEDRA;30
2026;INFANTILES MASCULINO;Fase Regular;Torneo Reclasificatorio;RECLASIFICACION;CENTRO;2B;8;10/05/2026;GEBA;72;CIRCULO URQUIZA A;16
2026;INFANTILES MASCULINO;Fase Regular;Torneo Reclasificatorio;RECLASIFICACION;CENTRO;2B;8;10/05/2026;ARGENTINOS JUNIORS;37;CLUB ATLETICO HURACAN DE PARQUE PATRICIOS;27
2026;INFANTILES MASCULINO;Fase Regular;Torneo Reclasificatorio;RECLASIFICACION;CENTRO;2B;8;10/05/2026;COMUNICACIONES B;47;MACABI;52
2026;INFANTILES MASCULINO;Fase Regular;Torneo Reclasificatorio;RECLASIFICACION;CENTRO;2B;9;17/05/2026;ALL BOYS B;19;COMUNICACIONES B;66
2026;INFANTILES MASCULINO;Fase Regular;Torneo Reclasificatorio;RECLASIFICACION;CENTRO;2B;9;17/05/2026;MACABI;33;ARGENTINOS JUNIORS;56
2026;INFANTILES MASCULINO;Fase Regular;Torneo Reclasificatorio;RECLASIFICACION;CENTRO;2B;9;17/05/2026;CLUB ATLETICO HURACAN DE PARQUE PATRICIOS;6;GEBA;74
2026;INFANTILES MASCULINO;Fase Regular;Torneo Reclasificatorio;RECLASIFICACION;CENTRO;2B;9;17/05/2026;CIRCULO URQUIZA A;28;DEPORTIVO SAN ANDRES;64
2026;INFANTILES MASCULINO;Fase Regular;Torneo Reclasificatorio;RECLASIFICACION;CENTRO;2B;9;17/05/2026;ALL BOYS DE SAAVEDRA;56;SAN LORENZO B;15
2026;INFANTILES MASCULINO;Fase Regular;Torneo Reclasificatorio;RECLASIFICACION;CENTRO;2B;10;24/05/2026;ALL BOYS DE SAAVEDRA;36;ALL BOYS B;33
2026;INFANTILES MASCULINO;Fase Regular;Torneo Reclasificatorio;RECLASIFICACION;CENTRO;2B;10;24/05/2026;CIRCULO URQUIZA A;20;SAN LORENZO B;0
2026;INFANTILES MASCULINO;Fase Regular;Torneo Reclasificatorio;RECLASIFICACION;CENTRO;2B;10;24/05/2026;CLUB ATLETICO HURACAN DE PARQUE PATRICIOS;33;DEPORTIVO SAN ANDRES;71
2026;INFANTILES MASCULINO;Fase Regular;Torneo Reclasificatorio;RECLASIFICACION;CENTRO;2B;10;24/05/2026;MACABI;41;GEBA;95
2026;INFANTILES MASCULINO;Fase Regular;Torneo Reclasificatorio;RECLASIFICACION;CENTRO;2B;10;24/05/2026;COMUNICACIONES B;58;ARGENTINOS JUNIORS;42
2026;INFANTILES MASCULINO;Fase Regular;Torneo Reclasificatorio;RECLASIFICACION;NORTE;2A;1;15/03/2026;HEBRAICA;36;LAS HERAS A;41
2026;INFANTILES MASCULINO;Fase Regular;Torneo Reclasificatorio;RECLASIFICACION;NORTE;2A;1;15/03/2026;CIUDAD DE BUENOS AIRES B;28;17 DE AGOSTO;56
2026;INFANTILES MASCULINO;Fase Regular;Torneo Reclasificatorio;RECLASIFICACION;NORTE;2A;1;15/03/2026;COLEGIALES B;39;PINOCHO C;30
2026;INFANTILES MASCULINO;Fase Regular;Torneo Reclasificatorio;RECLASIFICACION;NORTE;2A;1;15/03/2026;NAUTICO HACOAJ B;20;HARRODS GATH Y CHAVES;80
2026;INFANTILES MASCULINO;Fase Regular;Torneo Reclasificatorio;RECLASIFICACION;NORTE;2A;2;22/03/2026;NAUTICO HACOAJ B;28;HEBRAICA;51
2026;INFANTILES MASCULINO;Fase Regular;Torneo Reclasificatorio;RECLASIFICACION;NORTE;2A;2;22/03/2026;HARRODS GATH Y CHAVES;88;COLEGIALES B;9
2026;INFANTILES MASCULINO;Fase Regular;Torneo Reclasificatorio;RECLASIFICACION;NORTE;2A;2;22/03/2026;PINOCHO C;23;CIUDAD DE BUENOS AIRES B;62
2026;INFANTILES MASCULINO;Fase Regular;Torneo Reclasificatorio;RECLASIFICACION;NORTE;2A;2;22/03/2026;17 DE AGOSTO;88;LAS HERAS A;7
2026;INFANTILES MASCULINO;Fase Regular;Torneo Reclasificatorio;RECLASIFICACION;NORTE;2A;3;29/03/2026;HEBRAICA;18;17 DE AGOSTO;62
2026;INFANTILES MASCULINO;Fase Regular;Torneo Reclasificatorio;RECLASIFICACION;NORTE;2A;3;29/03/2026;LAS HERAS A;80;PINOCHO C;33
2026;INFANTILES MASCULINO;Fase Regular;Torneo Reclasificatorio;RECLASIFICACION;NORTE;2A;3;29/03/2026;CIUDAD DE BUENOS AIRES B;28;HARRODS GATH Y CHAVES;69
2026;INFANTILES MASCULINO;Fase Regular;Torneo Reclasificatorio;RECLASIFICACION;NORTE;2A;3;29/03/2026;COLEGIALES B;37;NAUTICO HACOAJ B;48
2026;INFANTILES MASCULINO;Fase Regular;Torneo Reclasificatorio;RECLASIFICACION;NORTE;2A;4;12/04/2026;COLEGIALES B;15;HEBRAICA;72
2026;INFANTILES MASCULINO;Fase Regular;Torneo Reclasificatorio;RECLASIFICACION;NORTE;2A;4;12/04/2026;NAUTICO HACOAJ B;34;CIUDAD DE BUENOS AIRES B;53
2026;INFANTILES MASCULINO;Fase Regular;Torneo Reclasificatorio;RECLASIFICACION;NORTE;2A;4;12/04/2026;HARRODS GATH Y CHAVES;73;LAS HERAS A;37
2026;INFANTILES MASCULINO;Fase Regular;Torneo Reclasificatorio;RECLASIFICACION;NORTE;2A;4;12/04/2026;PINOCHO C;24;17 DE AGOSTO;102
2026;INFANTILES MASCULINO;Fase Regular;Torneo Reclasificatorio;RECLASIFICACION;NORTE;2A;5;19/04/2026;HEBRAICA;49;PINOCHO C;32
2026;INFANTILES MASCULINO;Fase Regular;Torneo Reclasificatorio;RECLASIFICACION;NORTE;2A;5;19/04/2026;17 DE AGOSTO;70;HARRODS GATH Y CHAVES;33
2026;INFANTILES MASCULINO;Fase Regular;Torneo Reclasificatorio;RECLASIFICACION;NORTE;2A;5;19/04/2026;LAS HERAS A;0;NAUTICO HACOAJ B;20
2026;INFANTILES MASCULINO;Fase Regular;Torneo Reclasificatorio;RECLASIFICACION;NORTE;2A;5;19/04/2026;CIUDAD DE BUENOS AIRES B;63;COLEGIALES B;10
2026;INFANTILES MASCULINO;Fase Regular;Torneo Reclasificatorio;RECLASIFICACION;NORTE;2A;6;26/04/2026;CIUDAD DE BUENOS AIRES B;49;HEBRAICA;43
2026;INFANTILES MASCULINO;Fase Regular;Torneo Reclasificatorio;RECLASIFICACION;NORTE;2A;6;26/04/2026;COLEGIALES B;10;LAS HERAS A;59
2026;INFANTILES MASCULINO;Fase Regular;Torneo Reclasificatorio;RECLASIFICACION;NORTE;2A;6;26/04/2026;NAUTICO HACOAJ B;15;17 DE AGOSTO;96
2026;INFANTILES MASCULINO;Fase Regular;Torneo Reclasificatorio;RECLASIFICACION;NORTE;2A;6;26/04/2026;HARRODS GATH Y CHAVES;63;PINOCHO C;16
2026;INFANTILES MASCULINO;Fase Regular;Torneo Reclasificatorio;RECLASIFICACION;NORTE;2A;7;03/05/2026;HEBRAICA;14;HARRODS GATH Y CHAVES;77
2026;INFANTILES MASCULINO;Fase Regular;Torneo Reclasificatorio;RECLASIFICACION;NORTE;2A;7;03/05/2026;PINOCHO C;48;NAUTICO HACOAJ B;38
2026;INFANTILES MASCULINO;Fase Regular;Torneo Reclasificatorio;RECLASIFICACION;NORTE;2A;7;03/05/2026;17 DE AGOSTO;76;COLEGIALES B;6
2026;INFANTILES MASCULINO;Fase Regular;Torneo Reclasificatorio;RECLASIFICACION;NORTE;2A;7;03/05/2026;LAS HERAS A;54;CIUDAD DE BUENOS AIRES B;25
2026;INFANTILES MASCULINO;Fase Regular;Torneo Reclasificatorio;RECLASIFICACION;NORTE;2A;8;10/05/2026;LAS HERAS A;80;HEBRAICA;20
2026;INFANTILES MASCULINO;Fase Regular;Torneo Reclasificatorio;RECLASIFICACION;NORTE;2A;8;10/05/2026;17 DE AGOSTO;103;CIUDAD DE BUENOS AIRES B;37
2026;INFANTILES MASCULINO;Fase Regular;Torneo Reclasificatorio;RECLASIFICACION;NORTE;2A;8;10/05/2026;PINOCHO C;71;COLEGIALES B;31
2026;INFANTILES MASCULINO;Fase Regular;Torneo Reclasificatorio;RECLASIFICACION;NORTE;2A;8;10/05/2026;HARRODS GATH Y CHAVES;77;NAUTICO HACOAJ B;19
2026;INFANTILES MASCULINO;Fase Regular;Torneo Reclasificatorio;RECLASIFICACION;NORTE;2A;9;17/05/2026;HEBRAICA;29;NAUTICO HACOAJ B;37
2026;INFANTILES MASCULINO;Fase Regular;Torneo Reclasificatorio;RECLASIFICACION;NORTE;2A;9;17/05/2026;COLEGIALES B;9;HARRODS GATH Y CHAVES;94
2026;INFANTILES MASCULINO;Fase Regular;Torneo Reclasificatorio;RECLASIFICACION;NORTE;2A;9;17/05/2026;CIUDAD DE BUENOS AIRES B;54;PINOCHO C;39
2026;INFANTILES MASCULINO;Fase Regular;Torneo Reclasificatorio;RECLASIFICACION;NORTE;2A;9;17/05/2026;LAS HERAS A;34;17 DE AGOSTO;72
2026;INFANTILES MASCULINO;Fase Regular;Torneo Reclasificatorio;RECLASIFICACION;NORTE;2A;10;24/05/2026;17 DE AGOSTO;83;HEBRAICA;12
2026;INFANTILES MASCULINO;Fase Regular;Torneo Reclasificatorio;RECLASIFICACION;NORTE;2A;10;24/05/2026;PINOCHO C;54;LAS HERAS A;74
2026;INFANTILES MASCULINO;Fase Regular;Torneo Reclasificatorio;RECLASIFICACION;NORTE;2A;10;24/05/2026;HARRODS GATH Y CHAVES;68;CIUDAD DE BUENOS AIRES B;25
2026;INFANTILES MASCULINO;Fase Regular;Torneo Reclasificatorio;RECLASIFICACION;NORTE;2A;10;24/05/2026;NAUTICO HACOAJ B;48;COLEGIALES B;27
2026;INFANTILES MASCULINO;Fase Regular;Torneo Reclasificatorio;RECLASIFICACION;NORTE;2B;1;15/03/2026;BANCO PROVINCIA A;20;COOPERATIVA TORTUGUITAS;0
2026;INFANTILES MASCULINO;Fase Regular;Torneo Reclasificatorio;RECLASIFICACION;NORTE;2B;1;15/03/2026;SOCIAL BECCAR B;0;SPORTIVO PILAR B;20
2026;INFANTILES MASCULINO;Fase Regular;Torneo Reclasificatorio;RECLASIFICACION;NORTE;2B;1;15/03/2026;CLUB ATENEO INGENIERO RAVER;57;VICTORIA B;20
2026;INFANTILES MASCULINO;Fase Regular;Torneo Reclasificatorio;RECLASIFICACION;NORTE;2B;1;15/03/2026;INDEPENDIENTE DE ESCOBAR;46;BANCO NACION A;55
2026;INFANTILES MASCULINO;Fase Regular;Torneo Reclasificatorio;RECLASIFICACION;NORTE;2B;2;22/03/2026;INDEPENDIENTE DE ESCOBAR;25;CLUB SOCIAL Y DEPORTIVO ARENAL;64
2026;INFANTILES MASCULINO;Fase Regular;Torneo Reclasificatorio;RECLASIFICACION;NORTE;2B;2;22/03/2026;BANCO NACION A;46;CLUB ATENEO INGENIERO RAVER;22
2026;INFANTILES MASCULINO;Fase Regular;Torneo Reclasificatorio;RECLASIFICACION;NORTE;2B;2;22/03/2026;VICTORIA B;38;SOCIAL BECCAR B;13
2026;INFANTILES MASCULINO;Fase Regular;Torneo Reclasificatorio;RECLASIFICACION;NORTE;2B;2;22/03/2026;SPORTIVO PILAR B;20;BANCO PROVINCIA A;83
2026;INFANTILES MASCULINO;Fase Regular;Torneo Reclasificatorio;RECLASIFICACION;NORTE;2B;3;29/03/2026;CLUB SOCIAL Y DEPORTIVO ARENAL;76;COOPERATIVA TORTUGUITAS;13
2026;INFANTILES MASCULINO;Fase Regular;Torneo Reclasificatorio;RECLASIFICACION;NORTE;2B;3;29/03/2026;BANCO PROVINCIA A;67;VICTORIA B;13
2026;INFANTILES MASCULINO;Fase Regular;Torneo Reclasificatorio;RECLASIFICACION;NORTE;2B;3;29/03/2026;SOCIAL BECCAR B;7;BANCO NACION A;74
2026;INFANTILES MASCULINO;Fase Regular;Torneo Reclasificatorio;RECLASIFICACION;NORTE;2B;3;29/03/2026;CLUB ATENEO INGENIERO RAVER;43;INDEPENDIENTE DE ESCOBAR;31
2026;INFANTILES MASCULINO;Fase Regular;Torneo Reclasificatorio;RECLASIFICACION;NORTE;2B;4;12/04/2026;CLUB ATENEO INGENIERO RAVER;45;CLUB SOCIAL Y DEPORTIVO ARENAL;86
2026;INFANTILES MASCULINO;Fase Regular;Torneo Reclasificatorio;RECLASIFICACION;NORTE;2B;4;12/04/2026;INDEPENDIENTE DE ESCOBAR;70;SOCIAL BECCAR B;12
2026;INFANTILES MASCULINO;Fase Regular;Torneo Reclasificatorio;RECLASIFICACION;NORTE;2B;4;12/04/2026;BANCO NACION A;53;BANCO PROVINCIA A;29
2026;INFANTILES MASCULINO;Fase Regular;Torneo Reclasificatorio;RECLASIFICACION;NORTE;2B;4;12/04/2026;SPORTIVO PILAR B;26;COOPERATIVA TORTUGUITAS;42
2026;INFANTILES MASCULINO;Fase Regular;Torneo Reclasificatorio;RECLASIFICACION;NORTE;2B;5;19/04/2026;CLUB SOCIAL Y DEPORTIVO ARENAL;91;SPORTIVO PILAR B;15
2026;INFANTILES MASCULINO;Fase Regular;Torneo Reclasificatorio;RECLASIFICACION;NORTE;2B;5;19/04/2026;COOPERATIVA TORTUGUITAS;35;VICTORIA B;33
2026;INFANTILES MASCULINO;Fase Regular;Torneo Reclasificatorio;RECLASIFICACION;NORTE;2B;5;19/04/2026;BANCO PROVINCIA A;20;INDEPENDIENTE DE ESCOBAR;0
2026;INFANTILES MASCULINO;Fase Regular;Torneo Reclasificatorio;RECLASIFICACION;NORTE;2B;5;19/04/2026;SOCIAL BECCAR B;13;CLUB ATENEO INGENIERO RAVER;73
2026;INFANTILES MASCULINO;Fase Regular;Torneo Reclasificatorio;RECLASIFICACION;NORTE;2B;6;26/04/2026;SOCIAL BECCAR B;14;CLUB SOCIAL Y DEPORTIVO ARENAL;87
2026;INFANTILES MASCULINO;Fase Regular;Torneo Reclasificatorio;RECLASIFICACION;NORTE;2B;6;26/04/2026;CLUB ATENEO INGENIERO RAVER;0;BANCO PROVINCIA A;20
2026;INFANTILES MASCULINO;Fase Regular;Torneo Reclasificatorio;RECLASIFICACION;NORTE;2B;6;26/04/2026;BANCO NACION A;82;COOPERATIVA TORTUGUITAS;23
2026;INFANTILES MASCULINO;Fase Regular;Torneo Reclasificatorio;RECLASIFICACION;NORTE;2B;6;26/04/2026;VICTORIA B;20;SPORTIVO PILAR B;0
2026;INFANTILES MASCULINO;Fase Regular;Torneo Reclasificatorio;RECLASIFICACION;NORTE;2B;7;03/05/2026;CLUB SOCIAL Y DEPORTIVO ARENAL;78;VICTORIA B;11
2026;INFANTILES MASCULINO;Fase Regular;Torneo Reclasificatorio;RECLASIFICACION;NORTE;2B;7;03/05/2026;SPORTIVO PILAR B;18;BANCO NACION A;42
2026;INFANTILES MASCULINO;Fase Regular;Torneo Reclasificatorio;RECLASIFICACION;NORTE;2B;7;03/05/2026;COOPERATIVA TORTUGUITAS;38;INDEPENDIENTE DE ESCOBAR;53
2026;INFANTILES MASCULINO;Fase Regular;Torneo Reclasificatorio;RECLASIFICACION;NORTE;2B;7;03/05/2026;BANCO PROVINCIA A;80;SOCIAL BECCAR B;10
2026;INFANTILES MASCULINO;Fase Regular;Torneo Reclasificatorio;RECLASIFICACION;NORTE;2B;8;10/05/2026;BANCO PROVINCIA A;42;CLUB SOCIAL Y DEPORTIVO ARENAL;76
2026;INFANTILES MASCULINO;Fase Regular;Torneo Reclasificatorio;RECLASIFICACION;NORTE;2B;8;10/05/2026;CLUB ATENEO INGENIERO RAVER;50;COOPERATIVA TORTUGUITAS;30
2026;INFANTILES MASCULINO;Fase Regular;Torneo Reclasificatorio;RECLASIFICACION;NORTE;2B;8;10/05/2026;INDEPENDIENTE DE ESCOBAR;78;SPORTIVO PILAR B;15
2026;INFANTILES MASCULINO;Fase Regular;Torneo Reclasificatorio;RECLASIFICACION;NORTE;2B;8;10/05/2026;BANCO NACION A;59;VICTORIA B;11
2026;INFANTILES MASCULINO;Fase Regular;Torneo Reclasificatorio;RECLASIFICACION;NORTE;2B;9;17/05/2026;CLUB SOCIAL Y DEPORTIVO ARENAL;57;BANCO NACION A;29
2026;INFANTILES MASCULINO;Fase Regular;Torneo Reclasificatorio;RECLASIFICACION;NORTE;2B;9;17/05/2026;VICTORIA B;24;INDEPENDIENTE DE ESCOBAR;60
2026;INFANTILES MASCULINO;Fase Regular;Torneo Reclasificatorio;RECLASIFICACION;NORTE;2B;9;17/05/2026;SPORTIVO PILAR B;28;CLUB ATENEO INGENIERO RAVER;51
2026;INFANTILES MASCULINO;Fase Regular;Torneo Reclasificatorio;RECLASIFICACION;NORTE;2B;9;17/05/2026;COOPERATIVA TORTUGUITAS;68;SOCIAL BECCAR B;16
2026;INFANTILES MASCULINO;Fase Regular;Torneo Reclasificatorio;RECLASIFICACION;NORTE;2B;10;24/05/2026;COOPERATIVA TORTUGUITAS;35;BANCO PROVINCIA A;38
2026;INFANTILES MASCULINO;Fase Regular;Torneo Reclasificatorio;RECLASIFICACION;NORTE;2B;10;24/05/2026;SPORTIVO PILAR B;1;SOCIAL BECCAR B;0
2026;INFANTILES MASCULINO;Fase Regular;Torneo Reclasificatorio;RECLASIFICACION;NORTE;2B;10;24/05/2026;VICTORIA B;24;CLUB ATENEO INGENIERO RAVER;81
2026;INFANTILES MASCULINO;Fase Regular;Torneo Reclasificatorio;RECLASIFICACION;NORTE;2B;10;24/05/2026;BANCO NACION A;47;INDEPENDIENTE DE ESCOBAR;35
2026;INFANTILES MASCULINO;Fase Regular;Torneo Reclasificatorio;RECLASIFICACION;NORTE;3C;1;15/03/2026;BANCO NACION B;16;CLUB TRES DE FEBRERO C;38
2026;INFANTILES MASCULINO;Fase Regular;Torneo Reclasificatorio;RECLASIFICACION;NORTE;3C;1;15/03/2026;VICTORIA A;72;SAN FERNANDO B;31
2026;INFANTILES MASCULINO;Fase Regular;Torneo Reclasificatorio;RECLASIFICACION;NORTE;3C;1;15/03/2026;UNIVERSIDAD DE BUENOS AIRES;0;PLATENSE B;20
2026;INFANTILES MASCULINO;Fase Regular;Torneo Reclasificatorio;RECLASIFICACION;NORTE;3C;1;15/03/2026;ATLETICO BOULOGNE A;14;NAUTICO BUCHARDO A;57
2026;INFANTILES MASCULINO;Fase Regular;Torneo Reclasificatorio;RECLASIFICACION;NORTE;3C;2;22/03/2026;ATLETICO BOULOGNE A;55;BANCO NACION B;14
2026;INFANTILES MASCULINO;Fase Regular;Torneo Reclasificatorio;RECLASIFICACION;NORTE;3C;2;22/03/2026;NAUTICO BUCHARDO A;20;UNIVERSIDAD DE BUENOS AIRES;0
2026;INFANTILES MASCULINO;Fase Regular;Torneo Reclasificatorio;RECLASIFICACION;NORTE;3C;2;22/03/2026;PLATENSE B;37;VICTORIA A;76
2026;INFANTILES MASCULINO;Fase Regular;Torneo Reclasificatorio;RECLASIFICACION;NORTE;3C;2;22/03/2026;SAN FERNANDO B;59;CLUB TRES DE FEBRERO C;28
2026;INFANTILES MASCULINO;Fase Regular;Torneo Reclasificatorio;RECLASIFICACION;NORTE;3C;3;29/03/2026;BANCO NACION B;16;SAN FERNANDO B;50
2026;INFANTILES MASCULINO;Fase Regular;Torneo Reclasificatorio;RECLASIFICACION;NORTE;3C;3;29/03/2026;CLUB TRES DE FEBRERO C;20;PLATENSE B;0
2026;INFANTILES MASCULINO;Fase Regular;Torneo Reclasificatorio;RECLASIFICACION;NORTE;3C;3;29/03/2026;VICTORIA A;49;NAUTICO BUCHARDO A;65
2026;INFANTILES MASCULINO;Fase Regular;Torneo Reclasificatorio;RECLASIFICACION;NORTE;3C;3;29/03/2026;UNIVERSIDAD DE BUENOS AIRES;0;ATLETICO BOULOGNE A;20
2026;INFANTILES MASCULINO;Fase Regular;Torneo Reclasificatorio;RECLASIFICACION;NORTE;3C;4;12/04/2026;UNIVERSIDAD DE BUENOS AIRES;0;BANCO NACION B;20
2026;INFANTILES MASCULINO;Fase Regular;Torneo Reclasificatorio;RECLASIFICACION;NORTE;3C;4;12/04/2026;ATLETICO BOULOGNE A;41;VICTORIA A;53
2026;INFANTILES MASCULINO;Fase Regular;Torneo Reclasificatorio;RECLASIFICACION;NORTE;3C;4;12/04/2026;NAUTICO BUCHARDO A;94;CLUB TRES DE FEBRERO C;9
2026;INFANTILES MASCULINO;Fase Regular;Torneo Reclasificatorio;RECLASIFICACION;NORTE;3C;4;12/04/2026;PLATENSE B;56;SAN FERNANDO B;55
2026;INFANTILES MASCULINO;Fase Regular;Torneo Reclasificatorio;RECLASIFICACION;NORTE;3C;5;19/04/2026;BANCO NACION B;21;PLATENSE B;57
2026;INFANTILES MASCULINO;Fase Regular;Torneo Reclasificatorio;RECLASIFICACION;NORTE;3C;5;19/04/2026;SAN FERNANDO B;22;NAUTICO BUCHARDO A;83
2026;INFANTILES MASCULINO;Fase Regular;Torneo Reclasificatorio;RECLASIFICACION;NORTE;3C;5;19/04/2026;CLUB TRES DE FEBRERO C;32;ATLETICO BOULOGNE A;47
2026;INFANTILES MASCULINO;Fase Regular;Torneo Reclasificatorio;RECLASIFICACION;NORTE;3C;5;19/04/2026;VICTORIA A;20;UNIVERSIDAD DE BUENOS AIRES;0
2026;INFANTILES MASCULINO;Fase Regular;Torneo Reclasificatorio;RECLASIFICACION;NORTE;3C;6;26/04/2026;VICTORIA A;94;BANCO NACION B;16
2026;INFANTILES MASCULINO;Fase Regular;Torneo Reclasificatorio;RECLASIFICACION;NORTE;3C;6;26/04/2026;UNIVERSIDAD DE BUENOS AIRES;0;CLUB TRES DE FEBRERO C;20
2026;INFANTILES MASCULINO;Fase Regular;Torneo Reclasificatorio;RECLASIFICACION;NORTE;3C;6;26/04/2026;ATLETICO BOULOGNE A;46;SAN FERNANDO B;33
2026;INFANTILES MASCULINO;Fase Regular;Torneo Reclasificatorio;RECLASIFICACION;NORTE;3C;6;26/04/2026;NAUTICO BUCHARDO A;93;PLATENSE B;33
2026;INFANTILES MASCULINO;Fase Regular;Torneo Reclasificatorio;RECLASIFICACION;NORTE;3C;7;03/05/2026;BANCO NACION B;10;NAUTICO BUCHARDO A;83
2026;INFANTILES MASCULINO;Fase Regular;Torneo Reclasificatorio;RECLASIFICACION;NORTE;3C;7;03/05/2026;PLATENSE B;49;ATLETICO BOULOGNE A;66
2026;INFANTILES MASCULINO;Fase Regular;Torneo Reclasificatorio;RECLASIFICACION;NORTE;3C;7;03/05/2026;SAN FERNANDO B;20;UNIVERSIDAD DE BUENOS AIRES;0
2026;INFANTILES MASCULINO;Fase Regular;Torneo Reclasificatorio;RECLASIFICACION;NORTE;3C;7;03/05/2026;CLUB TRES DE FEBRERO C;7;VICTORIA A;81
2026;INFANTILES MASCULINO;Fase Regular;Torneo Reclasificatorio;RECLASIFICACION;NORTE;3C;8;10/05/2026;CLUB TRES DE FEBRERO C;20;BANCO NACION B;0
2026;INFANTILES MASCULINO;Fase Regular;Torneo Reclasificatorio;RECLASIFICACION;NORTE;3C;8;10/05/2026;SAN FERNANDO B;29;VICTORIA A;61
2026;INFANTILES MASCULINO;Fase Regular;Torneo Reclasificatorio;RECLASIFICACION;NORTE;3C;8;10/05/2026;PLATENSE B;20;UNIVERSIDAD DE BUENOS AIRES;0
2026;INFANTILES MASCULINO;Fase Regular;Torneo Reclasificatorio;RECLASIFICACION;NORTE;3C;8;10/05/2026;NAUTICO BUCHARDO A;64;ATLETICO BOULOGNE A;15
2026;INFANTILES MASCULINO;Fase Regular;Torneo Reclasificatorio;RECLASIFICACION;NORTE;3C;9;17/05/2026;BANCO NACION B;32;ATLETICO BOULOGNE A;50
2026;INFANTILES MASCULINO;Fase Regular;Torneo Reclasificatorio;RECLASIFICACION;NORTE;3C;9;17/05/2026;UNIVERSIDAD DE BUENOS AIRES;0;NAUTICO BUCHARDO A;20
2026;INFANTILES MASCULINO;Fase Regular;Torneo Reclasificatorio;RECLASIFICACION;NORTE;3C;9;17/05/2026;VICTORIA A;76;PLATENSE B;30
2026;INFANTILES MASCULINO;Fase Regular;Torneo Reclasificatorio;RECLASIFICACION;NORTE;3C;9;17/05/2026;CLUB TRES DE FEBRERO C;31;SAN FERNANDO B;41
2026;INFANTILES MASCULINO;Fase Regular;Torneo Reclasificatorio;RECLASIFICACION;NORTE;3C;10;24/05/2026;SAN FERNANDO B;20;BANCO NACION B;0
2026;INFANTILES MASCULINO;Fase Regular;Torneo Reclasificatorio;RECLASIFICACION;NORTE;3C;10;24/05/2026;PLATENSE B;58;CLUB TRES DE FEBRERO C;13
2026;INFANTILES MASCULINO;Fase Regular;Torneo Reclasificatorio;RECLASIFICACION;NORTE;3C;10;24/05/2026;NAUTICO BUCHARDO A;42;VICTORIA A;52
2026;INFANTILES MASCULINO;Fase Regular;Torneo Reclasificatorio;RECLASIFICACION;NORTE;3C;10;24/05/2026;ATLETICO BOULOGNE A;20;UNIVERSIDAD DE BUENOS AIRES;0
2026;INFANTILES MASCULINO;Fase Regular;Torneo Reclasificatorio;RECLASIFICACION;NORTE;3C;11;31/05/2026;BANCO NACION B;20;UNIVERSIDAD DE BUENOS AIRES;0
2026;INFANTILES MASCULINO;Fase Regular;Torneo Reclasificatorio;RECLASIFICACION;NORTE;3C;12;07/06/2026;UNIVERSIDAD DE BUENOS AIRES;0;VICTORIA A;20
2026;INFANTILES MASCULINO;Fase Regular;Torneo Reclasificatorio;RECLASIFICACION;NORTE;3C;13;14/06/2026;CLUB TRES DE FEBRERO C;20;UNIVERSIDAD DE BUENOS AIRES;0
2026;INFANTILES MASCULINO;Fase Regular;Torneo Reclasificatorio;RECLASIFICACION;NORTE;3C;14;21/06/2026;UNIVERSIDAD DE BUENOS AIRES;0;SAN FERNANDO B;20
2026;INFANTILES MASCULINO;Fase Regular;Torneo Reclasificatorio;RECLASIFICACION;OESTE;2A;1;15/03/2026;RAMOS MEJIA LTC;0;FERROCARRIL OESTE C;20
2026;INFANTILES MASCULINO;Fase Regular;Torneo Reclasificatorio;RECLASIFICACION;OESTE;2A;1;15/03/2026;NOLTING;50;DEFENSORES DE MORENO A;60
2026;INFANTILES MASCULINO;Fase Regular;Torneo Reclasificatorio;RECLASIFICACION;OESTE;2A;1;15/03/2026;CENTRO ESPAÑOL;0;GIMNASIA Y ESGRIMA DE ITUZAINGO B;20
2026;INFANTILES MASCULINO;Fase Regular;Torneo Reclasificatorio;RECLASIFICACION;OESTE;2A;1;15/03/2026;CLUB CEPA;48;CLUB PORTUGUES DEL GRAN BUENOS AIRES;52
2026;INFANTILES MASCULINO;Fase Regular;Torneo Reclasificatorio;RECLASIFICACION;OESTE;2A;1;15/03/2026;DEP. MORON B;16;SITAS B;39
2026;INFANTILES MASCULINO;Fase Regular;Torneo Reclasificatorio;RECLASIFICACION;OESTE;2A;2;22/03/2026;DEP. MORON B;20;RAMOS MEJIA LTC;0
2026;INFANTILES MASCULINO;Fase Regular;Torneo Reclasificatorio;RECLASIFICACION;OESTE;2A;2;22/03/2026;SITAS B;29;CLUB CEPA;60
2026;INFANTILES MASCULINO;Fase Regular;Torneo Reclasificatorio;RECLASIFICACION;OESTE;2A;2;22/03/2026;CLUB PORTUGUES DEL GRAN BUENOS AIRES;20;CENTRO ESPAÑOL;0
2026;INFANTILES MASCULINO;Fase Regular;Torneo Reclasificatorio;RECLASIFICACION;OESTE;2A;2;22/03/2026;GIMNASIA Y ESGRIMA DE ITUZAINGO B;32;NOLTING;60
2026;INFANTILES MASCULINO;Fase Regular;Torneo Reclasificatorio;RECLASIFICACION;OESTE;2A;3;29/03/2026;RAMOS MEJIA LTC;0;DEFENSORES DE MORENO A;20
2026;INFANTILES MASCULINO;Fase Regular;Torneo Reclasificatorio;RECLASIFICACION;OESTE;2A;3;29/03/2026;NOLTING;52;CLUB PORTUGUES DEL GRAN BUENOS AIRES;40
2026;INFANTILES MASCULINO;Fase Regular;Torneo Reclasificatorio;RECLASIFICACION;OESTE;2A;3;29/03/2026;CENTRO ESPAÑOL;69;SITAS B;19
2026;INFANTILES MASCULINO;Fase Regular;Torneo Reclasificatorio;RECLASIFICACION;OESTE;2A;3;29/03/2026;CLUB CEPA;99;DEP. MORON B;12
2026;INFANTILES MASCULINO;Fase Regular;Torneo Reclasificatorio;RECLASIFICACION;OESTE;2A;4;12/04/2026;CLUB CEPA;20;RAMOS MEJIA LTC;0
2026;INFANTILES MASCULINO;Fase Regular;Torneo Reclasificatorio;RECLASIFICACION;OESTE;2A;4;12/04/2026;DEP. MORON B;23;CENTRO ESPAÑOL;94
2026;INFANTILES MASCULINO;Fase Regular;Torneo Reclasificatorio;RECLASIFICACION;OESTE;2A;4;12/04/2026;CLUB PORTUGUES DEL GRAN BUENOS AIRES;25;FERROCARRIL OESTE C;29
2026;INFANTILES MASCULINO;Fase Regular;Torneo Reclasificatorio;RECLASIFICACION;OESTE;2A;4;12/04/2026;GIMNASIA Y ESGRIMA DE ITUZAINGO B;30;DEFENSORES DE MORENO A;54
2026;INFANTILES MASCULINO;Fase Regular;Torneo Reclasificatorio;RECLASIFICACION;OESTE;2A;5;19/04/2026;RAMOS MEJIA LTC;17;GIMNASIA Y ESGRIMA DE ITUZAINGO B;50
2026;INFANTILES MASCULINO;Fase Regular;Torneo Reclasificatorio;RECLASIFICACION;OESTE;2A;5;19/04/2026;DEFENSORES DE MORENO A;44;CLUB PORTUGUES DEL GRAN BUENOS AIRES;23
2026;INFANTILES MASCULINO;Fase Regular;Torneo Reclasificatorio;RECLASIFICACION;OESTE;2A;5;19/04/2026;FERROCARRIL OESTE C;53;SITAS B;26
2026;INFANTILES MASCULINO;Fase Regular;Torneo Reclasificatorio;RECLASIFICACION;OESTE;2A;5;19/04/2026;NOLTING;77;DEP. MORON B;17
2026;INFANTILES MASCULINO;Fase Regular;Torneo Reclasificatorio;RECLASIFICACION;OESTE;2A;5;19/04/2026;CENTRO ESPAÑOL;57;CLUB CEPA;35
2026;INFANTILES MASCULINO;Fase Regular;Torneo Reclasificatorio;RECLASIFICACION;OESTE;2A;6;26/04/2026;CENTRO ESPAÑOL;53;RAMOS MEJIA LTC;23
2026;INFANTILES MASCULINO;Fase Regular;Torneo Reclasificatorio;RECLASIFICACION;OESTE;2A;6;26/04/2026;CLUB CEPA;60;NOLTING;44
2026;INFANTILES MASCULINO;Fase Regular;Torneo Reclasificatorio;RECLASIFICACION;OESTE;2A;6;26/04/2026;SITAS B;15;DEFENSORES DE MORENO A;86
2026;INFANTILES MASCULINO;Fase Regular;Torneo Reclasificatorio;RECLASIFICACION;OESTE;2A;6;26/04/2026;CLUB PORTUGUES DEL GRAN BUENOS AIRES;29;GIMNASIA Y ESGRIMA DE ITUZAINGO B;55
2026;INFANTILES MASCULINO;Fase Regular;Torneo Reclasificatorio;RECLASIFICACION;OESTE;2A;7;03/05/2026;RAMOS MEJIA LTC;17;CLUB PORTUGUES DEL GRAN BUENOS AIRES;40
2026;INFANTILES MASCULINO;Fase Regular;Torneo Reclasificatorio;RECLASIFICACION;OESTE;2A;7;03/05/2026;GIMNASIA Y ESGRIMA DE ITUZAINGO B;46;SITAS B;42
2026;INFANTILES MASCULINO;Fase Regular;Torneo Reclasificatorio;RECLASIFICACION;OESTE;2A;7;03/05/2026;DEFENSORES DE MORENO A;87;DEP. MORON B;25
2026;INFANTILES MASCULINO;Fase Regular;Torneo Reclasificatorio;RECLASIFICACION;OESTE;2A;7;03/05/2026;FERROCARRIL OESTE C;44;CLUB CEPA;21
2026;INFANTILES MASCULINO;Fase Regular;Torneo Reclasificatorio;RECLASIFICACION;OESTE;2A;7;03/05/2026;NOLTING;73;CENTRO ESPAÑOL;43
2026;INFANTILES MASCULINO;Fase Regular;Torneo Reclasificatorio;RECLASIFICACION;OESTE;2A;8;10/05/2026;NOLTING;73;RAMOS MEJIA LTC;30
2026;INFANTILES MASCULINO;Fase Regular;Torneo Reclasificatorio;RECLASIFICACION;OESTE;2A;8;10/05/2026;CENTRO ESPAÑOL;53;FERROCARRIL OESTE C;29
2026;INFANTILES MASCULINO;Fase Regular;Torneo Reclasificatorio;RECLASIFICACION;OESTE;2A;8;10/05/2026;CLUB CEPA;39;DEFENSORES DE MORENO A;91
2026;INFANTILES MASCULINO;Fase Regular;Torneo Reclasificatorio;RECLASIFICACION;OESTE;2A;8;10/05/2026;DEP. MORON B;16;GIMNASIA Y ESGRIMA DE ITUZAINGO B;84
2026;INFANTILES MASCULINO;Fase Regular;Torneo Reclasificatorio;RECLASIFICACION;OESTE;2A;8;10/05/2026;SITAS B;28;CLUB PORTUGUES DEL GRAN BUENOS AIRES;35
2026;INFANTILES MASCULINO;Fase Regular;Torneo Reclasificatorio;RECLASIFICACION;OESTE;2A;9;17/05/2026;RAMOS MEJIA LTC;10;SITAS B;28
2026;INFANTILES MASCULINO;Fase Regular;Torneo Reclasificatorio;RECLASIFICACION;OESTE;2A;9;17/05/2026;CLUB PORTUGUES DEL GRAN BUENOS AIRES;51;DEP. MORON B;20
2026;INFANTILES MASCULINO;Fase Regular;Torneo Reclasificatorio;RECLASIFICACION;OESTE;2A;9;17/05/2026;DEFENSORES DE MORENO A;43;CENTRO ESPAÑOL;39
2026;INFANTILES MASCULINO;Fase Regular;Torneo Reclasificatorio;RECLASIFICACION;OESTE;2A;9;17/05/2026;FERROCARRIL OESTE C;45;NOLTING;53
2026;INFANTILES MASCULINO;Fase Regular;Torneo Reclasificatorio;RECLASIFICACION;OESTE;2A;10;24/05/2026;DEFENSORES DE MORENO A;55;NOLTING;49
2026;INFANTILES MASCULINO;Fase Regular;Torneo Reclasificatorio;RECLASIFICACION;OESTE;2A;10;24/05/2026;CLUB PORTUGUES DEL GRAN BUENOS AIRES;40;CLUB CEPA;47
2026;INFANTILES MASCULINO;Fase Regular;Torneo Reclasificatorio;RECLASIFICACION;OESTE;2A;10;24/05/2026;SITAS B;20;DEP. MORON B;0
2026;INFANTILES MASCULINO;Fase Regular;Torneo Reclasificatorio;RECLASIFICACION;OESTE;2A;13;14/06/2026;NOLTING;74;SITAS B;22
2026;INFANTILES MASCULINO;Fase Regular;Torneo Reclasificatorio;RECLASIFICACION;OESTE;2B;1;15/03/2026;SITAS A;62;VELEZ SARSFIELD B;59
2026;INFANTILES MASCULINO;Fase Regular;Torneo Reclasificatorio;RECLASIFICACION;OESTE;2B;1;15/03/2026;DEFENSORES DE SANTOS LUGARES;61;MORON B;22
2026;INFANTILES MASCULINO;Fase Regular;Torneo Reclasificatorio;RECLASIFICACION;OESTE;2B;1;15/03/2026;CEDEM;54;PASO DEL REY;28
2026;INFANTILES MASCULINO;Fase Regular;Torneo Reclasificatorio;RECLASIFICACION;OESTE;2B;1;15/03/2026;UNITARIOS DE MARCOS PAZ;20;SAN MIGUEL A;0
2026;INFANTILES MASCULINO;Fase Regular;Torneo Reclasificatorio;RECLASIFICACION;OESTE;2B;1;15/03/2026;ESTUDIANTIL PORTEÑO B;70;DEFENSORES DE HURLINGHAM B;23
2026;INFANTILES MASCULINO;Fase Regular;Torneo Reclasificatorio;RECLASIFICACION;OESTE;2B;2;22/03/2026;ESTUDIANTIL PORTEÑO B;32;SITAS A;60
2026;INFANTILES MASCULINO;Fase Regular;Torneo Reclasificatorio;RECLASIFICACION;OESTE;2B;2;22/03/2026;DEFENSORES DE HURLINGHAM B;41;UNITARIOS DE MARCOS PAZ;47
2026;INFANTILES MASCULINO;Fase Regular;Torneo Reclasificatorio;RECLASIFICACION;OESTE;2B;2;22/03/2026;SAN MIGUEL A;10;CEDEM;60
2026;INFANTILES MASCULINO;Fase Regular;Torneo Reclasificatorio;RECLASIFICACION;OESTE;2B;2;22/03/2026;PASO DEL REY;31;DEFENSORES DE SANTOS LUGARES;67
2026;INFANTILES MASCULINO;Fase Regular;Torneo Reclasificatorio;RECLASIFICACION;OESTE;2B;2;22/03/2026;MORON B;20;VELEZ SARSFIELD B;70
2026;INFANTILES MASCULINO;Fase Regular;Torneo Reclasificatorio;RECLASIFICACION;OESTE;2B;3;29/03/2026;SITAS A;59;MORON B;22
2026;INFANTILES MASCULINO;Fase Regular;Torneo Reclasificatorio;RECLASIFICACION;OESTE;2B;3;29/03/2026;VELEZ SARSFIELD B;75;PASO DEL REY;19
2026;INFANTILES MASCULINO;Fase Regular;Torneo Reclasificatorio;RECLASIFICACION;OESTE;2B;3;29/03/2026;DEFENSORES DE SANTOS LUGARES;82;SAN MIGUEL A;2
2026;INFANTILES MASCULINO;Fase Regular;Torneo Reclasificatorio;RECLASIFICACION;OESTE;2B;3;29/03/2026;CEDEM;74;DEFENSORES DE HURLINGHAM B;8
2026;INFANTILES MASCULINO;Fase Regular;Torneo Reclasificatorio;RECLASIFICACION;OESTE;2B;3;29/03/2026;UNITARIOS DE MARCOS PAZ;48;ESTUDIANTIL PORTEÑO B;63
2026;INFANTILES MASCULINO;Fase Regular;Torneo Reclasificatorio;RECLASIFICACION;OESTE;2B;4;12/04/2026;UNITARIOS DE MARCOS PAZ;10;SITAS A;93
2026;INFANTILES MASCULINO;Fase Regular;Torneo Reclasificatorio;RECLASIFICACION;OESTE;2B;4;12/04/2026;ESTUDIANTIL PORTEÑO B;45;CEDEM;56
2026;INFANTILES MASCULINO;Fase Regular;Torneo Reclasificatorio;RECLASIFICACION;OESTE;2B;4;12/04/2026;DEFENSORES DE HURLINGHAM B;17;DEFENSORES DE SANTOS LUGARES;42
2026;INFANTILES MASCULINO;Fase Regular;Torneo Reclasificatorio;RECLASIFICACION;OESTE;2B;4;12/04/2026;SAN MIGUEL A;15;VELEZ SARSFIELD B;126
2026;INFANTILES MASCULINO;Fase Regular;Torneo Reclasificatorio;RECLASIFICACION;OESTE;2B;4;12/04/2026;PASO DEL REY;37;MORON B;40
2026;INFANTILES MASCULINO;Fase Regular;Torneo Reclasificatorio;RECLASIFICACION;OESTE;2B;5;19/04/2026;SITAS A;76;PASO DEL REY;14
2026;INFANTILES MASCULINO;Fase Regular;Torneo Reclasificatorio;RECLASIFICACION;OESTE;2B;5;19/04/2026;MORON B;52;SAN MIGUEL A;18
2026;INFANTILES MASCULINO;Fase Regular;Torneo Reclasificatorio;RECLASIFICACION;OESTE;2B;5;19/04/2026;VELEZ SARSFIELD B;111;DEFENSORES DE HURLINGHAM B;18
2026;INFANTILES MASCULINO;Fase Regular;Torneo Reclasificatorio;RECLASIFICACION;OESTE;2B;5;19/04/2026;DEFENSORES DE SANTOS LUGARES;51;ESTUDIANTIL PORTEÑO B;25
2026;INFANTILES MASCULINO;Fase Regular;Torneo Reclasificatorio;RECLASIFICACION;OESTE;2B;5;19/04/2026;CEDEM;75;UNITARIOS DE MARCOS PAZ;36
2026;INFANTILES MASCULINO;Fase Regular;Torneo Reclasificatorio;RECLASIFICACION;OESTE;2B;6;26/04/2026;CEDEM;65;SITAS A;45
2026;INFANTILES MASCULINO;Fase Regular;Torneo Reclasificatorio;RECLASIFICACION;OESTE;2B;6;26/04/2026;UNITARIOS DE MARCOS PAZ;27;DEFENSORES DE SANTOS LUGARES;68
2026;INFANTILES MASCULINO;Fase Regular;Torneo Reclasificatorio;RECLASIFICACION;OESTE;2B;6;26/04/2026;ESTUDIANTIL PORTEÑO B;30;VELEZ SARSFIELD B;62
2026;INFANTILES MASCULINO;Fase Regular;Torneo Reclasificatorio;RECLASIFICACION;OESTE;2B;6;26/04/2026;DEFENSORES DE HURLINGHAM B;51;MORON B;37
2026;INFANTILES MASCULINO;Fase Regular;Torneo Reclasificatorio;RECLASIFICACION;OESTE;2B;6;26/04/2026;SAN MIGUEL A;15;PASO DEL REY;70
2026;INFANTILES MASCULINO;Fase Regular;Torneo Reclasificatorio;RECLASIFICACION;OESTE;2B;7;03/05/2026;SITAS A;92;SAN MIGUEL A;18
2026;INFANTILES MASCULINO;Fase Regular;Torneo Reclasificatorio;RECLASIFICACION;OESTE;2B;7;03/05/2026;PASO DEL REY;57;DEFENSORES DE HURLINGHAM B;39
2026;INFANTILES MASCULINO;Fase Regular;Torneo Reclasificatorio;RECLASIFICACION;OESTE;2B;7;03/05/2026;MORON B;8;ESTUDIANTIL PORTEÑO B;70
2026;INFANTILES MASCULINO;Fase Regular;Torneo Reclasificatorio;RECLASIFICACION;OESTE;2B;7;03/05/2026;VELEZ SARSFIELD B;103;UNITARIOS DE MARCOS PAZ;28
2026;INFANTILES MASCULINO;Fase Regular;Torneo Reclasificatorio;RECLASIFICACION;OESTE;2B;7;03/05/2026;DEFENSORES DE SANTOS LUGARES;57;CEDEM;47
2026;INFANTILES MASCULINO;Fase Regular;Torneo Reclasificatorio;RECLASIFICACION;OESTE;2B;8;10/05/2026;DEFENSORES DE SANTOS LUGARES;48;SITAS A;46
2026;INFANTILES MASCULINO;Fase Regular;Torneo Reclasificatorio;RECLASIFICACION;OESTE;2B;8;10/05/2026;CEDEM;43;VELEZ SARSFIELD B;37
2026;INFANTILES MASCULINO;Fase Regular;Torneo Reclasificatorio;RECLASIFICACION;OESTE;2B;8;10/05/2026;UNITARIOS DE MARCOS PAZ;60;MORON B;45
2026;INFANTILES MASCULINO;Fase Regular;Torneo Reclasificatorio;RECLASIFICACION;OESTE;2B;8;10/05/2026;ESTUDIANTIL PORTEÑO B;37;PASO DEL REY;21
2026;INFANTILES MASCULINO;Fase Regular;Torneo Reclasificatorio;RECLASIFICACION;OESTE;2B;9;17/05/2026;SITAS A;78;DEFENSORES DE HURLINGHAM B;13
2026;INFANTILES MASCULINO;Fase Regular;Torneo Reclasificatorio;RECLASIFICACION;OESTE;2B;9;17/05/2026;PASO DEL REY;62;UNITARIOS DE MARCOS PAZ;58
2026;INFANTILES MASCULINO;Fase Regular;Torneo Reclasificatorio;RECLASIFICACION;OESTE;2B;9;17/05/2026;MORON B;28;CEDEM;81
2026;INFANTILES MASCULINO;Fase Regular;Torneo Reclasificatorio;RECLASIFICACION;OESTE;2B;9;17/05/2026;VELEZ SARSFIELD B;53;DEFENSORES DE SANTOS LUGARES;28
2026;INFANTILES MASCULINO;Fase Regular;Torneo Reclasificatorio;RECLASIFICACION;OESTE;2B;10;24/05/2026;VELEZ SARSFIELD B;49;SITAS A;60
2026;INFANTILES MASCULINO;Fase Regular;Torneo Reclasificatorio;RECLASIFICACION;OESTE;2B;10;24/05/2026;MORON B;20;DEFENSORES DE SANTOS LUGARES;78
2026;INFANTILES MASCULINO;Fase Regular;Torneo Reclasificatorio;RECLASIFICACION;OESTE;2B;10;24/05/2026;PASO DEL REY;31;CEDEM;74
2026;INFANTILES MASCULINO;Fase Regular;Torneo Reclasificatorio;RECLASIFICACION;OESTE;2B;10;24/05/2026;SAN MIGUEL A;0;UNITARIOS DE MARCOS PAZ;20
2026;INFANTILES MASCULINO;Fase Regular;Torneo Reclasificatorio;RECLASIFICACION;OESTE;2B;10;24/05/2026;DEFENSORES DE HURLINGHAM B;20;ESTUDIANTIL PORTEÑO B;72
2026;INFANTILES MASCULINO;Fase Regular;Torneo Reclasificatorio;RECLASIFICACION;OESTE;3C;1;15/03/2026;HURACAN DE SAN JUSTO B;1;GIMNASIA Y ESGRIMA DE ITUZAINGO C;0
2026;INFANTILES MASCULINO;Fase Regular;Torneo Reclasificatorio;RECLASIFICACION;OESTE;3C;1;15/03/2026;EL PALOMAR;64;ARGENTINO DE CASTELAR C;24
2026;INFANTILES MASCULINO;Fase Regular;Torneo Reclasificatorio;RECLASIFICACION;OESTE;3C;1;15/03/2026;SPORTIVO HAEDO;0;MUNICIPALIDAD DE HURLINGHAM;20
2026;INFANTILES MASCULINO;Fase Regular;Torneo Reclasificatorio;RECLASIFICACION;OESTE;3C;1;15/03/2026;ITALIANO DE JOSE C PAZ;0;PORTEÑO ATHLETIC CLUB B;20
2026;INFANTILES MASCULINO;Fase Regular;Torneo Reclasificatorio;RECLASIFICACION;OESTE;3C;1;15/03/2026;CIUDADELA NORTE;57;C.A.S.A PADUA B;47
2026;INFANTILES MASCULINO;Fase Regular;Torneo Reclasificatorio;RECLASIFICACION;OESTE;3C;2;22/03/2026;CIUDADELA NORTE;20;HURACAN DE SAN JUSTO B;0
2026;INFANTILES MASCULINO;Fase Regular;Torneo Reclasificatorio;RECLASIFICACION;OESTE;3C;2;22/03/2026;C.A.S.A PADUA B;34;ITALIANO DE JOSE C PAZ;33
2026;INFANTILES MASCULINO;Fase Regular;Torneo Reclasificatorio;RECLASIFICACION;OESTE;3C;2;22/03/2026;PORTEÑO ATHLETIC CLUB B;31;SPORTIVO HAEDO;60
2026;INFANTILES MASCULINO;Fase Regular;Torneo Reclasificatorio;RECLASIFICACION;OESTE;3C;2;22/03/2026;MUNICIPALIDAD DE HURLINGHAM;63;EL PALOMAR;45
2026;INFANTILES MASCULINO;Fase Regular;Torneo Reclasificatorio;RECLASIFICACION;OESTE;3C;2;22/03/2026;ARGENTINO DE CASTELAR C;44;GIMNASIA Y ESGRIMA DE ITUZAINGO C;15
2026;INFANTILES MASCULINO;Fase Regular;Torneo Reclasificatorio;RECLASIFICACION;OESTE;3C;3;29/03/2026;HURACAN DE SAN JUSTO B;0;ARGENTINO DE CASTELAR C;20
2026;INFANTILES MASCULINO;Fase Regular;Torneo Reclasificatorio;RECLASIFICACION;OESTE;3C;3;29/03/2026;GIMNASIA Y ESGRIMA DE ITUZAINGO C;17;MUNICIPALIDAD DE HURLINGHAM;57
2026;INFANTILES MASCULINO;Fase Regular;Torneo Reclasificatorio;RECLASIFICACION;OESTE;3C;3;29/03/2026;EL PALOMAR;20;PORTEÑO ATHLETIC CLUB B;0
2026;INFANTILES MASCULINO;Fase Regular;Torneo Reclasificatorio;RECLASIFICACION;OESTE;3C;3;29/03/2026;SPORTIVO HAEDO;63;C.A.S.A PADUA B;27
2026;INFANTILES MASCULINO;Fase Regular;Torneo Reclasificatorio;RECLASIFICACION;OESTE;3C;3;29/03/2026;ITALIANO DE JOSE C PAZ;0;CIUDADELA NORTE;20
2026;INFANTILES MASCULINO;Fase Regular;Torneo Reclasificatorio;RECLASIFICACION;OESTE;3C;4;12/04/2026;ITALIANO DE JOSE C PAZ;20;HURACAN DE SAN JUSTO B;0
2026;INFANTILES MASCULINO;Fase Regular;Torneo Reclasificatorio;RECLASIFICACION;OESTE;3C;4;12/04/2026;CIUDADELA NORTE;42;SPORTIVO HAEDO;43
2026;INFANTILES MASCULINO;Fase Regular;Torneo Reclasificatorio;RECLASIFICACION;OESTE;3C;4;12/04/2026;C.A.S.A PADUA B;12;EL PALOMAR;28
2026;INFANTILES MASCULINO;Fase Regular;Torneo Reclasificatorio;RECLASIFICACION;OESTE;3C;4;12/04/2026;PORTEÑO ATHLETIC CLUB B;69;GIMNASIA Y ESGRIMA DE ITUZAINGO C;18
2026;INFANTILES MASCULINO;Fase Regular;Torneo Reclasificatorio;RECLASIFICACION;OESTE;3C;4;12/04/2026;MUNICIPALIDAD DE HURLINGHAM;68;ARGENTINO DE CASTELAR C;20
2026;INFANTILES MASCULINO;Fase Regular;Torneo Reclasificatorio;RECLASIFICACION;OESTE;3C;5;19/04/2026;HURACAN DE SAN JUSTO B;0;MUNICIPALIDAD DE HURLINGHAM;20
2026;INFANTILES MASCULINO;Fase Regular;Torneo Reclasificatorio;RECLASIFICACION;OESTE;3C;5;19/04/2026;ARGENTINO DE CASTELAR C;27;PORTEÑO ATHLETIC CLUB B;45
2026;INFANTILES MASCULINO;Fase Regular;Torneo Reclasificatorio;RECLASIFICACION;OESTE;3C;5;19/04/2026;GIMNASIA Y ESGRIMA DE ITUZAINGO C;30;C.A.S.A PADUA B;31
2026;INFANTILES MASCULINO;Fase Regular;Torneo Reclasificatorio;RECLASIFICACION;OESTE;3C;5;19/04/2026;EL PALOMAR;20;CIUDADELA NORTE;0
2026;INFANTILES MASCULINO;Fase Regular;Torneo Reclasificatorio;RECLASIFICACION;OESTE;3C;5;19/04/2026;SPORTIVO HAEDO;52;ITALIANO DE JOSE C PAZ;35
2026;INFANTILES MASCULINO;Fase Regular;Torneo Reclasificatorio;RECLASIFICACION;OESTE;3C;6;26/04/2026;SPORTIVO HAEDO;20;HURACAN DE SAN JUSTO B;0
2026;INFANTILES MASCULINO;Fase Regular;Torneo Reclasificatorio;RECLASIFICACION;OESTE;3C;6;26/04/2026;ITALIANO DE JOSE C PAZ;32;EL PALOMAR;47
2026;INFANTILES MASCULINO;Fase Regular;Torneo Reclasificatorio;RECLASIFICACION;OESTE;3C;6;26/04/2026;CIUDADELA NORTE;52;GIMNASIA Y ESGRIMA DE ITUZAINGO C;28
2026;INFANTILES MASCULINO;Fase Regular;Torneo Reclasificatorio;RECLASIFICACION;OESTE;3C;6;26/04/2026;C.A.S.A PADUA B;69;ARGENTINO DE CASTELAR C;23
2026;INFANTILES MASCULINO;Fase Regular;Torneo Reclasificatorio;RECLASIFICACION;OESTE;3C;6;26/04/2026;PORTEÑO ATHLETIC CLUB B;47;MUNICIPALIDAD DE HURLINGHAM;58
2026;INFANTILES MASCULINO;Fase Regular;Torneo Reclasificatorio;RECLASIFICACION;OESTE;3C;7;03/05/2026;HURACAN DE SAN JUSTO B;0;PORTEÑO ATHLETIC CLUB B;20
2026;INFANTILES MASCULINO;Fase Regular;Torneo Reclasificatorio;RECLASIFICACION;OESTE;3C;7;03/05/2026;MUNICIPALIDAD DE HURLINGHAM;64;C.A.S.A PADUA B;32
2026;INFANTILES MASCULINO;Fase Regular;Torneo Reclasificatorio;RECLASIFICACION;OESTE;3C;7;03/05/2026;ARGENTINO DE CASTELAR C;29;CIUDADELA NORTE;51
2026;INFANTILES MASCULINO;Fase Regular;Torneo Reclasificatorio;RECLASIFICACION;OESTE;3C;7;03/05/2026;GIMNASIA Y ESGRIMA DE ITUZAINGO C;27;ITALIANO DE JOSE C PAZ;58
2026;INFANTILES MASCULINO;Fase Regular;Torneo Reclasificatorio;RECLASIFICACION;OESTE;3C;7;03/05/2026;EL PALOMAR;44;SPORTIVO HAEDO;49
2026;INFANTILES MASCULINO;Fase Regular;Torneo Reclasificatorio;RECLASIFICACION;OESTE;3C;8;10/05/2026;EL PALOMAR;20;HURACAN DE SAN JUSTO B;0
2026;INFANTILES MASCULINO;Fase Regular;Torneo Reclasificatorio;RECLASIFICACION;OESTE;3C;8;10/05/2026;SPORTIVO HAEDO;53;GIMNASIA Y ESGRIMA DE ITUZAINGO C;27
2026;INFANTILES MASCULINO;Fase Regular;Torneo Reclasificatorio;RECLASIFICACION;OESTE;3C;8;10/05/2026;ITALIANO DE JOSE C PAZ;43;ARGENTINO DE CASTELAR C;26
2026;INFANTILES MASCULINO;Fase Regular;Torneo Reclasificatorio;RECLASIFICACION;OESTE;3C;8;10/05/2026;CIUDADELA NORTE;0;MUNICIPALIDAD DE HURLINGHAM;20
2026;INFANTILES MASCULINO;Fase Regular;Torneo Reclasificatorio;RECLASIFICACION;OESTE;3C;8;10/05/2026;C.A.S.A PADUA B;33;PORTEÑO ATHLETIC CLUB B;42
2026;INFANTILES MASCULINO;Fase Regular;Torneo Reclasificatorio;RECLASIFICACION;OESTE;3C;9;17/05/2026;HURACAN DE SAN JUSTO B;0;C.A.S.A PADUA B;20
2026;INFANTILES MASCULINO;Fase Regular;Torneo Reclasificatorio;RECLASIFICACION;OESTE;3C;9;17/05/2026;PORTEÑO ATHLETIC CLUB B;59;CIUDADELA NORTE;65
2026;INFANTILES MASCULINO;Fase Regular;Torneo Reclasificatorio;RECLASIFICACION;OESTE;3C;9;17/05/2026;MUNICIPALIDAD DE HURLINGHAM;46;ITALIANO DE JOSE C PAZ;31
2026;INFANTILES MASCULINO;Fase Regular;Torneo Reclasificatorio;RECLASIFICACION;OESTE;3C;9;17/05/2026;ARGENTINO DE CASTELAR C;10;SPORTIVO HAEDO;56
2026;INFANTILES MASCULINO;Fase Regular;Torneo Reclasificatorio;RECLASIFICACION;OESTE;3C;9;17/05/2026;GIMNASIA Y ESGRIMA DE ITUZAINGO C;19;EL PALOMAR;39
2026;INFANTILES MASCULINO;Fase Regular;Torneo Reclasificatorio;RECLASIFICACION;OESTE;3C;10;24/05/2026;GIMNASIA Y ESGRIMA DE ITUZAINGO C;20;HURACAN DE SAN JUSTO B;0
2026;INFANTILES MASCULINO;Fase Regular;Torneo Reclasificatorio;RECLASIFICACION;OESTE;3C;10;24/05/2026;MUNICIPALIDAD DE HURLINGHAM;32;SPORTIVO HAEDO;39
2026;INFANTILES MASCULINO;Fase Regular;Torneo Reclasificatorio;RECLASIFICACION;OESTE;3C;10;24/05/2026;PORTEÑO ATHLETIC CLUB B;20;ITALIANO DE JOSE C PAZ;0
2026;INFANTILES MASCULINO;Fase Regular;Torneo Reclasificatorio;RECLASIFICACION;OESTE;3C;10;24/05/2026;C.A.S.A PADUA B;20;CIUDADELA NORTE;0
2026;INFANTILES MASCULINO;Fase Regular;Torneo Reclasificatorio;RECLASIFICACION;OESTE;3C;11;31/05/2026;HURACAN DE SAN JUSTO B;0;CIUDADELA NORTE;20
2026;INFANTILES MASCULINO;Fase Regular;Torneo Reclasificatorio;RECLASIFICACION;OESTE;3C;12;07/06/2026;ARGENTINO DE CASTELAR C;20;HURACAN DE SAN JUSTO B;0
2026;INFANTILES MASCULINO;Fase Regular;Torneo Reclasificatorio;RECLASIFICACION;OESTE;3C;13;14/06/2026;HURACAN DE SAN JUSTO B;0;ITALIANO DE JOSE C PAZ;20
2026;INFANTILES MASCULINO;Fase Regular;Torneo Reclasificatorio;RECLASIFICACION;OESTE;3C;14;21/06/2026;MUNICIPALIDAD DE HURLINGHAM;20;HURACAN DE SAN JUSTO B;0
2026;INFANTILES MASCULINO;Fase Regular;Torneo Reclasificatorio;RECLASIFICACION;OESTE;3C;15;28/06/2026;HURACAN DE SAN JUSTO B;0;SPORTIVO HAEDO;20
2026;INFANTILES MASCULINO;Fase Regular;Torneo Reclasificatorio;RECLASIFICACION;OESTE;3C;16;05/07/2026;PORTEÑO ATHLETIC CLUB B;20;HURACAN DE SAN JUSTO B;0
2026;INFANTILES MASCULINO;Fase Regular;Torneo Reclasificatorio;RECLASIFICACION;OESTE;3C;17;12/07/2026;HURACAN DE SAN JUSTO B;0;EL PALOMAR;20
2026;INFANTILES MASCULINO;Fase Regular;Torneo Reclasificatorio;RECLASIFICACION;OESTE;3C;18;19/07/2026;C.A.S.A PADUA B;20;HURACAN DE SAN JUSTO B;0
2026;INFANTILES MASCULINO;Fase Regular;Torneo Reclasificatorio;RECLASIFICACION;SUR;2A;1;15/03/2026;LA UNION;0;LANUS B;20
2026;INFANTILES MASCULINO;Fase Regular;Torneo Reclasificatorio;RECLASIFICACION;SUR;2A;1;15/03/2026;CLUB ATLETICO PAMPERO;78;TAMBEROS UNIDOS;16
2026;INFANTILES MASCULINO;Fase Regular;Torneo Reclasificatorio;RECLASIFICACION;SUR;2A;1;15/03/2026;CLUB ATLETICO BERNAL;84;GUILLON BASQUET;45
2026;INFANTILES MASCULINO;Fase Regular;Torneo Reclasificatorio;RECLASIFICACION;SUR;2A;2;22/03/2026;GUILLON BASQUET;21;CLUB ATLETICO PAMPERO;75
2026;INFANTILES MASCULINO;Fase Regular;Torneo Reclasificatorio;RECLASIFICACION;SUR;2A;2;22/03/2026;TAMBEROS UNIDOS;20;LA UNION;0
2026;INFANTILES MASCULINO;Fase Regular;Torneo Reclasificatorio;RECLASIFICACION;SUR;2A;2;22/03/2026;LANUS B;50;JUVENTUD UNIDA;62
2026;INFANTILES MASCULINO;Fase Regular;Torneo Reclasificatorio;RECLASIFICACION;SUR;2A;3;29/03/2026;JUVENTUD UNIDA;56;TAMBEROS UNIDOS;45
2026;INFANTILES MASCULINO;Fase Regular;Torneo Reclasificatorio;RECLASIFICACION;SUR;2A;3;29/03/2026;LA UNION;93;GUILLON BASQUET;38
2026;INFANTILES MASCULINO;Fase Regular;Torneo Reclasificatorio;RECLASIFICACION;SUR;2A;3;29/03/2026;CLUB ATLETICO PAMPERO;49;CLUB ATLETICO BERNAL;57
2026;INFANTILES MASCULINO;Fase Regular;Torneo Reclasificatorio;RECLASIFICACION;SUR;2A;4;12/04/2026;CLUB ATLETICO BERNAL;93;LA UNION;38
2026;INFANTILES MASCULINO;Fase Regular;Torneo Reclasificatorio;RECLASIFICACION;SUR;2A;4;12/04/2026;GUILLON BASQUET;36;JUVENTUD UNIDA;70
2026;INFANTILES MASCULINO;Fase Regular;Torneo Reclasificatorio;RECLASIFICACION;SUR;2A;4;12/04/2026;TAMBEROS UNIDOS;58;LANUS B;39
2026;INFANTILES MASCULINO;Fase Regular;Torneo Reclasificatorio;RECLASIFICACION;SUR;2A;5;19/04/2026;LANUS B;61;GUILLON BASQUET;49
2026;INFANTILES MASCULINO;Fase Regular;Torneo Reclasificatorio;RECLASIFICACION;SUR;2A;5;19/04/2026;JUVENTUD UNIDA;42;CLUB ATLETICO BERNAL;71
2026;INFANTILES MASCULINO;Fase Regular;Torneo Reclasificatorio;RECLASIFICACION;SUR;2A;5;19/04/2026;LA UNION;40;CLUB ATLETICO PAMPERO;96
2026;INFANTILES MASCULINO;Fase Regular;Torneo Reclasificatorio;RECLASIFICACION;SUR;2A;6;26/04/2026;CLUB ATLETICO PAMPERO;67;JUVENTUD UNIDA;68
2026;INFANTILES MASCULINO;Fase Regular;Torneo Reclasificatorio;RECLASIFICACION;SUR;2A;6;26/04/2026;CLUB ATLETICO BERNAL;71;LANUS B;26
2026;INFANTILES MASCULINO;Fase Regular;Torneo Reclasificatorio;RECLASIFICACION;SUR;2A;6;26/04/2026;GUILLON BASQUET;20;TAMBEROS UNIDOS;0
2026;INFANTILES MASCULINO;Fase Regular;Torneo Reclasificatorio;RECLASIFICACION;SUR;2A;7;03/05/2026;TAMBEROS UNIDOS;40;CLUB ATLETICO BERNAL;86
2026;INFANTILES MASCULINO;Fase Regular;Torneo Reclasificatorio;RECLASIFICACION;SUR;2A;7;03/05/2026;LANUS B;47;CLUB ATLETICO PAMPERO;61
2026;INFANTILES MASCULINO;Fase Regular;Torneo Reclasificatorio;RECLASIFICACION;SUR;2A;7;03/05/2026;JUVENTUD UNIDA;20;LA UNION;0
2026;INFANTILES MASCULINO;Fase Regular;Torneo Reclasificatorio;RECLASIFICACION;SUR;2A;8;10/05/2026;LANUS B;20;LA UNION;0
2026;INFANTILES MASCULINO;Fase Regular;Torneo Reclasificatorio;RECLASIFICACION;SUR;2A;8;10/05/2026;TAMBEROS UNIDOS;34;CLUB ATLETICO PAMPERO;37
2026;INFANTILES MASCULINO;Fase Regular;Torneo Reclasificatorio;RECLASIFICACION;SUR;2A;8;10/05/2026;GUILLON BASQUET;21;CLUB ATLETICO BERNAL;93
2026;INFANTILES MASCULINO;Fase Regular;Torneo Reclasificatorio;RECLASIFICACION;SUR;2A;9;17/05/2026;CLUB ATLETICO PAMPERO;55;GUILLON BASQUET;36
2026;INFANTILES MASCULINO;Fase Regular;Torneo Reclasificatorio;RECLASIFICACION;SUR;2A;9;17/05/2026;LA UNION;35;TAMBEROS UNIDOS;36
2026;INFANTILES MASCULINO;Fase Regular;Torneo Reclasificatorio;RECLASIFICACION;SUR;2A;9;17/05/2026;JUVENTUD UNIDA;65;LANUS B;63
2026;INFANTILES MASCULINO;Fase Regular;Torneo Reclasificatorio;RECLASIFICACION;SUR;2A;10;24/05/2026;TAMBEROS UNIDOS;69;JUVENTUD UNIDA;51
2026;INFANTILES MASCULINO;Fase Regular;Torneo Reclasificatorio;RECLASIFICACION;SUR;2A;10;24/05/2026;GUILLON BASQUET;20;LA UNION;0
2026;INFANTILES MASCULINO;Fase Regular;Torneo Reclasificatorio;RECLASIFICACION;SUR;2A;10;24/05/2026;CLUB ATLETICO BERNAL;72;CLUB ATLETICO PAMPERO;29
2026;INFANTILES MASCULINO;Fase Regular;Torneo Reclasificatorio;RECLASIFICACION;SUR;2B;1;15/03/2026;DEFENSORES DE GLEW;104;COUNTRY BANFIELD B;6
2026;INFANTILES MASCULINO;Fase Regular;Torneo Reclasificatorio;RECLASIFICACION;SUR;2B;1;15/03/2026;LUZ Y ARTE;91;CLUB ATLETICO 9 DE JULIO DE LANUS;20
2026;INFANTILES MASCULINO;Fase Regular;Torneo Reclasificatorio;RECLASIFICACION;SUR;2B;1;15/03/2026;MORENO DE QUILMES;123;CLUB  ATLETICO Y PROGRESO DE BRANDSEN;3
2026;INFANTILES MASCULINO;Fase Regular;Torneo Reclasificatorio;RECLASIFICACION;SUR;2B;1;15/03/2026;COOPERARIOS;130;TALLERES;4
2026;INFANTILES MASCULINO;Fase Regular;Torneo Reclasificatorio;RECLASIFICACION;SUR;2B;1;15/03/2026;DEFENSORES DE BANFIELD;77;MONTE GRANDE B;14
2026;INFANTILES MASCULINO;Fase Regular;Torneo Reclasificatorio;RECLASIFICACION;SUR;2B;2;22/03/2026;DEFENSORES DE BANFIELD;49;DEFENSORES DE GLEW;67
2026;INFANTILES MASCULINO;Fase Regular;Torneo Reclasificatorio;RECLASIFICACION;SUR;2B;2;22/03/2026;MONTE GRANDE B;9;COOPERARIOS;123
2026;INFANTILES MASCULINO;Fase Regular;Torneo Reclasificatorio;RECLASIFICACION;SUR;2B;2;22/03/2026;TALLERES;19;MORENO DE QUILMES;73
2026;INFANTILES MASCULINO;Fase Regular;Torneo Reclasificatorio;RECLASIFICACION;SUR;2B;2;22/03/2026;CLUB  ATLETICO Y PROGRESO DE BRANDSEN;9;LUZ Y ARTE;74
2026;INFANTILES MASCULINO;Fase Regular;Torneo Reclasificatorio;RECLASIFICACION;SUR;2B;2;22/03/2026;CLUB ATLETICO 9 DE JULIO DE LANUS;20;COUNTRY BANFIELD B;0
2026;INFANTILES MASCULINO;Fase Regular;Torneo Reclasificatorio;RECLASIFICACION;SUR;2B;3;29/03/2026;DEFENSORES DE GLEW;84;CLUB ATLETICO 9 DE JULIO DE LANUS;15
2026;INFANTILES MASCULINO;Fase Regular;Torneo Reclasificatorio;RECLASIFICACION;SUR;2B;3;29/03/2026;COUNTRY BANFIELD B;20;CLUB  ATLETICO Y PROGRESO DE BRANDSEN;25
2026;INFANTILES MASCULINO;Fase Regular;Torneo Reclasificatorio;RECLASIFICACION;SUR;2B;3;29/03/2026;LUZ Y ARTE;83;TALLERES;24
2026;INFANTILES MASCULINO;Fase Regular;Torneo Reclasificatorio;RECLASIFICACION;SUR;2B;3;29/03/2026;MORENO DE QUILMES;87;MONTE GRANDE B;37
2026;INFANTILES MASCULINO;Fase Regular;Torneo Reclasificatorio;RECLASIFICACION;SUR;2B;3;29/03/2026;COOPERARIOS;66;DEFENSORES DE BANFIELD;28
2026;INFANTILES MASCULINO;Fase Regular;Torneo Reclasificatorio;RECLASIFICACION;SUR;2B;4;12/04/2026;COOPERARIOS;82;DEFENSORES DE GLEW;44
2026;INFANTILES MASCULINO;Fase Regular;Torneo Reclasificatorio;RECLASIFICACION;SUR;2B;4;12/04/2026;DEFENSORES DE BANFIELD;25;MORENO DE QUILMES;63
2026;INFANTILES MASCULINO;Fase Regular;Torneo Reclasificatorio;RECLASIFICACION;SUR;2B;4;12/04/2026;MONTE GRANDE B;27;LUZ Y ARTE;83
2026;INFANTILES MASCULINO;Fase Regular;Torneo Reclasificatorio;RECLASIFICACION;SUR;2B;4;12/04/2026;TALLERES;27;COUNTRY BANFIELD B;30
2026;INFANTILES MASCULINO;Fase Regular;Torneo Reclasificatorio;RECLASIFICACION;SUR;2B;4;12/04/2026;CLUB  ATLETICO Y PROGRESO DE BRANDSEN;45;CLUB ATLETICO 9 DE JULIO DE LANUS;50
2026;INFANTILES MASCULINO;Fase Regular;Torneo Reclasificatorio;RECLASIFICACION;SUR;2B;5;19/04/2026;DEFENSORES DE GLEW;75;CLUB  ATLETICO Y PROGRESO DE BRANDSEN;1
2026;INFANTILES MASCULINO;Fase Regular;Torneo Reclasificatorio;RECLASIFICACION;SUR;2B;5;19/04/2026;CLUB ATLETICO 9 DE JULIO DE LANUS;20;TALLERES;0
2026;INFANTILES MASCULINO;Fase Regular;Torneo Reclasificatorio;RECLASIFICACION;SUR;2B;5;19/04/2026;COUNTRY BANFIELD B;24;MONTE GRANDE B;34
2026;INFANTILES MASCULINO;Fase Regular;Torneo Reclasificatorio;RECLASIFICACION;SUR;2B;5;19/04/2026;LUZ Y ARTE;45;DEFENSORES DE BANFIELD;57
2026;INFANTILES MASCULINO;Fase Regular;Torneo Reclasificatorio;RECLASIFICACION;SUR;2B;5;19/04/2026;MORENO DE QUILMES;42;COOPERARIOS;72
2026;INFANTILES MASCULINO;Fase Regular;Torneo Reclasificatorio;RECLASIFICACION;SUR;2B;6;26/04/2026;MORENO DE QUILMES;83;DEFENSORES DE GLEW;73
2026;INFANTILES MASCULINO;Fase Regular;Torneo Reclasificatorio;RECLASIFICACION;SUR;2B;6;26/04/2026;COOPERARIOS;78;LUZ Y ARTE;23
2026;INFANTILES MASCULINO;Fase Regular;Torneo Reclasificatorio;RECLASIFICACION;SUR;2B;6;26/04/2026;DEFENSORES DE BANFIELD;68;COUNTRY BANFIELD B;19
2026;INFANTILES MASCULINO;Fase Regular;Torneo Reclasificatorio;RECLASIFICACION;SUR;2B;6;26/04/2026;MONTE GRANDE B;58;CLUB ATLETICO 9 DE JULIO DE LANUS;51
2026;INFANTILES MASCULINO;Fase Regular;Torneo Reclasificatorio;RECLASIFICACION;SUR;2B;6;26/04/2026;TALLERES;29;CLUB  ATLETICO Y PROGRESO DE BRANDSEN;32
2026;INFANTILES MASCULINO;Fase Regular;Torneo Reclasificatorio;RECLASIFICACION;SUR;2B;7;03/05/2026;DEFENSORES DE GLEW;94;TALLERES;14
2026;INFANTILES MASCULINO;Fase Regular;Torneo Reclasificatorio;RECLASIFICACION;SUR;2B;7;03/05/2026;CLUB  ATLETICO Y PROGRESO DE BRANDSEN;23;MONTE GRANDE B;43
2026;INFANTILES MASCULINO;Fase Regular;Torneo Reclasificatorio;RECLASIFICACION;SUR;2B;7;03/05/2026;CLUB ATLETICO 9 DE JULIO DE LANUS;30;DEFENSORES DE BANFIELD;90
2026;INFANTILES MASCULINO;Fase Regular;Torneo Reclasificatorio;RECLASIFICACION;SUR;2B;7;03/05/2026;COUNTRY BANFIELD B;6;COOPERARIOS;108
2026;INFANTILES MASCULINO;Fase Regular;Torneo Reclasificatorio;RECLASIFICACION;SUR;2B;7;03/05/2026;LUZ Y ARTE;31;MORENO DE QUILMES;93
2026;INFANTILES MASCULINO;Fase Regular;Torneo Reclasificatorio;RECLASIFICACION;SUR;2B;8;10/05/2026;LUZ Y ARTE;20;DEFENSORES DE GLEW;0
2026;INFANTILES MASCULINO;Fase Regular;Torneo Reclasificatorio;RECLASIFICACION;SUR;2B;8;10/05/2026;MORENO DE QUILMES;73;COUNTRY BANFIELD B;17
2026;INFANTILES MASCULINO;Fase Regular;Torneo Reclasificatorio;RECLASIFICACION;SUR;2B;8;10/05/2026;COOPERARIOS;156;CLUB ATLETICO 9 DE JULIO DE LANUS;19
2026;INFANTILES MASCULINO;Fase Regular;Torneo Reclasificatorio;RECLASIFICACION;SUR;2B;8;10/05/2026;DEFENSORES DE BANFIELD;75;CLUB  ATLETICO Y PROGRESO DE BRANDSEN;20
2026;INFANTILES MASCULINO;Fase Regular;Torneo Reclasificatorio;RECLASIFICACION;SUR;2B;8;10/05/2026;MONTE GRANDE B;57;TALLERES;36
2026;INFANTILES MASCULINO;Fase Regular;Torneo Reclasificatorio;RECLASIFICACION;SUR;2B;9;17/05/2026;DEFENSORES DE GLEW;101;MONTE GRANDE B;11
2026;INFANTILES MASCULINO;Fase Regular;Torneo Reclasificatorio;RECLASIFICACION;SUR;2B;9;17/05/2026;TALLERES;11;DEFENSORES DE BANFIELD;59
2026;INFANTILES MASCULINO;Fase Regular;Torneo Reclasificatorio;RECLASIFICACION;SUR;2B;9;17/05/2026;CLUB  ATLETICO Y PROGRESO DE BRANDSEN;9;COOPERARIOS;91
2026;INFANTILES MASCULINO;Fase Regular;Torneo Reclasificatorio;RECLASIFICACION;SUR;2B;9;17/05/2026;CLUB ATLETICO 9 DE JULIO DE LANUS;29;MORENO DE QUILMES;107
2026;INFANTILES MASCULINO;Fase Regular;Torneo Reclasificatorio;RECLASIFICACION;SUR;2B;9;17/05/2026;COUNTRY BANFIELD B;12;LUZ Y ARTE;65
2026;INFANTILES MASCULINO;Fase Regular;Torneo Reclasificatorio;RECLASIFICACION;SUR;2B;10;24/05/2026;COUNTRY BANFIELD B;19;DEFENSORES DE GLEW;44
2026;INFANTILES MASCULINO;Fase Regular;Torneo Reclasificatorio;RECLASIFICACION;SUR;2B;10;24/05/2026;CLUB ATLETICO 9 DE JULIO DE LANUS;25;LUZ Y ARTE;84
2026;INFANTILES MASCULINO;Fase Regular;Torneo Reclasificatorio;RECLASIFICACION;SUR;2B;10;24/05/2026;CLUB  ATLETICO Y PROGRESO DE BRANDSEN;16;MORENO DE QUILMES;96
2026;INFANTILES MASCULINO;Fase Regular;Torneo Reclasificatorio;RECLASIFICACION;SUR;2B;10;24/05/2026;TALLERES;5;COOPERARIOS;76
2026;INFANTILES MASCULINO;Fase Regular;Torneo Reclasificatorio;RECLASIFICACION;SUR;2B;10;24/05/2026;MONTE GRANDE B;23;DEFENSORES DE BANFIELD;69
2026;INFANTILES MASCULINO;Fase Regular;Torneo Reclasificatorio;RECLASIFICACION;SUR;2C;1;15/03/2026;CLUB EL FOGON;38;TAPONAZO  FUTBOL CLUB;35
2026;INFANTILES MASCULINO;Fase Regular;Torneo Reclasificatorio;RECLASIFICACION;SUR;2C;1;15/03/2026;VILLA ESPAÑA;75;SOCIAL LANUS;44
2026;INFANTILES MASCULINO;Fase Regular;Torneo Reclasificatorio;RECLASIFICACION;SUR;2C;1;15/03/2026;BERAZATEGUI;113;GIMNASIA y ESGRIMA DE LOMAS DE ZAMORA B;15
2026;INFANTILES MASCULINO;Fase Regular;Torneo Reclasificatorio;RECLASIFICACION;SUR;2C;1;15/03/2026;SPORTIVO ALSINA;20;COLON FC;0
2026;INFANTILES MASCULINO;Fase Regular;Torneo Reclasificatorio;RECLASIFICACION;SUR;2C;1;15/03/2026;MUNICIPALIDAD DE AVELLANEDA;35;GIMNASIA Y ESGRIMA DE LA PLATA B;27
2026;INFANTILES MASCULINO;Fase Regular;Torneo Reclasificatorio;RECLASIFICACION;SUR;2C;2;22/03/2026;MUNICIPALIDAD DE AVELLANEDA;51;CLUB EL FOGON;47
2026;INFANTILES MASCULINO;Fase Regular;Torneo Reclasificatorio;RECLASIFICACION;SUR;2C;2;22/03/2026;GIMNASIA Y ESGRIMA DE LA PLATA B;67;SPORTIVO ALSINA;32
2026;INFANTILES MASCULINO;Fase Regular;Torneo Reclasificatorio;RECLASIFICACION;SUR;2C;2;22/03/2026;COLON FC;23;BERAZATEGUI;90
2026;INFANTILES MASCULINO;Fase Regular;Torneo Reclasificatorio;RECLASIFICACION;SUR;2C;2;22/03/2026;GIMNASIA y ESGRIMA DE LOMAS DE ZAMORA B;17;VILLA ESPAÑA;84
2026;INFANTILES MASCULINO;Fase Regular;Torneo Reclasificatorio;RECLASIFICACION;SUR;2C;2;22/03/2026;SOCIAL LANUS;93;TAPONAZO  FUTBOL CLUB;21
2026;INFANTILES MASCULINO;Fase Regular;Torneo Reclasificatorio;RECLASIFICACION;SUR;2C;3;29/03/2026;CLUB EL FOGON;19;SOCIAL LANUS;41
2026;INFANTILES MASCULINO;Fase Regular;Torneo Reclasificatorio;RECLASIFICACION;SUR;2C;3;29/03/2026;TAPONAZO  FUTBOL CLUB;28;GIMNASIA y ESGRIMA DE LOMAS DE ZAMORA B;50
2026;INFANTILES MASCULINO;Fase Regular;Torneo Reclasificatorio;RECLASIFICACION;SUR;2C;3;29/03/2026;VILLA ESPAÑA;102;COLON FC;31
2026;INFANTILES MASCULINO;Fase Regular;Torneo Reclasificatorio;RECLASIFICACION;SUR;2C;3;29/03/2026;BERAZATEGUI;98;GIMNASIA Y ESGRIMA DE LA PLATA B;27
2026;INFANTILES MASCULINO;Fase Regular;Torneo Reclasificatorio;RECLASIFICACION;SUR;2C;3;29/03/2026;SPORTIVO ALSINA;39;MUNICIPALIDAD DE AVELLANEDA;49
2026;INFANTILES MASCULINO;Fase Regular;Torneo Reclasificatorio;RECLASIFICACION;SUR;2C;4;12/04/2026;SPORTIVO ALSINA;37;CLUB EL FOGON;47
2026;INFANTILES MASCULINO;Fase Regular;Torneo Reclasificatorio;RECLASIFICACION;SUR;2C;4;12/04/2026;MUNICIPALIDAD DE AVELLANEDA;26;BERAZATEGUI;85
2026;INFANTILES MASCULINO;Fase Regular;Torneo Reclasificatorio;RECLASIFICACION;SUR;2C;4;12/04/2026;GIMNASIA Y ESGRIMA DE LA PLATA B;59;VILLA ESPAÑA;54
2026;INFANTILES MASCULINO;Fase Regular;Torneo Reclasificatorio;RECLASIFICACION;SUR;2C;4;12/04/2026;COLON FC;96;TAPONAZO  FUTBOL CLUB;25
2026;INFANTILES MASCULINO;Fase Regular;Torneo Reclasificatorio;RECLASIFICACION;SUR;2C;4;12/04/2026;GIMNASIA y ESGRIMA DE LOMAS DE ZAMORA B;21;SOCIAL LANUS;49
2026;INFANTILES MASCULINO;Fase Regular;Torneo Reclasificatorio;RECLASIFICACION;SUR;2C;5;19/04/2026;CLUB EL FOGON;33;GIMNASIA y ESGRIMA DE LOMAS DE ZAMORA B;34
2026;INFANTILES MASCULINO;Fase Regular;Torneo Reclasificatorio;RECLASIFICACION;SUR;2C;5;19/04/2026;SOCIAL LANUS;48;COLON FC;37
2026;INFANTILES MASCULINO;Fase Regular;Torneo Reclasificatorio;RECLASIFICACION;SUR;2C;5;19/04/2026;TAPONAZO  FUTBOL CLUB;23;GIMNASIA Y ESGRIMA DE LA PLATA B;104
2026;INFANTILES MASCULINO;Fase Regular;Torneo Reclasificatorio;RECLASIFICACION;SUR;2C;5;19/04/2026;VILLA ESPAÑA;75;MUNICIPALIDAD DE AVELLANEDA;33
2026;INFANTILES MASCULINO;Fase Regular;Torneo Reclasificatorio;RECLASIFICACION;SUR;2C;5;19/04/2026;BERAZATEGUI;108;SPORTIVO ALSINA;6
2026;INFANTILES MASCULINO;Fase Regular;Torneo Reclasificatorio;RECLASIFICACION;SUR;2C;6;26/04/2026;BERAZATEGUI;125;CLUB EL FOGON;18
2026;INFANTILES MASCULINO;Fase Regular;Torneo Reclasificatorio;RECLASIFICACION;SUR;2C;6;26/04/2026;SPORTIVO ALSINA;31;VILLA ESPAÑA;89
2026;INFANTILES MASCULINO;Fase Regular;Torneo Reclasificatorio;RECLASIFICACION;SUR;2C;6;26/04/2026;MUNICIPALIDAD DE AVELLANEDA;72;TAPONAZO  FUTBOL CLUB;28
2026;INFANTILES MASCULINO;Fase Regular;Torneo Reclasificatorio;RECLASIFICACION;SUR;2C;6;26/04/2026;GIMNASIA Y ESGRIMA DE LA PLATA B;39;SOCIAL LANUS;50
2026;INFANTILES MASCULINO;Fase Regular;Torneo Reclasificatorio;RECLASIFICACION;SUR;2C;6;26/04/2026;COLON FC;62;GIMNASIA y ESGRIMA DE LOMAS DE ZAMORA B;39
2026;INFANTILES MASCULINO;Fase Regular;Torneo Reclasificatorio;RECLASIFICACION;SUR;2C;7;03/05/2026;CLUB EL FOGON;31;COLON FC;49
2026;INFANTILES MASCULINO;Fase Regular;Torneo Reclasificatorio;RECLASIFICACION;SUR;2C;7;03/05/2026;GIMNASIA y ESGRIMA DE LOMAS DE ZAMORA B;29;GIMNASIA Y ESGRIMA DE LA PLATA B;50
2026;INFANTILES MASCULINO;Fase Regular;Torneo Reclasificatorio;RECLASIFICACION;SUR;2C;7;03/05/2026;SOCIAL LANUS;62;MUNICIPALIDAD DE AVELLANEDA;39
2026;INFANTILES MASCULINO;Fase Regular;Torneo Reclasificatorio;RECLASIFICACION;SUR;2C;7;03/05/2026;TAPONAZO  FUTBOL CLUB;29;SPORTIVO ALSINA;63
2026;INFANTILES MASCULINO;Fase Regular;Torneo Reclasificatorio;RECLASIFICACION;SUR;2C;7;03/05/2026;VILLA ESPAÑA;36;BERAZATEGUI;83
2026;INFANTILES MASCULINO;Fase Regular;Torneo Reclasificatorio;RECLASIFICACION;SUR;2C;8;10/05/2026;VILLA ESPAÑA;80;CLUB EL FOGON;31
2026;INFANTILES MASCULINO;Fase Regular;Torneo Reclasificatorio;RECLASIFICACION;SUR;2C;8;10/05/2026;BERAZATEGUI;133;TAPONAZO  FUTBOL CLUB;2
2026;INFANTILES MASCULINO;Fase Regular;Torneo Reclasificatorio;RECLASIFICACION;SUR;2C;8;10/05/2026;SPORTIVO ALSINA;33;SOCIAL LANUS;61
2026;INFANTILES MASCULINO;Fase Regular;Torneo Reclasificatorio;RECLASIFICACION;SUR;2C;8;10/05/2026;MUNICIPALIDAD DE AVELLANEDA;47;GIMNASIA y ESGRIMA DE LOMAS DE ZAMORA B;44
2026;INFANTILES MASCULINO;Fase Regular;Torneo Reclasificatorio;RECLASIFICACION;SUR;2C;8;10/05/2026;GIMNASIA Y ESGRIMA DE LA PLATA B;55;COLON FC;44
2026;INFANTILES MASCULINO;Fase Regular;Torneo Reclasificatorio;RECLASIFICACION;SUR;2C;9;17/05/2026;CLUB EL FOGON;21;GIMNASIA Y ESGRIMA DE LA PLATA B;58
2026;INFANTILES MASCULINO;Fase Regular;Torneo Reclasificatorio;RECLASIFICACION;SUR;2C;9;17/05/2026;COLON FC;51;MUNICIPALIDAD DE AVELLANEDA;33
2026;INFANTILES MASCULINO;Fase Regular;Torneo Reclasificatorio;RECLASIFICACION;SUR;2C;9;17/05/2026;GIMNASIA y ESGRIMA DE LOMAS DE ZAMORA B;32;SPORTIVO ALSINA;46
2026;INFANTILES MASCULINO;Fase Regular;Torneo Reclasificatorio;RECLASIFICACION;SUR;2C;9;17/05/2026;SOCIAL LANUS;35;BERAZATEGUI;65
2026;INFANTILES MASCULINO;Fase Regular;Torneo Reclasificatorio;RECLASIFICACION;SUR;2C;9;17/05/2026;TAPONAZO  FUTBOL CLUB;48;VILLA ESPAÑA;59
2026;INFANTILES MASCULINO;Fase Regular;Torneo Reclasificatorio;RECLASIFICACION;SUR;2C;10;24/05/2026;TAPONAZO  FUTBOL CLUB;43;CLUB EL FOGON;57
2026;INFANTILES MASCULINO;Fase Regular;Torneo Reclasificatorio;RECLASIFICACION;SUR;2C;10;24/05/2026;SOCIAL LANUS;20;VILLA ESPAÑA;0
2026;INFANTILES MASCULINO;Fase Regular;Torneo Reclasificatorio;RECLASIFICACION;SUR;2C;10;24/05/2026;GIMNASIA y ESGRIMA DE LOMAS DE ZAMORA B;10;BERAZATEGUI;77
2026;INFANTILES MASCULINO;Fase Regular;Torneo Reclasificatorio;RECLASIFICACION;SUR;2C;10;24/05/2026;COLON FC;50;SPORTIVO ALSINA;49
2026;INFANTILES MASCULINO;Fase Regular;Torneo Reclasificatorio;RECLASIFICACION;SUR;2C;10;24/05/2026;GIMNASIA Y ESGRIMA DE LA PLATA B;46;MUNICIPALIDAD DE AVELLANEDA;45
2026;INFANTILES MASCULINO;Fase Regular;Torneo Clasificacion;CLASIFICACION;NORTE;1A;1;15/03/2026;SPORTIVO PILAR A;95;PLATENSE A;40
2026;INFANTILES MASCULINO;Fase Regular;Torneo Clasificacion;CLASIFICACION;NORTE;1A;1;15/03/2026;EL TALAR;29;SPORTIVO ESCOBAR;83
2026;INFANTILES MASCULINO;Fase Regular;Torneo Clasificacion;CLASIFICACION;NORTE;1A;1;15/03/2026;CAZA Y PESCA A;89;PRESIDENTE DERQUI;28
2026;INFANTILES MASCULINO;Fase Regular;Torneo Clasificacion;CLASIFICACION;NORTE;1A;1;15/03/2026;SAN FERNANDO A;85;CLUB ATLETICO PILAR;22
2026;INFANTILES MASCULINO;Fase Regular;Torneo Clasificacion;CLASIFICACION;NORTE;1A;2;22/03/2026;SAN FERNANDO A;41;SPORTIVO PILAR A;85
2026;INFANTILES MASCULINO;Fase Regular;Torneo Clasificacion;CLASIFICACION;NORTE;1A;2;22/03/2026;CLUB ATLETICO PILAR;21;CAZA Y PESCA A;118
2026;INFANTILES MASCULINO;Fase Regular;Torneo Clasificacion;CLASIFICACION;NORTE;1A;2;22/03/2026;PRESIDENTE DERQUI;62;EL TALAR;53
2026;INFANTILES MASCULINO;Fase Regular;Torneo Clasificacion;CLASIFICACION;NORTE;1A;2;22/03/2026;SPORTIVO ESCOBAR;57;PLATENSE A;48
2026;INFANTILES MASCULINO;Fase Regular;Torneo Clasificacion;CLASIFICACION;NORTE;1A;3;29/03/2026;SPORTIVO PILAR A;90;SPORTIVO ESCOBAR;52
2026;INFANTILES MASCULINO;Fase Regular;Torneo Clasificacion;CLASIFICACION;NORTE;1A;3;29/03/2026;PLATENSE A;62;PRESIDENTE DERQUI;44
2026;INFANTILES MASCULINO;Fase Regular;Torneo Clasificacion;CLASIFICACION;NORTE;1A;3;29/03/2026;EL TALAR;72;CLUB ATLETICO PILAR;45
2026;INFANTILES MASCULINO;Fase Regular;Torneo Clasificacion;CLASIFICACION;NORTE;1A;3;29/03/2026;CAZA Y PESCA A;73;SAN FERNANDO A;38
2026;INFANTILES MASCULINO;Fase Regular;Torneo Clasificacion;CLASIFICACION;NORTE;1A;4;12/04/2026;CAZA Y PESCA A;80;SPORTIVO PILAR A;88
2026;INFANTILES MASCULINO;Fase Regular;Torneo Clasificacion;CLASIFICACION;NORTE;1A;4;12/04/2026;SAN FERNANDO A;73;EL TALAR;45
2026;INFANTILES MASCULINO;Fase Regular;Torneo Clasificacion;CLASIFICACION;NORTE;1A;4;12/04/2026;CLUB ATLETICO PILAR;37;PLATENSE A;90
2026;INFANTILES MASCULINO;Fase Regular;Torneo Clasificacion;CLASIFICACION;NORTE;1A;4;12/04/2026;PRESIDENTE DERQUI;40;SPORTIVO ESCOBAR;81
2026;INFANTILES MASCULINO;Fase Regular;Torneo Clasificacion;CLASIFICACION;NORTE;1A;5;19/04/2026;SPORTIVO PILAR A;99;PRESIDENTE DERQUI;34
2026;INFANTILES MASCULINO;Fase Regular;Torneo Clasificacion;CLASIFICACION;NORTE;1A;5;19/04/2026;SPORTIVO ESCOBAR;98;CLUB ATLETICO PILAR;30
2026;INFANTILES MASCULINO;Fase Regular;Torneo Clasificacion;CLASIFICACION;NORTE;1A;5;19/04/2026;PLATENSE A;57;SAN FERNANDO A;65
2026;INFANTILES MASCULINO;Fase Regular;Torneo Clasificacion;CLASIFICACION;NORTE;1A;5;19/04/2026;EL TALAR;26;CAZA Y PESCA A;97
2026;INFANTILES MASCULINO;Fase Regular;Torneo Clasificacion;CLASIFICACION;NORTE;1A;6;26/04/2026;EL TALAR;26;SPORTIVO PILAR A;124
2026;INFANTILES MASCULINO;Fase Regular;Torneo Clasificacion;CLASIFICACION;NORTE;1A;6;26/04/2026;CAZA Y PESCA A;62;PLATENSE A;46
2026;INFANTILES MASCULINO;Fase Regular;Torneo Clasificacion;CLASIFICACION;NORTE;1A;6;26/04/2026;SAN FERNANDO A;40;SPORTIVO ESCOBAR;69
2026;INFANTILES MASCULINO;Fase Regular;Torneo Clasificacion;CLASIFICACION;NORTE;1A;6;26/04/2026;CLUB ATLETICO PILAR;39;PRESIDENTE DERQUI;69
2026;INFANTILES MASCULINO;Fase Regular;Torneo Clasificacion;CLASIFICACION;NORTE;1A;7;03/05/2026;SPORTIVO PILAR A;121;CLUB ATLETICO PILAR;22
2026;INFANTILES MASCULINO;Fase Regular;Torneo Clasificacion;CLASIFICACION;NORTE;1A;7;03/05/2026;PRESIDENTE DERQUI;57;SAN FERNANDO A;49
2026;INFANTILES MASCULINO;Fase Regular;Torneo Clasificacion;CLASIFICACION;NORTE;1A;7;03/05/2026;SPORTIVO ESCOBAR;46;CAZA Y PESCA A;81
2026;INFANTILES MASCULINO;Fase Regular;Torneo Clasificacion;CLASIFICACION;NORTE;1A;7;03/05/2026;PLATENSE A;50;EL TALAR;46
2026;INFANTILES MASCULINO;Fase Regular;Torneo Clasificacion;CLASIFICACION;NORTE;1A;8;10/05/2026;PLATENSE A;43;SPORTIVO PILAR A;95
2026;INFANTILES MASCULINO;Fase Regular;Torneo Clasificacion;CLASIFICACION;NORTE;1A;8;10/05/2026;SPORTIVO ESCOBAR;55;EL TALAR;43
2026;INFANTILES MASCULINO;Fase Regular;Torneo Clasificacion;CLASIFICACION;NORTE;1A;8;10/05/2026;PRESIDENTE DERQUI;45;CAZA Y PESCA A;80
2026;INFANTILES MASCULINO;Fase Regular;Torneo Clasificacion;CLASIFICACION;NORTE;1A;8;10/05/2026;CLUB ATLETICO PILAR;58;SAN FERNANDO A;69
2026;INFANTILES MASCULINO;Fase Regular;Torneo Clasificacion;CLASIFICACION;NORTE;1A;9;17/05/2026;SPORTIVO PILAR A;111;SAN FERNANDO A;53
2026;INFANTILES MASCULINO;Fase Regular;Torneo Clasificacion;CLASIFICACION;NORTE;1A;9;17/05/2026;CAZA Y PESCA A;110;CLUB ATLETICO PILAR;30
2026;INFANTILES MASCULINO;Fase Regular;Torneo Clasificacion;CLASIFICACION;NORTE;1A;9;17/05/2026;EL TALAR;47;PRESIDENTE DERQUI;41
2026;INFANTILES MASCULINO;Fase Regular;Torneo Clasificacion;CLASIFICACION;NORTE;1A;9;17/05/2026;PLATENSE A;66;SPORTIVO ESCOBAR;76
2026;INFANTILES MASCULINO;Fase Regular;Torneo Clasificacion;CLASIFICACION;NORTE;1A;10;24/05/2026;SPORTIVO ESCOBAR;71;SPORTIVO PILAR A;84
2026;INFANTILES MASCULINO;Fase Regular;Torneo Clasificacion;CLASIFICACION;NORTE;1A;10;24/05/2026;PRESIDENTE DERQUI;59;PLATENSE A;54
2026;INFANTILES MASCULINO;Fase Regular;Torneo Clasificacion;CLASIFICACION;NORTE;1A;10;24/05/2026;CLUB ATLETICO PILAR;60;EL TALAR;57
2026;INFANTILES MASCULINO;Fase Regular;Torneo Clasificacion;CLASIFICACION;NORTE;1A;10;24/05/2026;SAN FERNANDO A;42;CAZA Y PESCA A;78
2026;INFANTILES MASCULINO;Fase Regular;Torneo Clasificacion;CLASIFICACION;CENTRO;1A;1;15/03/2026;IMPERIO A;126;YUPANQUI;1
2026;INFANTILES MASCULINO;Fase Regular;Torneo Clasificacion;CLASIFICACION;CENTRO;1A;1;15/03/2026;DEPORTIVO CROVARA A;49;COLEGIALES A;38
2026;INFANTILES MASCULINO;Fase Regular;Torneo Clasificacion;CLASIFICACION;CENTRO;1A;1;15/03/2026;COMUNICACIONES A;45;COPELLO;40
2026;INFANTILES MASCULINO;Fase Regular;Torneo Clasificacion;CLASIFICACION;CENTRO;1A;1;15/03/2026;ARQUITECTURA A;69;SAN LORENZO A;54
2026;INFANTILES MASCULINO;Fase Regular;Torneo Clasificacion;CLASIFICACION;CENTRO;1A;2;22/03/2026;ARQUITECTURA A;54;IMPERIO A;72
2026;INFANTILES MASCULINO;Fase Regular;Torneo Clasificacion;CLASIFICACION;CENTRO;1A;2;22/03/2026;SAN LORENZO A;74;COMUNICACIONES A;52
2026;INFANTILES MASCULINO;Fase Regular;Torneo Clasificacion;CLASIFICACION;CENTRO;1A;2;22/03/2026;COPELLO;49;DEPORTIVO CROVARA A;31
2026;INFANTILES MASCULINO;Fase Regular;Torneo Clasificacion;CLASIFICACION;CENTRO;1A;2;22/03/2026;COLEGIALES A;66;YUPANQUI;7
2026;INFANTILES MASCULINO;Fase Regular;Torneo Clasificacion;CLASIFICACION;CENTRO;1A;3;29/03/2026;IMPERIO A;98;COLEGIALES A;21
2026;INFANTILES MASCULINO;Fase Regular;Torneo Clasificacion;CLASIFICACION;CENTRO;1A;3;29/03/2026;YUPANQUI;6;COPELLO;81
2026;INFANTILES MASCULINO;Fase Regular;Torneo Clasificacion;CLASIFICACION;CENTRO;1A;3;29/03/2026;DEPORTIVO CROVARA A;58;SAN LORENZO A;78
2026;INFANTILES MASCULINO;Fase Regular;Torneo Clasificacion;CLASIFICACION;CENTRO;1A;3;29/03/2026;COMUNICACIONES A;41;ARQUITECTURA A;49
2026;INFANTILES MASCULINO;Fase Regular;Torneo Clasificacion;CLASIFICACION;CENTRO;1A;4;12/04/2026;COMUNICACIONES A;42;IMPERIO A;57
2026;INFANTILES MASCULINO;Fase Regular;Torneo Clasificacion;CLASIFICACION;CENTRO;1A;4;12/04/2026;ARQUITECTURA A;76;DEPORTIVO CROVARA A;24
2026;INFANTILES MASCULINO;Fase Regular;Torneo Clasificacion;CLASIFICACION;CENTRO;1A;4;12/04/2026;SAN LORENZO A;106;YUPANQUI;13
2026;INFANTILES MASCULINO;Fase Regular;Torneo Clasificacion;CLASIFICACION;CENTRO;1A;4;12/04/2026;COPELLO;64;COLEGIALES A;23
2026;INFANTILES MASCULINO;Fase Regular;Torneo Clasificacion;CLASIFICACION;CENTRO;1A;5;19/04/2026;IMPERIO A;53;COPELLO;29
2026;INFANTILES MASCULINO;Fase Regular;Torneo Clasificacion;CLASIFICACION;CENTRO;1A;5;19/04/2026;COLEGIALES A;14;SAN LORENZO A;69
2026;INFANTILES MASCULINO;Fase Regular;Torneo Clasificacion;CLASIFICACION;CENTRO;1A;5;19/04/2026;YUPANQUI;6;ARQUITECTURA A;106
2026;INFANTILES MASCULINO;Fase Regular;Torneo Clasificacion;CLASIFICACION;CENTRO;1A;5;19/04/2026;DEPORTIVO CROVARA A;48;COMUNICACIONES A;58
2026;INFANTILES MASCULINO;Fase Regular;Torneo Clasificacion;CLASIFICACION;CENTRO;1A;6;26/04/2026;DEPORTIVO CROVARA A;24;IMPERIO A;71
2026;INFANTILES MASCULINO;Fase Regular;Torneo Clasificacion;CLASIFICACION;CENTRO;1A;6;26/04/2026;COMUNICACIONES A;111;YUPANQUI;5
2026;INFANTILES MASCULINO;Fase Regular;Torneo Clasificacion;CLASIFICACION;CENTRO;1A;6;26/04/2026;ARQUITECTURA A;63;COLEGIALES A;27
2026;INFANTILES MASCULINO;Fase Regular;Torneo Clasificacion;CLASIFICACION;CENTRO;1A;6;26/04/2026;SAN LORENZO A;48;COPELLO;36
2026;INFANTILES MASCULINO;Fase Regular;Torneo Clasificacion;CLASIFICACION;CENTRO;1A;7;03/05/2026;IMPERIO A;91;SAN LORENZO A;25
2026;INFANTILES MASCULINO;Fase Regular;Torneo Clasificacion;CLASIFICACION;CENTRO;1A;7;03/05/2026;COPELLO;38;ARQUITECTURA A;54
2026;INFANTILES MASCULINO;Fase Regular;Torneo Clasificacion;CLASIFICACION;CENTRO;1A;7;03/05/2026;COLEGIALES A;12;COMUNICACIONES A;50
2026;INFANTILES MASCULINO;Fase Regular;Torneo Clasificacion;CLASIFICACION;CENTRO;1A;7;03/05/2026;YUPANQUI;15;DEPORTIVO CROVARA A;109
2026;INFANTILES MASCULINO;Fase Regular;Torneo Clasificacion;CLASIFICACION;CENTRO;1A;8;10/05/2026;YUPANQUI;9;IMPERIO A;97
2026;INFANTILES MASCULINO;Fase Regular;Torneo Clasificacion;CLASIFICACION;CENTRO;1A;8;10/05/2026;COLEGIALES A;37;DEPORTIVO CROVARA A;40
2026;INFANTILES MASCULINO;Fase Regular;Torneo Clasificacion;CLASIFICACION;CENTRO;1A;8;10/05/2026;COPELLO;30;COMUNICACIONES A;50
2026;INFANTILES MASCULINO;Fase Regular;Torneo Clasificacion;CLASIFICACION;CENTRO;1A;8;10/05/2026;SAN LORENZO A;65;ARQUITECTURA A;56
2026;INFANTILES MASCULINO;Fase Regular;Torneo Clasificacion;CLASIFICACION;CENTRO;1A;9;17/05/2026;IMPERIO A;61;ARQUITECTURA A;52
2026;INFANTILES MASCULINO;Fase Regular;Torneo Clasificacion;CLASIFICACION;CENTRO;1A;9;17/05/2026;COMUNICACIONES A;57;SAN LORENZO A;56
2026;INFANTILES MASCULINO;Fase Regular;Torneo Clasificacion;CLASIFICACION;CENTRO;1A;9;17/05/2026;DEPORTIVO CROVARA A;53;COPELLO;46
2026;INFANTILES MASCULINO;Fase Regular;Torneo Clasificacion;CLASIFICACION;CENTRO;1A;9;17/05/2026;YUPANQUI;13;COLEGIALES A;82
2026;INFANTILES MASCULINO;Fase Regular;Torneo Clasificacion;CLASIFICACION;CENTRO;1A;10;24/05/2026;COLEGIALES A;19;IMPERIO A;75
2026;INFANTILES MASCULINO;Fase Regular;Torneo Clasificacion;CLASIFICACION;CENTRO;1A;10;24/05/2026;COPELLO;77;YUPANQUI;6
2026;INFANTILES MASCULINO;Fase Regular;Torneo Clasificacion;CLASIFICACION;CENTRO;1A;10;24/05/2026;SAN LORENZO A;75;DEPORTIVO CROVARA A;38
2026;INFANTILES MASCULINO;Fase Regular;Torneo Clasificacion;CLASIFICACION;CENTRO;1A;10;24/05/2026;ARQUITECTURA A;37;COMUNICACIONES A;44
2026;INFANTILES MASCULINO;Fase Regular;Torneo Clasificacion;CLASIFICACION;CENTRO;1A;12;07/06/2026;COMUNICACIONES A;89;DEPORTIVO CROVARA A;20
2026;INFANTILES MASCULINO;Fase Regular;Torneo Clasificacion;CLASIFICACION;OESTE;1A;1;15/03/2026;C.A.S.A PADUA A;68;LOS INDIOS DE MORENO A;31
2026;INFANTILES MASCULINO;Fase Regular;Torneo Clasificacion;CLASIFICACION;OESTE;1A;1;15/03/2026;ARGENTINO DE CASTELAR A;144;A.F.A.L.P. A;13
2026;INFANTILES MASCULINO;Fase Regular;Torneo Clasificacion;CLASIFICACION;OESTE;1A;1;15/03/2026;CLARIDAD;74;DEP. MORON A;45
2026;INFANTILES MASCULINO;Fase Regular;Torneo Clasificacion;CLASIFICACION;OESTE;1A;2;22/03/2026;CLARIDAD;23;ESTUDIANTIL PORTEÑO A;53
2026;INFANTILES MASCULINO;Fase Regular;Torneo Clasificacion;CLASIFICACION;OESTE;1A;2;22/03/2026;DEP. MORON A;36;ARGENTINO DE CASTELAR A;91
2026;INFANTILES MASCULINO;Fase Regular;Torneo Clasificacion;CLASIFICACION;OESTE;1A;2;22/03/2026;A.F.A.L.P. A;23;C.A.S.A PADUA A;88
2026;INFANTILES MASCULINO;Fase Regular;Torneo Clasificacion;CLASIFICACION;OESTE;1A;3;29/03/2026;ESTUDIANTIL PORTEÑO A;47;LOS INDIOS DE MORENO A;44
2026;INFANTILES MASCULINO;Fase Regular;Torneo Clasificacion;CLASIFICACION;OESTE;1A;3;29/03/2026;C.A.S.A PADUA A;93;DEP. MORON A;41
2026;INFANTILES MASCULINO;Fase Regular;Torneo Clasificacion;CLASIFICACION;OESTE;1A;3;29/03/2026;ARGENTINO DE CASTELAR A;91;CLARIDAD;32
2026;INFANTILES MASCULINO;Fase Regular;Torneo Clasificacion;CLASIFICACION;OESTE;1A;4;12/04/2026;ARGENTINO DE CASTELAR A;60;ESTUDIANTIL PORTEÑO A;53
2026;INFANTILES MASCULINO;Fase Regular;Torneo Clasificacion;CLASIFICACION;OESTE;1A;4;12/04/2026;CLARIDAD;48;C.A.S.A PADUA A;70
2026;INFANTILES MASCULINO;Fase Regular;Torneo Clasificacion;CLASIFICACION;OESTE;1A;4;12/04/2026;A.F.A.L.P. A;24;LOS INDIOS DE MORENO A;74
2026;INFANTILES MASCULINO;Fase Regular;Torneo Clasificacion;CLASIFICACION;OESTE;1A;5;19/04/2026;ESTUDIANTIL PORTEÑO A;85;A.F.A.L.P. A;26
2026;INFANTILES MASCULINO;Fase Regular;Torneo Clasificacion;CLASIFICACION;OESTE;1A;5;19/04/2026;LOS INDIOS DE MORENO A;85;DEP. MORON A;47
2026;INFANTILES MASCULINO;Fase Regular;Torneo Clasificacion;CLASIFICACION;OESTE;1A;5;19/04/2026;C.A.S.A PADUA A;63;ARGENTINO DE CASTELAR A;66
2026;INFANTILES MASCULINO;Fase Regular;Torneo Clasificacion;CLASIFICACION;OESTE;1A;6;26/04/2026;C.A.S.A PADUA A;60;ESTUDIANTIL PORTEÑO A;57
2026;INFANTILES MASCULINO;Fase Regular;Torneo Clasificacion;CLASIFICACION;OESTE;1A;6;26/04/2026;CLARIDAD;31;LOS INDIOS DE MORENO A;71
2026;INFANTILES MASCULINO;Fase Regular;Torneo Clasificacion;CLASIFICACION;OESTE;1A;6;26/04/2026;DEP. MORON A;65;A.F.A.L.P. A;51
2026;INFANTILES MASCULINO;Fase Regular;Torneo Clasificacion;CLASIFICACION;OESTE;1A;7;03/05/2026;ESTUDIANTIL PORTEÑO A;85;DEP. MORON A;38
2026;INFANTILES MASCULINO;Fase Regular;Torneo Clasificacion;CLASIFICACION;OESTE;1A;7;03/05/2026;A.F.A.L.P. A;33;CLARIDAD;68
2026;INFANTILES MASCULINO;Fase Regular;Torneo Clasificacion;CLASIFICACION;OESTE;1A;7;03/05/2026;LOS INDIOS DE MORENO A;33;ARGENTINO DE CASTELAR A;71
2026;INFANTILES MASCULINO;Fase Regular;Torneo Clasificacion;CLASIFICACION;OESTE;1A;8;10/05/2026;LOS INDIOS DE MORENO A;40;C.A.S.A PADUA A;63
2026;INFANTILES MASCULINO;Fase Regular;Torneo Clasificacion;CLASIFICACION;OESTE;1A;8;10/05/2026;A.F.A.L.P. A;24;ARGENTINO DE CASTELAR A;93
2026;INFANTILES MASCULINO;Fase Regular;Torneo Clasificacion;CLASIFICACION;OESTE;1A;8;10/05/2026;DEP. MORON A;75;CLARIDAD;55
2026;INFANTILES MASCULINO;Fase Regular;Torneo Clasificacion;CLASIFICACION;OESTE;1A;9;17/05/2026;ESTUDIANTIL PORTEÑO A;70;CLARIDAD;28
2026;INFANTILES MASCULINO;Fase Regular;Torneo Clasificacion;CLASIFICACION;OESTE;1A;9;17/05/2026;ARGENTINO DE CASTELAR A;117;DEP. MORON A;29
2026;INFANTILES MASCULINO;Fase Regular;Torneo Clasificacion;CLASIFICACION;OESTE;1A;9;17/05/2026;C.A.S.A PADUA A;95;A.F.A.L.P. A;23
2026;INFANTILES MASCULINO;Fase Regular;Torneo Clasificacion;CLASIFICACION;OESTE;1A;10;24/05/2026;LOS INDIOS DE MORENO A;43;ESTUDIANTIL PORTEÑO A;59
2026;INFANTILES MASCULINO;Fase Regular;Torneo Clasificacion;CLASIFICACION;OESTE;1A;10;24/05/2026;DEP. MORON A;59;C.A.S.A PADUA A;106
2026;INFANTILES MASCULINO;Fase Regular;Torneo Clasificacion;CLASIFICACION;OESTE;1A;10;24/05/2026;CLARIDAD;48;ARGENTINO DE CASTELAR A;97
2026;INFANTILES MASCULINO;Fase Regular;Torneo Clasificacion;CLASIFICACION;SUR;1A;1;15/03/2026;QUILMES A.C.;59;INDEPENDIENTE A;44
2026;INFANTILES MASCULINO;Fase Regular;Torneo Clasificacion;CLASIFICACION;SUR;1A;1;15/03/2026;WILDE SPORTING;84;CLUB SOCIAL EZEIZA;35
2026;INFANTILES MASCULINO;Fase Regular;Torneo Clasificacion;CLASIFICACION;SUR;1A;1;15/03/2026;VARELA JRS;36;GIMNASIA Y ESGRIMA DE LOMAS DE ZAMORA A;78
2026;INFANTILES MASCULINO;Fase Regular;Torneo Clasificacion;CLASIFICACION;SUR;1A;2;22/03/2026;VARELA JRS;38;MONTE GRANDE A;76
2026;INFANTILES MASCULINO;Fase Regular;Torneo Clasificacion;CLASIFICACION;SUR;1A;2;22/03/2026;GIMNASIA Y ESGRIMA DE LOMAS DE ZAMORA A;58;WILDE SPORTING;34
2026;INFANTILES MASCULINO;Fase Regular;Torneo Clasificacion;CLASIFICACION;SUR;1A;2;22/03/2026;CLUB SOCIAL EZEIZA;37;QUILMES A.C.;63
2026;INFANTILES MASCULINO;Fase Regular;Torneo Clasificacion;CLASIFICACION;SUR;1A;3;29/03/2026;MONTE GRANDE A;56;INDEPENDIENTE A;41
2026;INFANTILES MASCULINO;Fase Regular;Torneo Clasificacion;CLASIFICACION;SUR;1A;3;29/03/2026;QUILMES A.C.;59;GIMNASIA Y ESGRIMA DE LOMAS DE ZAMORA A;53
2026;INFANTILES MASCULINO;Fase Regular;Torneo Clasificacion;CLASIFICACION;SUR;1A;3;29/03/2026;WILDE SPORTING;43;VARELA JRS;53
2026;INFANTILES MASCULINO;Fase Regular;Torneo Clasificacion;CLASIFICACION;SUR;1A;4;12/04/2026;WILDE SPORTING;57;MONTE GRANDE A;58
2026;INFANTILES MASCULINO;Fase Regular;Torneo Clasificacion;CLASIFICACION;SUR;1A;4;12/04/2026;VARELA JRS;49;QUILMES A.C.;59
2026;INFANTILES MASCULINO;Fase Regular;Torneo Clasificacion;CLASIFICACION;SUR;1A;4;12/04/2026;CLUB SOCIAL EZEIZA;27;INDEPENDIENTE A;102
2026;INFANTILES MASCULINO;Fase Regular;Torneo Clasificacion;CLASIFICACION;SUR;1A;5;19/04/2026;MONTE GRANDE A;96;CLUB SOCIAL EZEIZA;37
2026;INFANTILES MASCULINO;Fase Regular;Torneo Clasificacion;CLASIFICACION;SUR;1A;5;19/04/2026;INDEPENDIENTE A;74;GIMNASIA Y ESGRIMA DE LOMAS DE ZAMORA A;49
2026;INFANTILES MASCULINO;Fase Regular;Torneo Clasificacion;CLASIFICACION;SUR;1A;5;19/04/2026;QUILMES A.C.;50;WILDE SPORTING;53
2026;INFANTILES MASCULINO;Fase Regular;Torneo Clasificacion;CLASIFICACION;SUR;1A;6;26/04/2026;QUILMES A.C.;62;MONTE GRANDE A;58
2026;INFANTILES MASCULINO;Fase Regular;Torneo Clasificacion;CLASIFICACION;SUR;1A;6;26/04/2026;VARELA JRS;36;INDEPENDIENTE A;76
2026;INFANTILES MASCULINO;Fase Regular;Torneo Clasificacion;CLASIFICACION;SUR;1A;6;26/04/2026;GIMNASIA Y ESGRIMA DE LOMAS DE ZAMORA A;71;CLUB SOCIAL EZEIZA;33
2026;INFANTILES MASCULINO;Fase Regular;Torneo Clasificacion;CLASIFICACION;SUR;1A;7;03/05/2026;MONTE GRANDE A;74;GIMNASIA Y ESGRIMA DE LOMAS DE ZAMORA A;46
2026;INFANTILES MASCULINO;Fase Regular;Torneo Clasificacion;CLASIFICACION;SUR;1A;7;03/05/2026;CLUB SOCIAL EZEIZA;49;VARELA JRS;43
2026;INFANTILES MASCULINO;Fase Regular;Torneo Clasificacion;CLASIFICACION;SUR;1A;7;03/05/2026;INDEPENDIENTE A;53;WILDE SPORTING;32
2026;INFANTILES MASCULINO;Fase Regular;Torneo Clasificacion;CLASIFICACION;SUR;1A;8;10/05/2026;INDEPENDIENTE A;64;QUILMES A.C.;39
2026;INFANTILES MASCULINO;Fase Regular;Torneo Clasificacion;CLASIFICACION;SUR;1A;8;10/05/2026;CLUB SOCIAL EZEIZA;47;WILDE SPORTING;90
2026;INFANTILES MASCULINO;Fase Regular;Torneo Clasificacion;CLASIFICACION;SUR;1A;8;10/05/2026;GIMNASIA Y ESGRIMA DE LOMAS DE ZAMORA A;88;VARELA JRS;24
2026;INFANTILES MASCULINO;Fase Regular;Torneo Clasificacion;CLASIFICACION;SUR;1A;9;17/05/2026;MONTE GRANDE A;67;VARELA JRS;26
2026;INFANTILES MASCULINO;Fase Regular;Torneo Clasificacion;CLASIFICACION;SUR;1A;9;17/05/2026;WILDE SPORTING;85;GIMNASIA Y ESGRIMA DE LOMAS DE ZAMORA A;64
2026;INFANTILES MASCULINO;Fase Regular;Torneo Clasificacion;CLASIFICACION;SUR;1A;9;17/05/2026;QUILMES A.C.;80;CLUB SOCIAL EZEIZA;48
2026;INFANTILES MASCULINO;Fase Regular;Torneo Clasificacion;CLASIFICACION;SUR;1A;10;24/05/2026;INDEPENDIENTE A;60;MONTE GRANDE A;50
2026;INFANTILES MASCULINO;Fase Regular;Torneo Clasificacion;CLASIFICACION;SUR;1A;10;24/05/2026;GIMNASIA Y ESGRIMA DE LOMAS DE ZAMORA A;65;QUILMES A.C.;37
2026;INFANTILES MASCULINO;Fase Regular;Torneo Clasificacion;CLASIFICACION;SUR;1A;10;24/05/2026;VARELA JRS;28;WILDE SPORTING;64
2026;INFANTILES MASCULINO;Fase Regular;Torneo Clasificacion;CLASIFICACION;NORTE;2B;1;15/03/2026;CLUB TRES DE FEBRERO A;74;NAUTICO HACOAJ A;40
2026;INFANTILES MASCULINO;Fase Regular;Torneo Clasificacion;CLASIFICACION;NORTE;2B;1;15/03/2026;UNION FLORIDA;34;RIVER PLATE;80
2026;INFANTILES MASCULINO;Fase Regular;Torneo Clasificacion;CLASIFICACION;NORTE;2B;1;15/03/2026;SPORTIVO VILLA BALLESTER;52;UNION VECINAL DE MUNRO;48
2026;INFANTILES MASCULINO;Fase Regular;Torneo Clasificacion;CLASIFICACION;NORTE;2B;1;15/03/2026;U.V.V.ADELINA;13;OBRAS SANITARIAS A;111
2026;INFANTILES MASCULINO;Fase Regular;Torneo Clasificacion;CLASIFICACION;NORTE;2B;2;22/03/2026;U.V.V.ADELINA;33;CLUB TRES DE FEBRERO A;79
2026;INFANTILES MASCULINO;Fase Regular;Torneo Clasificacion;CLASIFICACION;NORTE;2B;2;22/03/2026;OBRAS SANITARIAS A;103;SPORTIVO VILLA BALLESTER;32
2026;INFANTILES MASCULINO;Fase Regular;Torneo Clasificacion;CLASIFICACION;NORTE;2B;2;22/03/2026;UNION VECINAL DE MUNRO;62;UNION FLORIDA;28
2026;INFANTILES MASCULINO;Fase Regular;Torneo Clasificacion;CLASIFICACION;NORTE;2B;2;22/03/2026;RIVER PLATE;55;NAUTICO HACOAJ A;81
2026;INFANTILES MASCULINO;Fase Regular;Torneo Clasificacion;CLASIFICACION;NORTE;2B;3;29/03/2026;CLUB TRES DE FEBRERO A;62;RIVER PLATE;57
2026;INFANTILES MASCULINO;Fase Regular;Torneo Clasificacion;CLASIFICACION;NORTE;2B;3;29/03/2026;NAUTICO HACOAJ A;58;UNION VECINAL DE MUNRO;52
2026;INFANTILES MASCULINO;Fase Regular;Torneo Clasificacion;CLASIFICACION;NORTE;2B;3;29/03/2026;UNION FLORIDA;22;OBRAS SANITARIAS A;107
2026;INFANTILES MASCULINO;Fase Regular;Torneo Clasificacion;CLASIFICACION;NORTE;2B;3;29/03/2026;SPORTIVO VILLA BALLESTER;61;U.V.V.ADELINA;43
2026;INFANTILES MASCULINO;Fase Regular;Torneo Clasificacion;CLASIFICACION;NORTE;2B;4;12/04/2026;SPORTIVO VILLA BALLESTER;24;CLUB TRES DE FEBRERO A;56
2026;INFANTILES MASCULINO;Fase Regular;Torneo Clasificacion;CLASIFICACION;NORTE;2B;4;12/04/2026;U.V.V.ADELINA;30;UNION FLORIDA;33
2026;INFANTILES MASCULINO;Fase Regular;Torneo Clasificacion;CLASIFICACION;NORTE;2B;4;12/04/2026;OBRAS SANITARIAS A;93;NAUTICO HACOAJ A;29
2026;INFANTILES MASCULINO;Fase Regular;Torneo Clasificacion;CLASIFICACION;NORTE;2B;4;12/04/2026;UNION VECINAL DE MUNRO;54;RIVER PLATE;50
2026;INFANTILES MASCULINO;Fase Regular;Torneo Clasificacion;CLASIFICACION;NORTE;2B;5;19/04/2026;CLUB TRES DE FEBRERO A;61;UNION VECINAL DE MUNRO;46
2026;INFANTILES MASCULINO;Fase Regular;Torneo Clasificacion;CLASIFICACION;NORTE;2B;5;19/04/2026;RIVER PLATE;26;OBRAS SANITARIAS A;106
2026;INFANTILES MASCULINO;Fase Regular;Torneo Clasificacion;CLASIFICACION;NORTE;2B;5;19/04/2026;NAUTICO HACOAJ A;90;U.V.V.ADELINA;30
2026;INFANTILES MASCULINO;Fase Regular;Torneo Clasificacion;CLASIFICACION;NORTE;2B;5;19/04/2026;UNION FLORIDA;35;SPORTIVO VILLA BALLESTER;50
2026;INFANTILES MASCULINO;Fase Regular;Torneo Clasificacion;CLASIFICACION;NORTE;2B;6;26/04/2026;UNION FLORIDA;38;CLUB TRES DE FEBRERO A;64
2026;INFANTILES MASCULINO;Fase Regular;Torneo Clasificacion;CLASIFICACION;NORTE;2B;6;26/04/2026;SPORTIVO VILLA BALLESTER;26;NAUTICO HACOAJ A;69
2026;INFANTILES MASCULINO;Fase Regular;Torneo Clasificacion;CLASIFICACION;NORTE;2B;6;26/04/2026;U.V.V.ADELINA;30;RIVER PLATE;57
2026;INFANTILES MASCULINO;Fase Regular;Torneo Clasificacion;CLASIFICACION;NORTE;2B;6;26/04/2026;OBRAS SANITARIAS A;84;UNION VECINAL DE MUNRO;8
2026;INFANTILES MASCULINO;Fase Regular;Torneo Clasificacion;CLASIFICACION;NORTE;2B;7;03/05/2026;CLUB TRES DE FEBRERO A;40;OBRAS SANITARIAS A;77
2026;INFANTILES MASCULINO;Fase Regular;Torneo Clasificacion;CLASIFICACION;NORTE;2B;7;03/05/2026;UNION VECINAL DE MUNRO;74;U.V.V.ADELINA;23
2026;INFANTILES MASCULINO;Fase Regular;Torneo Clasificacion;CLASIFICACION;NORTE;2B;7;03/05/2026;RIVER PLATE;62;SPORTIVO VILLA BALLESTER;48
2026;INFANTILES MASCULINO;Fase Regular;Torneo Clasificacion;CLASIFICACION;NORTE;2B;7;03/05/2026;NAUTICO HACOAJ A;88;UNION FLORIDA;20
2026;INFANTILES MASCULINO;Fase Regular;Torneo Clasificacion;CLASIFICACION;NORTE;2B;8;10/05/2026;NAUTICO HACOAJ A;59;CLUB TRES DE FEBRERO A;63
2026;INFANTILES MASCULINO;Fase Regular;Torneo Clasificacion;CLASIFICACION;NORTE;2B;8;10/05/2026;RIVER PLATE;71;UNION FLORIDA;47
2026;INFANTILES MASCULINO;Fase Regular;Torneo Clasificacion;CLASIFICACION;NORTE;2B;8;10/05/2026;UNION VECINAL DE MUNRO;59;SPORTIVO VILLA BALLESTER;44
2026;INFANTILES MASCULINO;Fase Regular;Torneo Clasificacion;CLASIFICACION;NORTE;2B;8;10/05/2026;OBRAS SANITARIAS A;103;U.V.V.ADELINA;16
2026;INFANTILES MASCULINO;Fase Regular;Torneo Clasificacion;CLASIFICACION;NORTE;2B;9;17/05/2026;CLUB TRES DE FEBRERO A;77;U.V.V.ADELINA;37
2026;INFANTILES MASCULINO;Fase Regular;Torneo Clasificacion;CLASIFICACION;NORTE;2B;9;17/05/2026;SPORTIVO VILLA BALLESTER;34;OBRAS SANITARIAS A;104
2026;INFANTILES MASCULINO;Fase Regular;Torneo Clasificacion;CLASIFICACION;NORTE;2B;9;17/05/2026;UNION FLORIDA;32;UNION VECINAL DE MUNRO;37
2026;INFANTILES MASCULINO;Fase Regular;Torneo Clasificacion;CLASIFICACION;NORTE;2B;9;17/05/2026;NAUTICO HACOAJ A;69;RIVER PLATE;62
2026;INFANTILES MASCULINO;Fase Regular;Torneo Clasificacion;CLASIFICACION;NORTE;2B;10;24/05/2026;RIVER PLATE;35;CLUB TRES DE FEBRERO A;69
2026;INFANTILES MASCULINO;Fase Regular;Torneo Clasificacion;CLASIFICACION;NORTE;2B;10;24/05/2026;UNION VECINAL DE MUNRO;35;NAUTICO HACOAJ A;60
2026;INFANTILES MASCULINO;Fase Regular;Torneo Clasificacion;CLASIFICACION;NORTE;2B;10;24/05/2026;OBRAS SANITARIAS A;115;UNION FLORIDA;11
2026;INFANTILES MASCULINO;Fase Regular;Torneo Clasificacion;CLASIFICACION;NORTE;2B;10;24/05/2026;U.V.V.ADELINA;44;SPORTIVO VILLA BALLESTER;60
2026;INFANTILES MASCULINO;Fase Regular;Torneo Clasificacion;CLASIFICACION;CENTRO;2B;1;15/03/2026;ATENEO POPULAR VERSAILLES;92;ESTRELLA DE BOEDO;15
2026;INFANTILES MASCULINO;Fase Regular;Torneo Clasificacion;CLASIFICACION;CENTRO;2B;1;15/03/2026;FERROCARRIL OESTE A;42;VELEZ SARSFIELD A;58
2026;INFANTILES MASCULINO;Fase Regular;Torneo Clasificacion;CLASIFICACION;CENTRO;2B;1;15/03/2026;PINOCHO B;28;CIUDAD DE BUENOS AIRES A;52
2026;INFANTILES MASCULINO;Fase Regular;Torneo Clasificacion;CLASIFICACION;CENTRO;2B;1;15/03/2026;VILLA MITRE;69;JOSE HERNANDEZ A;48
2026;INFANTILES MASCULINO;Fase Regular;Torneo Clasificacion;CLASIFICACION;CENTRO;2B;2;22/03/2026;VILLA MITRE;48;ATENEO POPULAR VERSAILLES;31
2026;INFANTILES MASCULINO;Fase Regular;Torneo Clasificacion;CLASIFICACION;CENTRO;2B;2;22/03/2026;JOSE HERNANDEZ A;76;PINOCHO B;34
2026;INFANTILES MASCULINO;Fase Regular;Torneo Clasificacion;CLASIFICACION;CENTRO;2B;2;22/03/2026;CIUDAD DE BUENOS AIRES A;37;FERROCARRIL OESTE A;70
2026;INFANTILES MASCULINO;Fase Regular;Torneo Clasificacion;CLASIFICACION;CENTRO;2B;2;22/03/2026;VELEZ SARSFIELD A;112;ESTRELLA DE BOEDO;28
2026;INFANTILES MASCULINO;Fase Regular;Torneo Clasificacion;CLASIFICACION;CENTRO;2B;3;29/03/2026;ATENEO POPULAR VERSAILLES;40;VELEZ SARSFIELD A;79
2026;INFANTILES MASCULINO;Fase Regular;Torneo Clasificacion;CLASIFICACION;CENTRO;2B;3;29/03/2026;ESTRELLA DE BOEDO;31;CIUDAD DE BUENOS AIRES A;78
2026;INFANTILES MASCULINO;Fase Regular;Torneo Clasificacion;CLASIFICACION;CENTRO;2B;3;29/03/2026;FERROCARRIL OESTE A;76;JOSE HERNANDEZ A;28
2026;INFANTILES MASCULINO;Fase Regular;Torneo Clasificacion;CLASIFICACION;CENTRO;2B;3;29/03/2026;PINOCHO B;27;VILLA MITRE;72
2026;INFANTILES MASCULINO;Fase Regular;Torneo Clasificacion;CLASIFICACION;CENTRO;2B;4;12/04/2026;PINOCHO B;30;ATENEO POPULAR VERSAILLES;49
2026;INFANTILES MASCULINO;Fase Regular;Torneo Clasificacion;CLASIFICACION;CENTRO;2B;4;12/04/2026;VILLA MITRE;37;FERROCARRIL OESTE A;56
2026;INFANTILES MASCULINO;Fase Regular;Torneo Clasificacion;CLASIFICACION;CENTRO;2B;4;12/04/2026;JOSE HERNANDEZ A;72;ESTRELLA DE BOEDO;44
2026;INFANTILES MASCULINO;Fase Regular;Torneo Clasificacion;CLASIFICACION;CENTRO;2B;4;12/04/2026;CIUDAD DE BUENOS AIRES A;23;VELEZ SARSFIELD A;79
2026;INFANTILES MASCULINO;Fase Regular;Torneo Clasificacion;CLASIFICACION;CENTRO;2B;5;19/04/2026;ATENEO POPULAR VERSAILLES;47;CIUDAD DE BUENOS AIRES A;53
2026;INFANTILES MASCULINO;Fase Regular;Torneo Clasificacion;CLASIFICACION;CENTRO;2B;5;19/04/2026;VELEZ SARSFIELD A;85;JOSE HERNANDEZ A;44
2026;INFANTILES MASCULINO;Fase Regular;Torneo Clasificacion;CLASIFICACION;CENTRO;2B;5;19/04/2026;ESTRELLA DE BOEDO;46;VILLA MITRE;82
2026;INFANTILES MASCULINO;Fase Regular;Torneo Clasificacion;CLASIFICACION;CENTRO;2B;5;19/04/2026;FERROCARRIL OESTE A;99;PINOCHO B;14
2026;INFANTILES MASCULINO;Fase Regular;Torneo Clasificacion;CLASIFICACION;CENTRO;2B;6;26/04/2026;FERROCARRIL OESTE A;66;ATENEO POPULAR VERSAILLES;45
2026;INFANTILES MASCULINO;Fase Regular;Torneo Clasificacion;CLASIFICACION;CENTRO;2B;6;26/04/2026;PINOCHO B;60;ESTRELLA DE BOEDO;43
2026;INFANTILES MASCULINO;Fase Regular;Torneo Clasificacion;CLASIFICACION;CENTRO;2B;6;26/04/2026;VILLA MITRE;58;VELEZ SARSFIELD A;75
2026;INFANTILES MASCULINO;Fase Regular;Torneo Clasificacion;CLASIFICACION;CENTRO;2B;6;26/04/2026;JOSE HERNANDEZ A;56;CIUDAD DE BUENOS AIRES A;54
2026;INFANTILES MASCULINO;Fase Regular;Torneo Clasificacion;CLASIFICACION;CENTRO;2B;7;03/05/2026;ATENEO POPULAR VERSAILLES;52;JOSE HERNANDEZ A;45
2026;INFANTILES MASCULINO;Fase Regular;Torneo Clasificacion;CLASIFICACION;CENTRO;2B;7;03/05/2026;CIUDAD DE BUENOS AIRES A;46;VILLA MITRE;59
2026;INFANTILES MASCULINO;Fase Regular;Torneo Clasificacion;CLASIFICACION;CENTRO;2B;7;03/05/2026;VELEZ SARSFIELD A;126;PINOCHO B;29
2026;INFANTILES MASCULINO;Fase Regular;Torneo Clasificacion;CLASIFICACION;CENTRO;2B;7;03/05/2026;ESTRELLA DE BOEDO;10;FERROCARRIL OESTE A;104
2026;INFANTILES MASCULINO;Fase Regular;Torneo Clasificacion;CLASIFICACION;CENTRO;2B;8;10/05/2026;ESTRELLA DE BOEDO;40;ATENEO POPULAR VERSAILLES;64
2026;INFANTILES MASCULINO;Fase Regular;Torneo Clasificacion;CLASIFICACION;CENTRO;2B;8;10/05/2026;VELEZ SARSFIELD A;54;FERROCARRIL OESTE A;52
2026;INFANTILES MASCULINO;Fase Regular;Torneo Clasificacion;CLASIFICACION;CENTRO;2B;8;10/05/2026;CIUDAD DE BUENOS AIRES A;73;PINOCHO B;32
2026;INFANTILES MASCULINO;Fase Regular;Torneo Clasificacion;CLASIFICACION;CENTRO;2B;8;10/05/2026;JOSE HERNANDEZ A;54;VILLA MITRE;50
2026;INFANTILES MASCULINO;Fase Regular;Torneo Clasificacion;CLASIFICACION;CENTRO;2B;9;17/05/2026;ATENEO POPULAR VERSAILLES;48;VILLA MITRE;58
2026;INFANTILES MASCULINO;Fase Regular;Torneo Clasificacion;CLASIFICACION;CENTRO;2B;9;17/05/2026;PINOCHO B;29;JOSE HERNANDEZ A;42
2026;INFANTILES MASCULINO;Fase Regular;Torneo Clasificacion;CLASIFICACION;CENTRO;2B;9;17/05/2026;FERROCARRIL OESTE A;61;CIUDAD DE BUENOS AIRES A;41
2026;INFANTILES MASCULINO;Fase Regular;Torneo Clasificacion;CLASIFICACION;CENTRO;2B;9;17/05/2026;ESTRELLA DE BOEDO;18;VELEZ SARSFIELD A;124
2026;INFANTILES MASCULINO;Fase Regular;Torneo Clasificacion;CLASIFICACION;CENTRO;2B;10;24/05/2026;CIUDAD DE BUENOS AIRES A;123;ESTRELLA DE BOEDO;22
2026;INFANTILES MASCULINO;Fase Regular;Torneo Clasificacion;CLASIFICACION;CENTRO;2B;10;24/05/2026;JOSE HERNANDEZ A;46;FERROCARRIL OESTE A;55
2026;INFANTILES MASCULINO;Fase Regular;Torneo Clasificacion;CLASIFICACION;CENTRO;2B;10;24/05/2026;VILLA MITRE;76;PINOCHO B;27
2026;INFANTILES MASCULINO;Fase Regular;Torneo Clasificacion;CLASIFICACION;OESTE;2B;1;15/03/2026;PORTEÑO ATHLETIC CLUB A;49;ARGENTINO DE CASTELAR B;18
2026;INFANTILES MASCULINO;Fase Regular;Torneo Clasificacion;CLASIFICACION;OESTE;2B;1;15/03/2026;LOS INDIOS DE MORENO B;114;INSTITUCION SARMIENTO B;10
2026;INFANTILES MASCULINO;Fase Regular;Torneo Clasificacion;CLASIFICACION;OESTE;2B;1;15/03/2026;LEANDRO N ALEM;19;MORON A;103
2026;INFANTILES MASCULINO;Fase Regular;Torneo Clasificacion;CLASIFICACION;OESTE;2B;2;22/03/2026;MORON A;88;LOS INDIOS DE MORENO B;31
2026;INFANTILES MASCULINO;Fase Regular;Torneo Clasificacion;CLASIFICACION;OESTE;2B;2;22/03/2026;INSTITUCION SARMIENTO B;10;PORTEÑO ATHLETIC CLUB A;92
2026;INFANTILES MASCULINO;Fase Regular;Torneo Clasificacion;CLASIFICACION;OESTE;2B;2;22/03/2026;ARGENTINO DE CASTELAR B;18;GIMNASIA Y ESGRIMA DE ITUZAINGO A;91
2026;INFANTILES MASCULINO;Fase Regular;Torneo Clasificacion;CLASIFICACION;OESTE;2B;3;29/03/2026;GIMNASIA Y ESGRIMA DE ITUZAINGO A;115;INSTITUCION SARMIENTO B;6
2026;INFANTILES MASCULINO;Fase Regular;Torneo Clasificacion;CLASIFICACION;OESTE;2B;3;29/03/2026;PORTEÑO ATHLETIC CLUB A;23;MORON A;61
2026;INFANTILES MASCULINO;Fase Regular;Torneo Clasificacion;CLASIFICACION;OESTE;2B;3;29/03/2026;LOS INDIOS DE MORENO B;45;LEANDRO N ALEM;32
2026;INFANTILES MASCULINO;Fase Regular;Torneo Clasificacion;CLASIFICACION;OESTE;2B;4;12/04/2026;LEANDRO N ALEM;16;PORTEÑO ATHLETIC CLUB A;87
2026;INFANTILES MASCULINO;Fase Regular;Torneo Clasificacion;CLASIFICACION;OESTE;2B;4;12/04/2026;MORON A;53;GIMNASIA Y ESGRIMA DE ITUZAINGO A;41
2026;INFANTILES MASCULINO;Fase Regular;Torneo Clasificacion;CLASIFICACION;OESTE;2B;4;12/04/2026;INSTITUCION SARMIENTO B;30;ARGENTINO DE CASTELAR B;65
2026;INFANTILES MASCULINO;Fase Regular;Torneo Clasificacion;CLASIFICACION;OESTE;2B;5;19/04/2026;ARGENTINO DE CASTELAR B;20;MORON A;89
2026;INFANTILES MASCULINO;Fase Regular;Torneo Clasificacion;CLASIFICACION;OESTE;2B;5;19/04/2026;GIMNASIA Y ESGRIMA DE ITUZAINGO A;106;LEANDRO N ALEM;22
2026;INFANTILES MASCULINO;Fase Regular;Torneo Clasificacion;CLASIFICACION;OESTE;2B;5;19/04/2026;PORTEÑO ATHLETIC CLUB A;50;LOS INDIOS DE MORENO B;36
2026;INFANTILES MASCULINO;Fase Regular;Torneo Clasificacion;CLASIFICACION;OESTE;2B;6;26/04/2026;LOS INDIOS DE MORENO B;27;GIMNASIA Y ESGRIMA DE ITUZAINGO A;93
2026;INFANTILES MASCULINO;Fase Regular;Torneo Clasificacion;CLASIFICACION;OESTE;2B;6;26/04/2026;LEANDRO N ALEM;30;ARGENTINO DE CASTELAR B;47
2026;INFANTILES MASCULINO;Fase Regular;Torneo Clasificacion;CLASIFICACION;OESTE;2B;6;26/04/2026;MORON A;124;INSTITUCION SARMIENTO B;29
2026;INFANTILES MASCULINO;Fase Regular;Torneo Clasificacion;CLASIFICACION;OESTE;2B;7;03/05/2026;INSTITUCION SARMIENTO B;47;LEANDRO N ALEM;58
2026;INFANTILES MASCULINO;Fase Regular;Torneo Clasificacion;CLASIFICACION;OESTE;2B;7;03/05/2026;ARGENTINO DE CASTELAR B;39;LOS INDIOS DE MORENO B;60
2026;INFANTILES MASCULINO;Fase Regular;Torneo Clasificacion;CLASIFICACION;OESTE;2B;7;03/05/2026;GIMNASIA Y ESGRIMA DE ITUZAINGO A;79;PORTEÑO ATHLETIC CLUB A;39
2026;INFANTILES MASCULINO;Fase Regular;Torneo Clasificacion;CLASIFICACION;OESTE;2B;8;10/05/2026;ARGENTINO DE CASTELAR B;31;PORTEÑO ATHLETIC CLUB A;64
2026;INFANTILES MASCULINO;Fase Regular;Torneo Clasificacion;CLASIFICACION;OESTE;2B;8;10/05/2026;INSTITUCION SARMIENTO B;20;LOS INDIOS DE MORENO B;0
2026;INFANTILES MASCULINO;Fase Regular;Torneo Clasificacion;CLASIFICACION;OESTE;2B;8;10/05/2026;MORON A;105;LEANDRO N ALEM;14
2026;INFANTILES MASCULINO;Fase Regular;Torneo Clasificacion;CLASIFICACION;OESTE;2B;9;17/05/2026;LOS INDIOS DE MORENO B;32;MORON A;84
2026;INFANTILES MASCULINO;Fase Regular;Torneo Clasificacion;CLASIFICACION;OESTE;2B;9;17/05/2026;PORTEÑO ATHLETIC CLUB A;87;INSTITUCION SARMIENTO B;16
2026;INFANTILES MASCULINO;Fase Regular;Torneo Clasificacion;CLASIFICACION;OESTE;2B;9;17/05/2026;GIMNASIA Y ESGRIMA DE ITUZAINGO A;87;ARGENTINO DE CASTELAR B;25
2026;INFANTILES MASCULINO;Fase Regular;Torneo Clasificacion;CLASIFICACION;OESTE;2B;10;24/05/2026;INSTITUCION SARMIENTO B;21;GIMNASIA Y ESGRIMA DE ITUZAINGO A;139
2026;INFANTILES MASCULINO;Fase Regular;Torneo Clasificacion;CLASIFICACION;OESTE;2B;10;24/05/2026;MORON A;63;PORTEÑO ATHLETIC CLUB A;24
2026;INFANTILES MASCULINO;Fase Regular;Torneo Clasificacion;CLASIFICACION;OESTE;2B;10;24/05/2026;LEANDRO N ALEM;38;LOS INDIOS DE MORENO B;60
2026;INFANTILES MASCULINO;Fase Regular;Torneo Clasificacion;CLASIFICACION;OESTE;2B;12;07/06/2026;MORON A;101;ARGENTINO DE CASTELAR B;29
2026;INFANTILES MASCULINO;Fase Regular;Torneo Clasificacion;CLASIFICACION;SUR;2B;1;15/03/2026;BOCA JUNIORS A;85;OLIMPO A;35
2026;INFANTILES MASCULINO;Fase Regular;Torneo Clasificacion;CLASIFICACION;SUR;2B;1;15/03/2026;BURZACO FC A;63;LOS ANDES;44
2026;INFANTILES MASCULINO;Fase Regular;Torneo Clasificacion;CLASIFICACION;SUR;2B;1;15/03/2026;COUNTRY BANFIELD A;59;LOBOS ATHLETIC CLUB;28
2026;INFANTILES MASCULINO;Fase Regular;Torneo Clasificacion;CLASIFICACION;SUR;2B;1;15/03/2026;TRISTAN SUAREZ;49;CLUB SOCIAL ALEJANDRO KORN;59
2026;INFANTILES MASCULINO;Fase Regular;Torneo Clasificacion;CLASIFICACION;SUR;2B;2;22/03/2026;TRISTAN SUAREZ;63;BOCA JUNIORS A;66
2026;INFANTILES MASCULINO;Fase Regular;Torneo Clasificacion;CLASIFICACION;SUR;2B;2;22/03/2026;CLUB SOCIAL ALEJANDRO KORN;91;COUNTRY BANFIELD A;28
2026;INFANTILES MASCULINO;Fase Regular;Torneo Clasificacion;CLASIFICACION;SUR;2B;2;22/03/2026;LOBOS ATHLETIC CLUB;22;BURZACO FC A;103
2026;INFANTILES MASCULINO;Fase Regular;Torneo Clasificacion;CLASIFICACION;SUR;2B;2;22/03/2026;LOS ANDES;78;OLIMPO A;51
2026;INFANTILES MASCULINO;Fase Regular;Torneo Clasificacion;CLASIFICACION;SUR;2B;3;29/03/2026;BOCA JUNIORS A;66;LOS ANDES;51
2026;INFANTILES MASCULINO;Fase Regular;Torneo Clasificacion;CLASIFICACION;SUR;2B;3;29/03/2026;OLIMPO A;68;LOBOS ATHLETIC CLUB;49
2026;INFANTILES MASCULINO;Fase Regular;Torneo Clasificacion;CLASIFICACION;SUR;2B;3;29/03/2026;BURZACO FC A;55;CLUB SOCIAL ALEJANDRO KORN;72
2026;INFANTILES MASCULINO;Fase Regular;Torneo Clasificacion;CLASIFICACION;SUR;2B;3;29/03/2026;COUNTRY BANFIELD A;31;TRISTAN SUAREZ;52
2026;INFANTILES MASCULINO;Fase Regular;Torneo Clasificacion;CLASIFICACION;SUR;2B;4;12/04/2026;COUNTRY BANFIELD A;46;BOCA JUNIORS A;76
2026;INFANTILES MASCULINO;Fase Regular;Torneo Clasificacion;CLASIFICACION;SUR;2B;4;12/04/2026;TRISTAN SUAREZ;62;BURZACO FC A;51
2026;INFANTILES MASCULINO;Fase Regular;Torneo Clasificacion;CLASIFICACION;SUR;2B;4;12/04/2026;CLUB SOCIAL ALEJANDRO KORN;103;OLIMPO A;30
2026;INFANTILES MASCULINO;Fase Regular;Torneo Clasificacion;CLASIFICACION;SUR;2B;4;12/04/2026;LOBOS ATHLETIC CLUB;43;LOS ANDES;69
2026;INFANTILES MASCULINO;Fase Regular;Torneo Clasificacion;CLASIFICACION;SUR;2B;5;19/04/2026;BOCA JUNIORS A;104;LOBOS ATHLETIC CLUB;22
2026;INFANTILES MASCULINO;Fase Regular;Torneo Clasificacion;CLASIFICACION;SUR;2B;5;19/04/2026;LOS ANDES;47;CLUB SOCIAL ALEJANDRO KORN;94
2026;INFANTILES MASCULINO;Fase Regular;Torneo Clasificacion;CLASIFICACION;SUR;2B;5;19/04/2026;OLIMPO A;32;TRISTAN SUAREZ;81
2026;INFANTILES MASCULINO;Fase Regular;Torneo Clasificacion;CLASIFICACION;SUR;2B;5;19/04/2026;BURZACO FC A;97;COUNTRY BANFIELD A;29
2026;INFANTILES MASCULINO;Fase Regular;Torneo Clasificacion;CLASIFICACION;SUR;2B;6;26/04/2026;BURZACO FC A;70;BOCA JUNIORS A;67
2026;INFANTILES MASCULINO;Fase Regular;Torneo Clasificacion;CLASIFICACION;SUR;2B;6;26/04/2026;COUNTRY BANFIELD A;49;OLIMPO A;31
2026;INFANTILES MASCULINO;Fase Regular;Torneo Clasificacion;CLASIFICACION;SUR;2B;6;26/04/2026;TRISTAN SUAREZ;63;LOS ANDES;52
2026;INFANTILES MASCULINO;Fase Regular;Torneo Clasificacion;CLASIFICACION;SUR;2B;6;26/04/2026;CLUB SOCIAL ALEJANDRO KORN;97;LOBOS ATHLETIC CLUB;26
2026;INFANTILES MASCULINO;Fase Regular;Torneo Clasificacion;CLASIFICACION;SUR;2B;7;03/05/2026;BOCA JUNIORS A;55;CLUB SOCIAL ALEJANDRO KORN;62
2026;INFANTILES MASCULINO;Fase Regular;Torneo Clasificacion;CLASIFICACION;SUR;2B;7;03/05/2026;LOBOS ATHLETIC CLUB;13;TRISTAN SUAREZ;68
2026;INFANTILES MASCULINO;Fase Regular;Torneo Clasificacion;CLASIFICACION;SUR;2B;7;03/05/2026;LOS ANDES;58;COUNTRY BANFIELD A;48
2026;INFANTILES MASCULINO;Fase Regular;Torneo Clasificacion;CLASIFICACION;SUR;2B;7;03/05/2026;OLIMPO A;34;BURZACO FC A;78
2026;INFANTILES MASCULINO;Fase Regular;Torneo Clasificacion;CLASIFICACION;SUR;2B;8;10/05/2026;OLIMPO A;25;BOCA JUNIORS A;103
2026;INFANTILES MASCULINO;Fase Regular;Torneo Clasificacion;CLASIFICACION;SUR;2B;8;10/05/2026;LOS ANDES;44;BURZACO FC A;57
2026;INFANTILES MASCULINO;Fase Regular;Torneo Clasificacion;CLASIFICACION;SUR;2B;8;10/05/2026;LOBOS ATHLETIC CLUB;40;COUNTRY BANFIELD A;55
2026;INFANTILES MASCULINO;Fase Regular;Torneo Clasificacion;CLASIFICACION;SUR;2B;8;10/05/2026;CLUB SOCIAL ALEJANDRO KORN;57;TRISTAN SUAREZ;52
2026;INFANTILES MASCULINO;Fase Regular;Torneo Clasificacion;CLASIFICACION;SUR;2B;9;17/05/2026;BOCA JUNIORS A;70;TRISTAN SUAREZ;50
2026;INFANTILES MASCULINO;Fase Regular;Torneo Clasificacion;CLASIFICACION;SUR;2B;9;17/05/2026;COUNTRY BANFIELD A;47;CLUB SOCIAL ALEJANDRO KORN;75
2026;INFANTILES MASCULINO;Fase Regular;Torneo Clasificacion;CLASIFICACION;SUR;2B;9;17/05/2026;BURZACO FC A;107;LOBOS ATHLETIC CLUB;24
2026;INFANTILES MASCULINO;Fase Regular;Torneo Clasificacion;CLASIFICACION;SUR;2B;9;17/05/2026;OLIMPO A;40;LOS ANDES;61
2026;INFANTILES MASCULINO;Fase Regular;Torneo Clasificacion;CLASIFICACION;SUR;2B;10;24/05/2026;LOS ANDES;57;BOCA JUNIORS A;71
2026;INFANTILES MASCULINO;Fase Regular;Torneo Clasificacion;CLASIFICACION;SUR;2B;10;24/05/2026;LOBOS ATHLETIC CLUB;47;OLIMPO A;73
2026;INFANTILES MASCULINO;Fase Regular;Torneo Clasificacion;CLASIFICACION;SUR;2B;10;24/05/2026;CLUB SOCIAL ALEJANDRO KORN;55;BURZACO FC A;43
2026;INFANTILES MASCULINO;Fase Regular;Torneo Clasificacion;CLASIFICACION;SUR;2B;10;24/05/2026;TRISTAN SUAREZ;65;COUNTRY BANFIELD A;33
2026;INFANTILES MASCULINO;Fase Regular;Torneo Clasificacion;CLASIFICACION;NORTE;3C;1;15/03/2026;BELLA VISTA;50;CAZA Y PESCA B;36
2026;INFANTILES MASCULINO;Fase Regular;Torneo Clasificacion;CLASIFICACION;NORTE;3C;1;15/03/2026;GEVP A;73;SOCIAL BECCAR A;31
2026;INFANTILES MASCULINO;Fase Regular;Torneo Clasificacion;CLASIFICACION;NORTE;3C;1;15/03/2026;BANADE A;82;CLUB TRES DE FEBRERO B;21
2026;INFANTILES MASCULINO;Fase Regular;Torneo Clasificacion;CLASIFICACION;NORTE;3C;2;22/03/2026;BANADE A;75;CENTRO GALICIA;45
2026;INFANTILES MASCULINO;Fase Regular;Torneo Clasificacion;CLASIFICACION;NORTE;3C;2;22/03/2026;CLUB TRES DE FEBRERO B;5;GEVP A;71
2026;INFANTILES MASCULINO;Fase Regular;Torneo Clasificacion;CLASIFICACION;NORTE;3C;2;22/03/2026;SOCIAL BECCAR A;60;BELLA VISTA;23
2026;INFANTILES MASCULINO;Fase Regular;Torneo Clasificacion;CLASIFICACION;NORTE;3C;3;29/03/2026;CENTRO GALICIA;80;CAZA Y PESCA B;30
2026;INFANTILES MASCULINO;Fase Regular;Torneo Clasificacion;CLASIFICACION;NORTE;3C;3;29/03/2026;BELLA VISTA;30;CLUB TRES DE FEBRERO B;41
2026;INFANTILES MASCULINO;Fase Regular;Torneo Clasificacion;CLASIFICACION;NORTE;3C;3;29/03/2026;GEVP A;62;BANADE A;60
2026;INFANTILES MASCULINO;Fase Regular;Torneo Clasificacion;CLASIFICACION;NORTE;3C;4;12/04/2026;GEVP A;96;CENTRO GALICIA;56
2026;INFANTILES MASCULINO;Fase Regular;Torneo Clasificacion;CLASIFICACION;NORTE;3C;4;12/04/2026;BANADE A;98;BELLA VISTA;13
2026;INFANTILES MASCULINO;Fase Regular;Torneo Clasificacion;CLASIFICACION;NORTE;3C;4;12/04/2026;SOCIAL BECCAR A;55;CAZA Y PESCA B;35
2026;INFANTILES MASCULINO;Fase Regular;Torneo Clasificacion;CLASIFICACION;NORTE;3C;5;19/04/2026;CENTRO GALICIA;70;SOCIAL BECCAR A;46
2026;INFANTILES MASCULINO;Fase Regular;Torneo Clasificacion;CLASIFICACION;NORTE;3C;5;19/04/2026;CAZA Y PESCA B;24;CLUB TRES DE FEBRERO B;39
2026;INFANTILES MASCULINO;Fase Regular;Torneo Clasificacion;CLASIFICACION;NORTE;3C;5;19/04/2026;BELLA VISTA;12;GEVP A;80
2026;INFANTILES MASCULINO;Fase Regular;Torneo Clasificacion;CLASIFICACION;NORTE;3C;6;26/04/2026;BELLA VISTA;12;CENTRO GALICIA;54
2026;INFANTILES MASCULINO;Fase Regular;Torneo Clasificacion;CLASIFICACION;NORTE;3C;6;26/04/2026;BANADE A;110;CAZA Y PESCA B;14
2026;INFANTILES MASCULINO;Fase Regular;Torneo Clasificacion;CLASIFICACION;NORTE;3C;6;26/04/2026;CLUB TRES DE FEBRERO B;16;SOCIAL BECCAR A;36
2026;INFANTILES MASCULINO;Fase Regular;Torneo Clasificacion;CLASIFICACION;NORTE;3C;7;03/05/2026;CENTRO GALICIA;54;CLUB TRES DE FEBRERO B;31
2026;INFANTILES MASCULINO;Fase Regular;Torneo Clasificacion;CLASIFICACION;NORTE;3C;7;03/05/2026;SOCIAL BECCAR A;44;BANADE A;56
2026;INFANTILES MASCULINO;Fase Regular;Torneo Clasificacion;CLASIFICACION;NORTE;3C;7;03/05/2026;CAZA Y PESCA B;27;GEVP A;105
2026;INFANTILES MASCULINO;Fase Regular;Torneo Clasificacion;CLASIFICACION;NORTE;3C;8;10/05/2026;CAZA Y PESCA B;33;BELLA VISTA;50
2026;INFANTILES MASCULINO;Fase Regular;Torneo Clasificacion;CLASIFICACION;NORTE;3C;8;10/05/2026;SOCIAL BECCAR A;22;GEVP A;75
2026;INFANTILES MASCULINO;Fase Regular;Torneo Clasificacion;CLASIFICACION;NORTE;3C;8;10/05/2026;CLUB TRES DE FEBRERO B;19;BANADE A;63
2026;INFANTILES MASCULINO;Fase Regular;Torneo Clasificacion;CLASIFICACION;NORTE;3C;9;17/05/2026;CENTRO GALICIA;53;BANADE A;67
2026;INFANTILES MASCULINO;Fase Regular;Torneo Clasificacion;CLASIFICACION;NORTE;3C;9;17/05/2026;GEVP A;96;CLUB TRES DE FEBRERO B;9
2026;INFANTILES MASCULINO;Fase Regular;Torneo Clasificacion;CLASIFICACION;NORTE;3C;9;17/05/2026;BELLA VISTA;20;SOCIAL BECCAR A;0
2026;INFANTILES MASCULINO;Fase Regular;Torneo Clasificacion;CLASIFICACION;NORTE;3C;10;24/05/2026;CAZA Y PESCA B;14;CENTRO GALICIA;78
2026;INFANTILES MASCULINO;Fase Regular;Torneo Clasificacion;CLASIFICACION;NORTE;3C;10;24/05/2026;CLUB TRES DE FEBRERO B;41;BELLA VISTA;37
2026;INFANTILES MASCULINO;Fase Regular;Torneo Clasificacion;CLASIFICACION;NORTE;3C;10;24/05/2026;BANADE A;37;GEVP A;76
2026;INFANTILES MASCULINO;Fase Regular;Torneo Clasificacion;CLASIFICACION;CENTRO;3C;1;15/03/2026;ITALIANO A;67;ARQUITECTURA B;33
2026;INFANTILES MASCULINO;Fase Regular;Torneo Clasificacion;CLASIFICACION;CENTRO;3C;1;15/03/2026;PINOCHO A;135;GEVP B;18
2026;INFANTILES MASCULINO;Fase Regular;Torneo Clasificacion;CLASIFICACION;CENTRO;3C;1;15/03/2026;ARMENIA;63;ALL BOYS A;57
2026;INFANTILES MASCULINO;Fase Regular;Torneo Clasificacion;CLASIFICACION;CENTRO;3C;1;15/03/2026;FERROCARRIL OESTE B;37;PEDRO ECHAGUE A;56
2026;INFANTILES MASCULINO;Fase Regular;Torneo Clasificacion;CLASIFICACION;CENTRO;3C;2;22/03/2026;FERROCARRIL OESTE B;37;ITALIANO A;55
2026;INFANTILES MASCULINO;Fase Regular;Torneo Clasificacion;CLASIFICACION;CENTRO;3C;2;22/03/2026;PEDRO ECHAGUE A;82;ARMENIA;25
2026;INFANTILES MASCULINO;Fase Regular;Torneo Clasificacion;CLASIFICACION;CENTRO;3C;2;22/03/2026;ALL BOYS A;31;PINOCHO A;99
2026;INFANTILES MASCULINO;Fase Regular;Torneo Clasificacion;CLASIFICACION;CENTRO;3C;2;22/03/2026;GEVP B;25;ARQUITECTURA B;62
2026;INFANTILES MASCULINO;Fase Regular;Torneo Clasificacion;CLASIFICACION;CENTRO;3C;3;29/03/2026;ITALIANO A;78;GEVP B;23
2026;INFANTILES MASCULINO;Fase Regular;Torneo Clasificacion;CLASIFICACION;CENTRO;3C;3;29/03/2026;ARQUITECTURA B;58;ALL BOYS A;56
2026;INFANTILES MASCULINO;Fase Regular;Torneo Clasificacion;CLASIFICACION;CENTRO;3C;3;29/03/2026;PINOCHO A;59;PEDRO ECHAGUE A;50
2026;INFANTILES MASCULINO;Fase Regular;Torneo Clasificacion;CLASIFICACION;CENTRO;3C;3;29/03/2026;ARMENIA;21;FERROCARRIL OESTE B;83
2026;INFANTILES MASCULINO;Fase Regular;Torneo Clasificacion;CLASIFICACION;CENTRO;3C;4;12/04/2026;ARMENIA;10;ITALIANO A;88
2026;INFANTILES MASCULINO;Fase Regular;Torneo Clasificacion;CLASIFICACION;CENTRO;3C;4;12/04/2026;FERROCARRIL OESTE B;46;PINOCHO A;64
2026;INFANTILES MASCULINO;Fase Regular;Torneo Clasificacion;CLASIFICACION;CENTRO;3C;4;12/04/2026;PEDRO ECHAGUE A;79;ARQUITECTURA B;17
2026;INFANTILES MASCULINO;Fase Regular;Torneo Clasificacion;CLASIFICACION;CENTRO;3C;4;12/04/2026;ALL BOYS A;51;GEVP B;49
2026;INFANTILES MASCULINO;Fase Regular;Torneo Clasificacion;CLASIFICACION;CENTRO;3C;5;19/04/2026;ITALIANO A;93;ALL BOYS A;22
2026;INFANTILES MASCULINO;Fase Regular;Torneo Clasificacion;CLASIFICACION;CENTRO;3C;5;19/04/2026;GEVP B;18;PEDRO ECHAGUE A;87
2026;INFANTILES MASCULINO;Fase Regular;Torneo Clasificacion;CLASIFICACION;CENTRO;3C;5;19/04/2026;ARQUITECTURA B;47;FERROCARRIL OESTE B;65
2026;INFANTILES MASCULINO;Fase Regular;Torneo Clasificacion;CLASIFICACION;CENTRO;3C;5;19/04/2026;PINOCHO A;107;ARMENIA;13
2026;INFANTILES MASCULINO;Fase Regular;Torneo Clasificacion;CLASIFICACION;CENTRO;3C;6;26/04/2026;PINOCHO A;69;ITALIANO A;33
2026;INFANTILES MASCULINO;Fase Regular;Torneo Clasificacion;CLASIFICACION;CENTRO;3C;6;26/04/2026;ARMENIA;39;ARQUITECTURA B;61
2026;INFANTILES MASCULINO;Fase Regular;Torneo Clasificacion;CLASIFICACION;CENTRO;3C;6;26/04/2026;FERROCARRIL OESTE B;81;GEVP B;19
2026;INFANTILES MASCULINO;Fase Regular;Torneo Clasificacion;CLASIFICACION;CENTRO;3C;6;26/04/2026;PEDRO ECHAGUE A;99;ALL BOYS A;12
2026;INFANTILES MASCULINO;Fase Regular;Torneo Clasificacion;CLASIFICACION;CENTRO;3C;7;03/05/2026;ITALIANO A;41;PEDRO ECHAGUE A;70
2026;INFANTILES MASCULINO;Fase Regular;Torneo Clasificacion;CLASIFICACION;CENTRO;3C;7;03/05/2026;ALL BOYS A;33;FERROCARRIL OESTE B;85
2026;INFANTILES MASCULINO;Fase Regular;Torneo Clasificacion;CLASIFICACION;CENTRO;3C;7;03/05/2026;GEVP B;36;ARMENIA;38
2026;INFANTILES MASCULINO;Fase Regular;Torneo Clasificacion;CLASIFICACION;CENTRO;3C;7;03/05/2026;ARQUITECTURA B;21;PINOCHO A;98
2026;INFANTILES MASCULINO;Fase Regular;Torneo Clasificacion;CLASIFICACION;CENTRO;3C;8;10/05/2026;ARQUITECTURA B;46;ITALIANO A;56
2026;INFANTILES MASCULINO;Fase Regular;Torneo Clasificacion;CLASIFICACION;CENTRO;3C;8;10/05/2026;GEVP B;9;PINOCHO A;96
2026;INFANTILES MASCULINO;Fase Regular;Torneo Clasificacion;CLASIFICACION;CENTRO;3C;8;10/05/2026;ALL BOYS A;41;ARMENIA;43
2026;INFANTILES MASCULINO;Fase Regular;Torneo Clasificacion;CLASIFICACION;CENTRO;3C;8;10/05/2026;PEDRO ECHAGUE A;67;FERROCARRIL OESTE B;32
2026;INFANTILES MASCULINO;Fase Regular;Torneo Clasificacion;CLASIFICACION;CENTRO;3C;9;17/05/2026;ITALIANO A;40;FERROCARRIL OESTE B;41
2026;INFANTILES MASCULINO;Fase Regular;Torneo Clasificacion;CLASIFICACION;CENTRO;3C;9;17/05/2026;ARMENIA;12;PEDRO ECHAGUE A;66
2026;INFANTILES MASCULINO;Fase Regular;Torneo Clasificacion;CLASIFICACION;CENTRO;3C;9;17/05/2026;PINOCHO A;89;ALL BOYS A;14
2026;INFANTILES MASCULINO;Fase Regular;Torneo Clasificacion;CLASIFICACION;CENTRO;3C;9;17/05/2026;ARQUITECTURA B;45;GEVP B;30
2026;INFANTILES MASCULINO;Fase Regular;Torneo Clasificacion;CLASIFICACION;CENTRO;3C;10;24/05/2026;GEVP B;34;ITALIANO A;69
2026;INFANTILES MASCULINO;Fase Regular;Torneo Clasificacion;CLASIFICACION;CENTRO;3C;10;24/05/2026;ALL BOYS A;45;ARQUITECTURA B;54
2026;INFANTILES MASCULINO;Fase Regular;Torneo Clasificacion;CLASIFICACION;CENTRO;3C;10;24/05/2026;PEDRO ECHAGUE A;52;PINOCHO A;66
2026;INFANTILES MASCULINO;Fase Regular;Torneo Clasificacion;CLASIFICACION;CENTRO;3C;10;24/05/2026;FERROCARRIL OESTE B;57;ARMENIA;25
2026;INFANTILES MASCULINO;Fase Regular;Torneo Clasificacion;CLASIFICACION;OESTE;3C;1;15/03/2026;SAN MIGUEL B;34;DEFENSORES DE HURLINGHAM A;74
2026;INFANTILES MASCULINO;Fase Regular;Torneo Clasificacion;CLASIFICACION;OESTE;3C;1;15/03/2026;UNIVERSIDAD DE LA MATANZA;45;EL PORVENIR;28
2026;INFANTILES MASCULINO;Fase Regular;Torneo Clasificacion;CLASIFICACION;OESTE;3C;1;15/03/2026;MIDLAND;99;HURACAN DE SAN JUSTO A;26
2026;INFANTILES MASCULINO;Fase Regular;Torneo Clasificacion;CLASIFICACION;OESTE;3C;2;22/03/2026;MIDLAND;52;SAN MIGUEL B;54
2026;INFANTILES MASCULINO;Fase Regular;Torneo Clasificacion;CLASIFICACION;OESTE;3C;2;22/03/2026;HURACAN DE SAN JUSTO A;40;UNIVERSIDAD DE LA MATANZA;52
2026;INFANTILES MASCULINO;Fase Regular;Torneo Clasificacion;CLASIFICACION;OESTE;3C;2;22/03/2026;EL PORVENIR;10;INSTITUCION SARMIENTO A;74
2026;INFANTILES MASCULINO;Fase Regular;Torneo Clasificacion;CLASIFICACION;OESTE;3C;3;29/03/2026;DEFENSORES DE HURLINGHAM A;98;EL PORVENIR;10
2026;INFANTILES MASCULINO;Fase Regular;Torneo Clasificacion;CLASIFICACION;OESTE;3C;3;29/03/2026;INSTITUCION SARMIENTO A;94;HURACAN DE SAN JUSTO A;28
2026;INFANTILES MASCULINO;Fase Regular;Torneo Clasificacion;CLASIFICACION;OESTE;3C;3;29/03/2026;UNIVERSIDAD DE LA MATANZA;30;MIDLAND;96
2026;INFANTILES MASCULINO;Fase Regular;Torneo Clasificacion;CLASIFICACION;OESTE;3C;4;12/04/2026;UNIVERSIDAD DE LA MATANZA;19;SAN MIGUEL B;77
2026;INFANTILES MASCULINO;Fase Regular;Torneo Clasificacion;CLASIFICACION;OESTE;3C;4;12/04/2026;MIDLAND;66;INSTITUCION SARMIENTO A;63
2026;INFANTILES MASCULINO;Fase Regular;Torneo Clasificacion;CLASIFICACION;OESTE;3C;4;12/04/2026;HURACAN DE SAN JUSTO A;13;DEFENSORES DE HURLINGHAM A;111
2026;INFANTILES MASCULINO;Fase Regular;Torneo Clasificacion;CLASIFICACION;OESTE;3C;5;19/04/2026;SAN MIGUEL B;75;EL PORVENIR;16
2026;INFANTILES MASCULINO;Fase Regular;Torneo Clasificacion;CLASIFICACION;OESTE;3C;5;19/04/2026;DEFENSORES DE HURLINGHAM A;74;MIDLAND;53
2026;INFANTILES MASCULINO;Fase Regular;Torneo Clasificacion;CLASIFICACION;OESTE;3C;5;19/04/2026;INSTITUCION SARMIENTO A;91;UNIVERSIDAD DE LA MATANZA;12
2026;INFANTILES MASCULINO;Fase Regular;Torneo Clasificacion;CLASIFICACION;OESTE;3C;6;26/04/2026;INSTITUCION SARMIENTO A;49;SAN MIGUEL B;72
2026;INFANTILES MASCULINO;Fase Regular;Torneo Clasificacion;CLASIFICACION;OESTE;3C;6;26/04/2026;UNIVERSIDAD DE LA MATANZA;17;DEFENSORES DE HURLINGHAM A;94
2026;INFANTILES MASCULINO;Fase Regular;Torneo Clasificacion;CLASIFICACION;OESTE;3C;6;26/04/2026;HURACAN DE SAN JUSTO A;60;EL PORVENIR;42
2026;INFANTILES MASCULINO;Fase Regular;Torneo Clasificacion;CLASIFICACION;OESTE;3C;7;03/05/2026;SAN MIGUEL B;105;HURACAN DE SAN JUSTO A;12
2026;INFANTILES MASCULINO;Fase Regular;Torneo Clasificacion;CLASIFICACION;OESTE;3C;7;03/05/2026;EL PORVENIR;17;MIDLAND;73
2026;INFANTILES MASCULINO;Fase Regular;Torneo Clasificacion;CLASIFICACION;OESTE;3C;7;03/05/2026;DEFENSORES DE HURLINGHAM A;70;INSTITUCION SARMIENTO A;37
2026;INFANTILES MASCULINO;Fase Regular;Torneo Clasificacion;CLASIFICACION;OESTE;3C;8;10/05/2026;DEFENSORES DE HURLINGHAM A;85;SAN MIGUEL B;38
2026;INFANTILES MASCULINO;Fase Regular;Torneo Clasificacion;CLASIFICACION;OESTE;3C;8;10/05/2026;EL PORVENIR;23;UNIVERSIDAD DE LA MATANZA;31
2026;INFANTILES MASCULINO;Fase Regular;Torneo Clasificacion;CLASIFICACION;OESTE;3C;8;10/05/2026;HURACAN DE SAN JUSTO A;31;MIDLAND;83
2026;INFANTILES MASCULINO;Fase Regular;Torneo Clasificacion;CLASIFICACION;OESTE;3C;9;17/05/2026;SAN MIGUEL B;51;MIDLAND;45
2026;INFANTILES MASCULINO;Fase Regular;Torneo Clasificacion;CLASIFICACION;OESTE;3C;9;17/05/2026;UNIVERSIDAD DE LA MATANZA;58;HURACAN DE SAN JUSTO A;36
2026;INFANTILES MASCULINO;Fase Regular;Torneo Clasificacion;CLASIFICACION;OESTE;3C;9;17/05/2026;INSTITUCION SARMIENTO A;79;EL PORVENIR;21
2026;INFANTILES MASCULINO;Fase Regular;Torneo Clasificacion;CLASIFICACION;OESTE;3C;10;24/05/2026;EL PORVENIR;22;DEFENSORES DE HURLINGHAM A;91
2026;INFANTILES MASCULINO;Fase Regular;Torneo Clasificacion;CLASIFICACION;OESTE;3C;10;24/05/2026;HURACAN DE SAN JUSTO A;37;INSTITUCION SARMIENTO A;55
2026;INFANTILES MASCULINO;Fase Regular;Torneo Clasificacion;CLASIFICACION;OESTE;3C;10;24/05/2026;MIDLAND;64;UNIVERSIDAD DE LA MATANZA;29
2026;INFANTILES MASCULINO;Fase Regular;Torneo Clasificacion;CLASIFICACION;SUR;3C;1;15/03/2026;GIMNASIA Y ESGRIMA DE LA PLATA A;44;LANUS A;66
2026;INFANTILES MASCULINO;Fase Regular;Torneo Clasificacion;CLASIFICACION;SUR;3C;1;15/03/2026;INDEPENDIENTE de BURZACO;58;TEMPERLEY;60
2026;INFANTILES MASCULINO;Fase Regular;Torneo Clasificacion;CLASIFICACION;SUR;3C;1;15/03/2026;RACING CLUB;33;UNION VILLEGAS;60
2026;INFANTILES MASCULINO;Fase Regular;Torneo Clasificacion;CLASIFICACION;SUR;3C;1;15/03/2026;CAÑUELAS FC;80;BOCA JUNIORS B;24
2026;INFANTILES MASCULINO;Fase Regular;Torneo Clasificacion;CLASIFICACION;SUR;3C;2;22/03/2026;CAÑUELAS FC;82;GIMNASIA Y ESGRIMA DE LA PLATA A;63
2026;INFANTILES MASCULINO;Fase Regular;Torneo Clasificacion;CLASIFICACION;SUR;3C;2;22/03/2026;BOCA JUNIORS B;48;RACING CLUB;42
2026;INFANTILES MASCULINO;Fase Regular;Torneo Clasificacion;CLASIFICACION;SUR;3C;2;22/03/2026;UNION VILLEGAS;62;INDEPENDIENTE de BURZACO;68
2026;INFANTILES MASCULINO;Fase Regular;Torneo Clasificacion;CLASIFICACION;SUR;3C;2;22/03/2026;TEMPERLEY;54;LANUS A;57
2026;INFANTILES MASCULINO;Fase Regular;Torneo Clasificacion;CLASIFICACION;SUR;3C;3;29/03/2026;GIMNASIA Y ESGRIMA DE LA PLATA A;84;TEMPERLEY;57
2026;INFANTILES MASCULINO;Fase Regular;Torneo Clasificacion;CLASIFICACION;SUR;3C;3;29/03/2026;LANUS A;79;UNION VILLEGAS;35
2026;INFANTILES MASCULINO;Fase Regular;Torneo Clasificacion;CLASIFICACION;SUR;3C;3;29/03/2026;INDEPENDIENTE de BURZACO;82;BOCA JUNIORS B;43
2026;INFANTILES MASCULINO;Fase Regular;Torneo Clasificacion;CLASIFICACION;SUR;3C;3;29/03/2026;RACING CLUB;33;CAÑUELAS FC;66
2026;INFANTILES MASCULINO;Fase Regular;Torneo Clasificacion;CLASIFICACION;SUR;3C;4;12/04/2026;RACING CLUB;22;GIMNASIA Y ESGRIMA DE LA PLATA A;75
2026;INFANTILES MASCULINO;Fase Regular;Torneo Clasificacion;CLASIFICACION;SUR;3C;4;12/04/2026;CAÑUELAS FC;57;INDEPENDIENTE de BURZACO;53
2026;INFANTILES MASCULINO;Fase Regular;Torneo Clasificacion;CLASIFICACION;SUR;3C;4;12/04/2026;BOCA JUNIORS B;28;LANUS A;103
2026;INFANTILES MASCULINO;Fase Regular;Torneo Clasificacion;CLASIFICACION;SUR;3C;4;12/04/2026;UNION VILLEGAS;35;TEMPERLEY;65
2026;INFANTILES MASCULINO;Fase Regular;Torneo Clasificacion;CLASIFICACION;SUR;3C;5;19/04/2026;GIMNASIA Y ESGRIMA DE LA PLATA A;102;UNION VILLEGAS;41
2026;INFANTILES MASCULINO;Fase Regular;Torneo Clasificacion;CLASIFICACION;SUR;3C;5;19/04/2026;TEMPERLEY;64;BOCA JUNIORS B;21
2026;INFANTILES MASCULINO;Fase Regular;Torneo Clasificacion;CLASIFICACION;SUR;3C;5;19/04/2026;LANUS A;47;CAÑUELAS FC;59
2026;INFANTILES MASCULINO;Fase Regular;Torneo Clasificacion;CLASIFICACION;SUR;3C;5;19/04/2026;INDEPENDIENTE de BURZACO;69;RACING CLUB;49
2026;INFANTILES MASCULINO;Fase Regular;Torneo Clasificacion;CLASIFICACION;SUR;3C;6;26/04/2026;INDEPENDIENTE de BURZACO;54;GIMNASIA Y ESGRIMA DE LA PLATA A;85
2026;INFANTILES MASCULINO;Fase Regular;Torneo Clasificacion;CLASIFICACION;SUR;3C;6;26/04/2026;RACING CLUB;36;LANUS A;108
2026;INFANTILES MASCULINO;Fase Regular;Torneo Clasificacion;CLASIFICACION;SUR;3C;6;26/04/2026;CAÑUELAS FC;80;TEMPERLEY;23
2026;INFANTILES MASCULINO;Fase Regular;Torneo Clasificacion;CLASIFICACION;SUR;3C;6;26/04/2026;BOCA JUNIORS B;36;UNION VILLEGAS;51
2026;INFANTILES MASCULINO;Fase Regular;Torneo Clasificacion;CLASIFICACION;SUR;3C;7;03/05/2026;GIMNASIA Y ESGRIMA DE LA PLATA A;94;BOCA JUNIORS B;26
2026;INFANTILES MASCULINO;Fase Regular;Torneo Clasificacion;CLASIFICACION;SUR;3C;7;03/05/2026;UNION VILLEGAS;57;CAÑUELAS FC;66
2026;INFANTILES MASCULINO;Fase Regular;Torneo Clasificacion;CLASIFICACION;SUR;3C;7;03/05/2026;TEMPERLEY;63;RACING CLUB;43
2026;INFANTILES MASCULINO;Fase Regular;Torneo Clasificacion;CLASIFICACION;SUR;3C;7;03/05/2026;LANUS A;69;INDEPENDIENTE de BURZACO;54
2026;INFANTILES MASCULINO;Fase Regular;Torneo Clasificacion;CLASIFICACION;SUR;3C;8;10/05/2026;LANUS A;70;GIMNASIA Y ESGRIMA DE LA PLATA A;68
2026;INFANTILES MASCULINO;Fase Regular;Torneo Clasificacion;CLASIFICACION;SUR;3C;8;10/05/2026;TEMPERLEY;61;INDEPENDIENTE de BURZACO;78
2026;INFANTILES MASCULINO;Fase Regular;Torneo Clasificacion;CLASIFICACION;SUR;3C;8;10/05/2026;UNION VILLEGAS;86;RACING CLUB;56
2026;INFANTILES MASCULINO;Fase Regular;Torneo Clasificacion;CLASIFICACION;SUR;3C;8;10/05/2026;BOCA JUNIORS B;37;CAÑUELAS FC;50
2026;INFANTILES MASCULINO;Fase Regular;Torneo Clasificacion;CLASIFICACION;SUR;3C;9;17/05/2026;GIMNASIA Y ESGRIMA DE LA PLATA A;75;CAÑUELAS FC;39
2026;INFANTILES MASCULINO;Fase Regular;Torneo Clasificacion;CLASIFICACION;SUR;3C;9;17/05/2026;RACING CLUB;38;BOCA JUNIORS B;51
2026;INFANTILES MASCULINO;Fase Regular;Torneo Clasificacion;CLASIFICACION;SUR;3C;9;17/05/2026;INDEPENDIENTE de BURZACO;86;UNION VILLEGAS;52
2026;INFANTILES MASCULINO;Fase Regular;Torneo Clasificacion;CLASIFICACION;SUR;3C;9;17/05/2026;LANUS A;70;TEMPERLEY;47
2026;INFANTILES MASCULINO;Fase Regular;Torneo Clasificacion;CLASIFICACION;SUR;3C;10;24/05/2026;TEMPERLEY;33;GIMNASIA Y ESGRIMA DE LA PLATA A;75
2026;INFANTILES MASCULINO;Fase Regular;Torneo Clasificacion;CLASIFICACION;SUR;3C;10;24/05/2026;UNION VILLEGAS;58;LANUS A;85
2026;INFANTILES MASCULINO;Fase Regular;Torneo Clasificacion;CLASIFICACION;SUR;3C;10;24/05/2026;BOCA JUNIORS B;40;INDEPENDIENTE de BURZACO;66
2026;INFANTILES MASCULINO;Fase Regular;Torneo Clasificacion;CLASIFICACION;SUR;3C;10;24/05/2026;CAÑUELAS FC;82;RACING CLUB;31
2026;MINI;Fase Regular;Torneo Reclasificatorio;RECLASIFICACION;CENTRO;2A;1;15/03/2026;JOSE HERNANDEZ B;0;RACING ANEXO;0
2026;MINI;Fase Regular;Torneo Reclasificatorio;RECLASIFICACION;CENTRO;2A;1;15/03/2026;PEDRO ECHAGUE B;44;ALDO BONZI;46
2026;MINI;Fase Regular;Torneo Reclasificatorio;RECLASIFICACION;CENTRO;2A;1;15/03/2026;NAUTICO BUCHARDO B;64;DEPORTIVO CROVARA B;8
2026;MINI;Fase Regular;Torneo Reclasificatorio;RECLASIFICACION;CENTRO;2A;1;15/03/2026;NUEVA CHICAGO;68;ITALIANO B;19
2026;MINI;Fase Regular;Torneo Reclasificatorio;RECLASIFICACION;CENTRO;2A;1;15/03/2026;JUVENCIA;38;IMPERIO B;8
2026;MINI;Fase Regular;Torneo Reclasificatorio;RECLASIFICACION;CENTRO;2A;2;22/03/2026;JUVENCIA;64;JOSE HERNANDEZ B;25
2026;MINI;Fase Regular;Torneo Reclasificatorio;RECLASIFICACION;CENTRO;2A;2;22/03/2026;IMPERIO B;0;NUEVA CHICAGO;0
2026;MINI;Fase Regular;Torneo Reclasificatorio;RECLASIFICACION;CENTRO;2A;2;22/03/2026;ITALIANO B;10;NAUTICO BUCHARDO B;44
2026;MINI;Fase Regular;Torneo Reclasificatorio;RECLASIFICACION;CENTRO;2A;2;22/03/2026;DEPORTIVO CROVARA B;21;PEDRO ECHAGUE B;44
2026;MINI;Fase Regular;Torneo Reclasificatorio;RECLASIFICACION;CENTRO;2A;2;22/03/2026;ALDO BONZI;0;RACING ANEXO;0
2026;MINI;Fase Regular;Torneo Reclasificatorio;RECLASIFICACION;CENTRO;2A;3;29/03/2026;JOSE HERNANDEZ B;49;ALDO BONZI;29
2026;MINI;Fase Regular;Torneo Reclasificatorio;RECLASIFICACION;CENTRO;2A;3;29/03/2026;RACING ANEXO;0;DEPORTIVO CROVARA B;20
2026;MINI;Fase Regular;Torneo Reclasificatorio;RECLASIFICACION;CENTRO;2A;3;29/03/2026;PEDRO ECHAGUE B;47;ITALIANO B;21
2026;MINI;Fase Regular;Torneo Reclasificatorio;RECLASIFICACION;CENTRO;2A;3;29/03/2026;NAUTICO BUCHARDO B;64;IMPERIO B;15
2026;MINI;Fase Regular;Torneo Reclasificatorio;RECLASIFICACION;CENTRO;2A;3;29/03/2026;NUEVA CHICAGO;0;JUVENCIA;20
2026;MINI;Fase Regular;Torneo Reclasificatorio;RECLASIFICACION;CENTRO;2A;4;12/04/2026;NUEVA CHICAGO;0;JOSE HERNANDEZ B;20
2026;MINI;Fase Regular;Torneo Reclasificatorio;RECLASIFICACION;CENTRO;2A;4;12/04/2026;JUVENCIA;0;NAUTICO BUCHARDO B;0
2026;MINI;Fase Regular;Torneo Reclasificatorio;RECLASIFICACION;CENTRO;2A;4;12/04/2026;IMPERIO B;0;PEDRO ECHAGUE B;20
2026;MINI;Fase Regular;Torneo Reclasificatorio;RECLASIFICACION;CENTRO;2A;4;12/04/2026;ITALIANO B;20;RACING ANEXO;0
2026;MINI;Fase Regular;Torneo Reclasificatorio;RECLASIFICACION;CENTRO;2A;4;12/04/2026;DEPORTIVO CROVARA B;0;ALDO BONZI;0
2026;MINI;Fase Regular;Torneo Reclasificatorio;RECLASIFICACION;CENTRO;2A;5;19/04/2026;JOSE HERNANDEZ B;80;DEPORTIVO CROVARA B;8
2026;MINI;Fase Regular;Torneo Reclasificatorio;RECLASIFICACION;CENTRO;2A;5;19/04/2026;ALDO BONZI;0;ITALIANO B;20
2026;MINI;Fase Regular;Torneo Reclasificatorio;RECLASIFICACION;CENTRO;2A;5;19/04/2026;RACING ANEXO;0;IMPERIO B;0
2026;MINI;Fase Regular;Torneo Reclasificatorio;RECLASIFICACION;CENTRO;2A;5;19/04/2026;PEDRO ECHAGUE B;27;JUVENCIA;80
2026;MINI;Fase Regular;Torneo Reclasificatorio;RECLASIFICACION;CENTRO;2A;5;19/04/2026;NAUTICO BUCHARDO B;0;NUEVA CHICAGO;0
2026;MINI;Fase Regular;Torneo Reclasificatorio;RECLASIFICACION;CENTRO;2A;6;26/04/2026;NAUTICO BUCHARDO B;25;JOSE HERNANDEZ B;35
2026;MINI;Fase Regular;Torneo Reclasificatorio;RECLASIFICACION;CENTRO;2A;6;26/04/2026;NUEVA CHICAGO;46;PEDRO ECHAGUE B;36
2026;MINI;Fase Regular;Torneo Reclasificatorio;RECLASIFICACION;CENTRO;2A;6;26/04/2026;JUVENCIA;20;RACING ANEXO;0
2026;MINI;Fase Regular;Torneo Reclasificatorio;RECLASIFICACION;CENTRO;2A;6;26/04/2026;IMPERIO B;0;ALDO BONZI;0
2026;MINI;Fase Regular;Torneo Reclasificatorio;RECLASIFICACION;CENTRO;2A;6;26/04/2026;ITALIANO B;32;DEPORTIVO CROVARA B;34
2026;MINI;Fase Regular;Torneo Reclasificatorio;RECLASIFICACION;CENTRO;2A;7;03/05/2026;JOSE HERNANDEZ B;42;ITALIANO B;13
2026;MINI;Fase Regular;Torneo Reclasificatorio;RECLASIFICACION;CENTRO;2A;7;03/05/2026;DEPORTIVO CROVARA B;20;IMPERIO B;0
2026;MINI;Fase Regular;Torneo Reclasificatorio;RECLASIFICACION;CENTRO;2A;7;03/05/2026;ALDO BONZI;0;JUVENCIA;20
2026;MINI;Fase Regular;Torneo Reclasificatorio;RECLASIFICACION;CENTRO;2A;7;03/05/2026;RACING ANEXO;0;NUEVA CHICAGO;0
2026;MINI;Fase Regular;Torneo Reclasificatorio;RECLASIFICACION;CENTRO;2A;7;03/05/2026;PEDRO ECHAGUE B;28;NAUTICO BUCHARDO B;33
2026;MINI;Fase Regular;Torneo Reclasificatorio;RECLASIFICACION;CENTRO;2A;8;10/05/2026;PEDRO ECHAGUE B;38;JOSE HERNANDEZ B;46
2026;MINI;Fase Regular;Torneo Reclasificatorio;RECLASIFICACION;CENTRO;2A;8;10/05/2026;NAUTICO BUCHARDO B;23;RACING ANEXO;41
2026;MINI;Fase Regular;Torneo Reclasificatorio;RECLASIFICACION;CENTRO;2A;8;10/05/2026;NUEVA CHICAGO;60;ALDO BONZI;34
2026;MINI;Fase Regular;Torneo Reclasificatorio;RECLASIFICACION;CENTRO;2A;8;10/05/2026;JUVENCIA;95;DEPORTIVO CROVARA B;7
2026;MINI;Fase Regular;Torneo Reclasificatorio;RECLASIFICACION;CENTRO;2A;8;10/05/2026;IMPERIO B;0;ITALIANO B;20
2026;MINI;Fase Regular;Torneo Reclasificatorio;RECLASIFICACION;CENTRO;2A;9;17/05/2026;JOSE HERNANDEZ B;46;IMPERIO B;15
2026;MINI;Fase Regular;Torneo Reclasificatorio;RECLASIFICACION;CENTRO;2A;9;17/05/2026;ITALIANO B;16;JUVENCIA;60
2026;MINI;Fase Regular;Torneo Reclasificatorio;RECLASIFICACION;CENTRO;2A;9;17/05/2026;DEPORTIVO CROVARA B;12;NUEVA CHICAGO;69
2026;MINI;Fase Regular;Torneo Reclasificatorio;RECLASIFICACION;CENTRO;2A;9;17/05/2026;ALDO BONZI;36;NAUTICO BUCHARDO B;34
2026;MINI;Fase Regular;Torneo Reclasificatorio;RECLASIFICACION;CENTRO;2A;9;17/05/2026;RACING ANEXO;47;PEDRO ECHAGUE B;38
2026;MINI;Fase Regular;Torneo Reclasificatorio;RECLASIFICACION;CENTRO;2A;10;24/05/2026;RACING ANEXO;19;JOSE HERNANDEZ B;56
2026;MINI;Fase Regular;Torneo Reclasificatorio;RECLASIFICACION;CENTRO;2A;10;24/05/2026;ALDO BONZI;46;PEDRO ECHAGUE B;48
2026;MINI;Fase Regular;Torneo Reclasificatorio;RECLASIFICACION;CENTRO;2A;10;24/05/2026;DEPORTIVO CROVARA B;20;NAUTICO BUCHARDO B;45
2026;MINI;Fase Regular;Torneo Reclasificatorio;RECLASIFICACION;CENTRO;2A;10;24/05/2026;ITALIANO B;12;NUEVA CHICAGO;62
2026;MINI;Fase Regular;Torneo Reclasificatorio;RECLASIFICACION;CENTRO;2A;10;24/05/2026;IMPERIO B;23;JUVENCIA;67
2026;MINI;Fase Regular;Torneo Reclasificatorio;RECLASIFICACION;CENTRO;2B;1;15/03/2026;ALL BOYS B;0;ALL BOYS DE SAAVEDRA;20
2026;MINI;Fase Regular;Torneo Reclasificatorio;RECLASIFICACION;CENTRO;2B;1;15/03/2026;SAN LORENZO B;10;CIRCULO URQUIZA A;71
2026;MINI;Fase Regular;Torneo Reclasificatorio;RECLASIFICACION;CENTRO;2B;1;15/03/2026;DEPORTIVO SAN ANDRES;114;CLUB ATLETICO HURACAN DE PARQUE PATRICIOS;1
2026;MINI;Fase Regular;Torneo Reclasificatorio;RECLASIFICACION;CENTRO;2B;1;15/03/2026;GEBA;52;MACABI;21
2026;MINI;Fase Regular;Torneo Reclasificatorio;RECLASIFICACION;CENTRO;2B;1;15/03/2026;ARGENTINOS JUNIORS;48;COMUNICACIONES B;22
2026;MINI;Fase Regular;Torneo Reclasificatorio;RECLASIFICACION;CENTRO;2B;2;22/03/2026;ARGENTINOS JUNIORS;0;ALL BOYS B;0
2026;MINI;Fase Regular;Torneo Reclasificatorio;RECLASIFICACION;CENTRO;2B;2;22/03/2026;COMUNICACIONES B;0;GEBA;0
2026;MINI;Fase Regular;Torneo Reclasificatorio;RECLASIFICACION;CENTRO;2B;2;22/03/2026;MACABI;21;DEPORTIVO SAN ANDRES;70
2026;MINI;Fase Regular;Torneo Reclasificatorio;RECLASIFICACION;CENTRO;2B;2;22/03/2026;CLUB ATLETICO HURACAN DE PARQUE PATRICIOS;51;SAN LORENZO B;25
2026;MINI;Fase Regular;Torneo Reclasificatorio;RECLASIFICACION;CENTRO;2B;2;22/03/2026;CIRCULO URQUIZA A;62;ALL BOYS DE SAAVEDRA;13
2026;MINI;Fase Regular;Torneo Reclasificatorio;RECLASIFICACION;CENTRO;2B;3;29/03/2026;ALL BOYS B;2;CIRCULO URQUIZA A;115
2026;MINI;Fase Regular;Torneo Reclasificatorio;RECLASIFICACION;CENTRO;2B;3;29/03/2026;ALL BOYS DE SAAVEDRA;0;CLUB ATLETICO HURACAN DE PARQUE PATRICIOS;20
2026;MINI;Fase Regular;Torneo Reclasificatorio;RECLASIFICACION;CENTRO;2B;3;29/03/2026;SAN LORENZO B;6;MACABI;69
2026;MINI;Fase Regular;Torneo Reclasificatorio;RECLASIFICACION;CENTRO;2B;3;29/03/2026;DEPORTIVO SAN ANDRES;98;COMUNICACIONES B;4
2026;MINI;Fase Regular;Torneo Reclasificatorio;RECLASIFICACION;CENTRO;2B;3;29/03/2026;GEBA;52;ARGENTINOS JUNIORS;45
2026;MINI;Fase Regular;Torneo Reclasificatorio;RECLASIFICACION;CENTRO;2B;4;12/04/2026;GEBA;20;ALL BOYS B;0
2026;MINI;Fase Regular;Torneo Reclasificatorio;RECLASIFICACION;CENTRO;2B;4;12/04/2026;ARGENTINOS JUNIORS;35;DEPORTIVO SAN ANDRES;62
2026;MINI;Fase Regular;Torneo Reclasificatorio;RECLASIFICACION;CENTRO;2B;4;12/04/2026;COMUNICACIONES B;0;SAN LORENZO B;0
2026;MINI;Fase Regular;Torneo Reclasificatorio;RECLASIFICACION;CENTRO;2B;4;12/04/2026;MACABI;64;ALL BOYS DE SAAVEDRA;23
2026;MINI;Fase Regular;Torneo Reclasificatorio;RECLASIFICACION;CENTRO;2B;4;12/04/2026;CLUB ATLETICO HURACAN DE PARQUE PATRICIOS;0;CIRCULO URQUIZA A;20
2026;MINI;Fase Regular;Torneo Reclasificatorio;RECLASIFICACION;CENTRO;2B;5;19/04/2026;ALL BOYS B;0;CLUB ATLETICO HURACAN DE PARQUE PATRICIOS;20
2026;MINI;Fase Regular;Torneo Reclasificatorio;RECLASIFICACION;CENTRO;2B;5;19/04/2026;CIRCULO URQUIZA A;20;MACABI;0
2026;MINI;Fase Regular;Torneo Reclasificatorio;RECLASIFICACION;CENTRO;2B;5;19/04/2026;ALL BOYS DE SAAVEDRA;20;COMUNICACIONES B;0
2026;MINI;Fase Regular;Torneo Reclasificatorio;RECLASIFICACION;CENTRO;2B;5;19/04/2026;SAN LORENZO B;20;ARGENTINOS JUNIORS;0
2026;MINI;Fase Regular;Torneo Reclasificatorio;RECLASIFICACION;CENTRO;2B;5;19/04/2026;DEPORTIVO SAN ANDRES;53;GEBA;40
2026;MINI;Fase Regular;Torneo Reclasificatorio;RECLASIFICACION;CENTRO;2B;6;26/04/2026;DEPORTIVO SAN ANDRES;20;ALL BOYS B;0
2026;MINI;Fase Regular;Torneo Reclasificatorio;RECLASIFICACION;CENTRO;2B;6;26/04/2026;GEBA;20;SAN LORENZO B;0
2026;MINI;Fase Regular;Torneo Reclasificatorio;RECLASIFICACION;CENTRO;2B;6;26/04/2026;ARGENTINOS JUNIORS;61;ALL BOYS DE SAAVEDRA;9
2026;MINI;Fase Regular;Torneo Reclasificatorio;RECLASIFICACION;CENTRO;2B;6;26/04/2026;COMUNICACIONES B;4;CIRCULO URQUIZA A;24
2026;MINI;Fase Regular;Torneo Reclasificatorio;RECLASIFICACION;CENTRO;2B;6;26/04/2026;MACABI;0;CLUB ATLETICO HURACAN DE PARQUE PATRICIOS;20
2026;MINI;Fase Regular;Torneo Reclasificatorio;RECLASIFICACION;CENTRO;2B;7;03/05/2026;ALL BOYS B;0;MACABI;0
2026;MINI;Fase Regular;Torneo Reclasificatorio;RECLASIFICACION;CENTRO;2B;7;03/05/2026;CLUB ATLETICO HURACAN DE PARQUE PATRICIOS;20;COMUNICACIONES B;0
2026;MINI;Fase Regular;Torneo Reclasificatorio;RECLASIFICACION;CENTRO;2B;7;03/05/2026;CIRCULO URQUIZA A;29;ARGENTINOS JUNIORS;36
2026;MINI;Fase Regular;Torneo Reclasificatorio;RECLASIFICACION;CENTRO;2B;7;03/05/2026;ALL BOYS DE SAAVEDRA;25;GEBA;56
2026;MINI;Fase Regular;Torneo Reclasificatorio;RECLASIFICACION;CENTRO;2B;7;03/05/2026;SAN LORENZO B;17;DEPORTIVO SAN ANDRES;75
2026;MINI;Fase Regular;Torneo Reclasificatorio;RECLASIFICACION;CENTRO;2B;8;10/05/2026;SAN LORENZO B;54;ALL BOYS B;8
2026;MINI;Fase Regular;Torneo Reclasificatorio;RECLASIFICACION;CENTRO;2B;8;10/05/2026;DEPORTIVO SAN ANDRES;89;ALL BOYS DE SAAVEDRA;14
2026;MINI;Fase Regular;Torneo Reclasificatorio;RECLASIFICACION;CENTRO;2B;8;10/05/2026;GEBA;20;CIRCULO URQUIZA A;0
2026;MINI;Fase Regular;Torneo Reclasificatorio;RECLASIFICACION;CENTRO;2B;8;10/05/2026;ARGENTINOS JUNIORS;71;CLUB ATLETICO HURACAN DE PARQUE PATRICIOS;12
2026;MINI;Fase Regular;Torneo Reclasificatorio;RECLASIFICACION;CENTRO;2B;8;10/05/2026;COMUNICACIONES B;7;MACABI;78
2026;MINI;Fase Regular;Torneo Reclasificatorio;RECLASIFICACION;CENTRO;2B;9;17/05/2026;ALL BOYS B;12;COMUNICACIONES B;39
2026;MINI;Fase Regular;Torneo Reclasificatorio;RECLASIFICACION;CENTRO;2B;9;17/05/2026;MACABI;41;ARGENTINOS JUNIORS;60
2026;MINI;Fase Regular;Torneo Reclasificatorio;RECLASIFICACION;CENTRO;2B;9;17/05/2026;CLUB ATLETICO HURACAN DE PARQUE PATRICIOS;12;GEBA;51
2026;MINI;Fase Regular;Torneo Reclasificatorio;RECLASIFICACION;CENTRO;2B;9;17/05/2026;CIRCULO URQUIZA A;22;DEPORTIVO SAN ANDRES;80
2026;MINI;Fase Regular;Torneo Reclasificatorio;RECLASIFICACION;CENTRO;2B;9;17/05/2026;ALL BOYS DE SAAVEDRA;33;SAN LORENZO B;38
2026;MINI;Fase Regular;Torneo Reclasificatorio;RECLASIFICACION;CENTRO;2B;10;24/05/2026;ALL BOYS DE SAAVEDRA;62;ALL BOYS B;14
2026;MINI;Fase Regular;Torneo Reclasificatorio;RECLASIFICACION;CENTRO;2B;10;24/05/2026;CIRCULO URQUIZA A;57;SAN LORENZO B;13
2026;MINI;Fase Regular;Torneo Reclasificatorio;RECLASIFICACION;CENTRO;2B;10;24/05/2026;CLUB ATLETICO HURACAN DE PARQUE PATRICIOS;10;DEPORTIVO SAN ANDRES;91
2026;MINI;Fase Regular;Torneo Reclasificatorio;RECLASIFICACION;CENTRO;2B;10;24/05/2026;MACABI;57;GEBA;54
2026;MINI;Fase Regular;Torneo Reclasificatorio;RECLASIFICACION;CENTRO;2B;10;24/05/2026;COMUNICACIONES B;10;ARGENTINOS JUNIORS;67
2026;MINI;Fase Regular;Torneo Reclasificatorio;RECLASIFICACION;NORTE;2A;1;15/03/2026;HEBRAICA;66;LAS HERAS A;40
2026;MINI;Fase Regular;Torneo Reclasificatorio;RECLASIFICACION;NORTE;2A;1;15/03/2026;CIUDAD DE BUENOS AIRES B;26;17 DE AGOSTO;68
2026;MINI;Fase Regular;Torneo Reclasificatorio;RECLASIFICACION;NORTE;2A;1;15/03/2026;COLEGIALES B;20;PINOCHO C;0
2026;MINI;Fase Regular;Torneo Reclasificatorio;RECLASIFICACION;NORTE;2A;1;15/03/2026;NAUTICO HACOAJ B;23;HARRODS GATH Y CHAVES;55
2026;MINI;Fase Regular;Torneo Reclasificatorio;RECLASIFICACION;NORTE;2A;2;22/03/2026;NAUTICO HACOAJ B;22;HEBRAICA;48
2026;MINI;Fase Regular;Torneo Reclasificatorio;RECLASIFICACION;NORTE;2A;2;22/03/2026;HARRODS GATH Y CHAVES;60;COLEGIALES B;16
2026;MINI;Fase Regular;Torneo Reclasificatorio;RECLASIFICACION;NORTE;2A;2;22/03/2026;PINOCHO C;0;CIUDAD DE BUENOS AIRES B;20
2026;MINI;Fase Regular;Torneo Reclasificatorio;RECLASIFICACION;NORTE;2A;2;22/03/2026;17 DE AGOSTO;48;LAS HERAS A;21
2026;MINI;Fase Regular;Torneo Reclasificatorio;RECLASIFICACION;NORTE;2A;3;29/03/2026;HEBRAICA;39;17 DE AGOSTO;55
2026;MINI;Fase Regular;Torneo Reclasificatorio;RECLASIFICACION;NORTE;2A;3;29/03/2026;LAS HERAS A;20;PINOCHO C;0
2026;MINI;Fase Regular;Torneo Reclasificatorio;RECLASIFICACION;NORTE;2A;3;29/03/2026;CIUDAD DE BUENOS AIRES B;30;HARRODS GATH Y CHAVES;77
2026;MINI;Fase Regular;Torneo Reclasificatorio;RECLASIFICACION;NORTE;2A;3;29/03/2026;COLEGIALES B;30;NAUTICO HACOAJ B;37
2026;MINI;Fase Regular;Torneo Reclasificatorio;RECLASIFICACION;NORTE;2A;4;12/04/2026;COLEGIALES B;20;HEBRAICA;0
2026;MINI;Fase Regular;Torneo Reclasificatorio;RECLASIFICACION;NORTE;2A;4;12/04/2026;NAUTICO HACOAJ B;43;CIUDAD DE BUENOS AIRES B;61
2026;MINI;Fase Regular;Torneo Reclasificatorio;RECLASIFICACION;NORTE;2A;4;12/04/2026;HARRODS GATH Y CHAVES;52;LAS HERAS A;30
2026;MINI;Fase Regular;Torneo Reclasificatorio;RECLASIFICACION;NORTE;2A;4;12/04/2026;PINOCHO C;0;17 DE AGOSTO;20
2026;MINI;Fase Regular;Torneo Reclasificatorio;RECLASIFICACION;NORTE;2A;5;19/04/2026;HEBRAICA;0;PINOCHO C;0
2026;MINI;Fase Regular;Torneo Reclasificatorio;RECLASIFICACION;NORTE;2A;5;19/04/2026;17 DE AGOSTO;0;HARRODS GATH Y CHAVES;20
2026;MINI;Fase Regular;Torneo Reclasificatorio;RECLASIFICACION;NORTE;2A;5;19/04/2026;LAS HERAS A;47;NAUTICO HACOAJ B;52
2026;MINI;Fase Regular;Torneo Reclasificatorio;RECLASIFICACION;NORTE;2A;5;19/04/2026;CIUDAD DE BUENOS AIRES B;62;COLEGIALES B;31
2026;MINI;Fase Regular;Torneo Reclasificatorio;RECLASIFICACION;NORTE;2A;6;26/04/2026;CIUDAD DE BUENOS AIRES B;20;HEBRAICA;0
2026;MINI;Fase Regular;Torneo Reclasificatorio;RECLASIFICACION;NORTE;2A;6;26/04/2026;COLEGIALES B;0;LAS HERAS A;20
2026;MINI;Fase Regular;Torneo Reclasificatorio;RECLASIFICACION;NORTE;2A;6;26/04/2026;NAUTICO HACOAJ B;30;17 DE AGOSTO;72
2026;MINI;Fase Regular;Torneo Reclasificatorio;RECLASIFICACION;NORTE;2A;6;26/04/2026;HARRODS GATH Y CHAVES;20;PINOCHO C;0
2026;MINI;Fase Regular;Torneo Reclasificatorio;RECLASIFICACION;NORTE;2A;7;03/05/2026;HEBRAICA;0;HARRODS GATH Y CHAVES;20
2026;MINI;Fase Regular;Torneo Reclasificatorio;RECLASIFICACION;NORTE;2A;7;03/05/2026;PINOCHO C;0;NAUTICO HACOAJ B;20
2026;MINI;Fase Regular;Torneo Reclasificatorio;RECLASIFICACION;NORTE;2A;7;03/05/2026;17 DE AGOSTO;76;COLEGIALES B;22
2026;MINI;Fase Regular;Torneo Reclasificatorio;RECLASIFICACION;NORTE;2A;7;03/05/2026;LAS HERAS A;20;CIUDAD DE BUENOS AIRES B;0
2026;MINI;Fase Regular;Torneo Reclasificatorio;RECLASIFICACION;NORTE;2A;8;10/05/2026;LAS HERAS A;20;HEBRAICA;0
2026;MINI;Fase Regular;Torneo Reclasificatorio;RECLASIFICACION;NORTE;2A;8;10/05/2026;17 DE AGOSTO;41;CIUDAD DE BUENOS AIRES B;22
2026;MINI;Fase Regular;Torneo Reclasificatorio;RECLASIFICACION;NORTE;2A;8;10/05/2026;PINOCHO C;0;COLEGIALES B;20
2026;MINI;Fase Regular;Torneo Reclasificatorio;RECLASIFICACION;NORTE;2A;8;10/05/2026;HARRODS GATH Y CHAVES;66;NAUTICO HACOAJ B;35
2026;MINI;Fase Regular;Torneo Reclasificatorio;RECLASIFICACION;NORTE;2A;9;17/05/2026;HEBRAICA;77;NAUTICO HACOAJ B;13
2026;MINI;Fase Regular;Torneo Reclasificatorio;RECLASIFICACION;NORTE;2A;9;17/05/2026;COLEGIALES B;25;HARRODS GATH Y CHAVES;80
2026;MINI;Fase Regular;Torneo Reclasificatorio;RECLASIFICACION;NORTE;2A;9;17/05/2026;CIUDAD DE BUENOS AIRES B;70;PINOCHO C;9
2026;MINI;Fase Regular;Torneo Reclasificatorio;RECLASIFICACION;NORTE;2A;9;17/05/2026;LAS HERAS A;38;17 DE AGOSTO;55
2026;MINI;Fase Regular;Torneo Reclasificatorio;RECLASIFICACION;NORTE;2A;10;24/05/2026;17 DE AGOSTO;59;HEBRAICA;28
2026;MINI;Fase Regular;Torneo Reclasificatorio;RECLASIFICACION;NORTE;2A;10;24/05/2026;PINOCHO C;2;LAS HERAS A;71
2026;MINI;Fase Regular;Torneo Reclasificatorio;RECLASIFICACION;NORTE;2A;10;24/05/2026;HARRODS GATH Y CHAVES;52;CIUDAD DE BUENOS AIRES B;29
2026;MINI;Fase Regular;Torneo Reclasificatorio;RECLASIFICACION;NORTE;2A;10;24/05/2026;NAUTICO HACOAJ B;31;COLEGIALES B;40
2026;MINI;Fase Regular;Torneo Reclasificatorio;RECLASIFICACION;NORTE;2B;1;15/03/2026;BANCO PROVINCIA A;40;COOPERATIVA TORTUGUITAS;36
2026;MINI;Fase Regular;Torneo Reclasificatorio;RECLASIFICACION;NORTE;2B;1;15/03/2026;SOCIAL BECCAR B;0;SPORTIVO PILAR B;0
2026;MINI;Fase Regular;Torneo Reclasificatorio;RECLASIFICACION;NORTE;2B;1;15/03/2026;CLUB ATENEO INGENIERO RAVER;57;VICTORIA B;28
2026;MINI;Fase Regular;Torneo Reclasificatorio;RECLASIFICACION;NORTE;2B;1;15/03/2026;INDEPENDIENTE DE ESCOBAR;30;BANCO NACION A;75
2026;MINI;Fase Regular;Torneo Reclasificatorio;RECLASIFICACION;NORTE;2B;2;22/03/2026;INDEPENDIENTE DE ESCOBAR;31;CLUB SOCIAL Y DEPORTIVO ARENAL;93
2026;MINI;Fase Regular;Torneo Reclasificatorio;RECLASIFICACION;NORTE;2B;2;22/03/2026;BANCO NACION A;20;CLUB ATENEO INGENIERO RAVER;0
2026;MINI;Fase Regular;Torneo Reclasificatorio;RECLASIFICACION;NORTE;2B;2;22/03/2026;VICTORIA B;0;SOCIAL BECCAR B;0
2026;MINI;Fase Regular;Torneo Reclasificatorio;RECLASIFICACION;NORTE;2B;2;22/03/2026;SPORTIVO PILAR B;0;BANCO PROVINCIA A;0
2026;MINI;Fase Regular;Torneo Reclasificatorio;RECLASIFICACION;NORTE;2B;3;29/03/2026;CLUB SOCIAL Y DEPORTIVO ARENAL;61;COOPERATIVA TORTUGUITAS;33
2026;MINI;Fase Regular;Torneo Reclasificatorio;RECLASIFICACION;NORTE;2B;3;29/03/2026;BANCO PROVINCIA A;62;VICTORIA B;12
2026;MINI;Fase Regular;Torneo Reclasificatorio;RECLASIFICACION;NORTE;2B;3;29/03/2026;SOCIAL BECCAR B;0;BANCO NACION A;20
2026;MINI;Fase Regular;Torneo Reclasificatorio;RECLASIFICACION;NORTE;2B;3;29/03/2026;CLUB ATENEO INGENIERO RAVER;26;INDEPENDIENTE DE ESCOBAR;41
2026;MINI;Fase Regular;Torneo Reclasificatorio;RECLASIFICACION;NORTE;2B;4;12/04/2026;CLUB ATENEO INGENIERO RAVER;9;CLUB SOCIAL Y DEPORTIVO ARENAL;103
2026;MINI;Fase Regular;Torneo Reclasificatorio;RECLASIFICACION;NORTE;2B;4;12/04/2026;INDEPENDIENTE DE ESCOBAR;20;SOCIAL BECCAR B;0
2026;MINI;Fase Regular;Torneo Reclasificatorio;RECLASIFICACION;NORTE;2B;4;12/04/2026;BANCO NACION A;83;BANCO PROVINCIA A;47
2026;MINI;Fase Regular;Torneo Reclasificatorio;RECLASIFICACION;NORTE;2B;4;12/04/2026;SPORTIVO PILAR B;0;COOPERATIVA TORTUGUITAS;20
2026;MINI;Fase Regular;Torneo Reclasificatorio;RECLASIFICACION;NORTE;2B;5;19/04/2026;CLUB SOCIAL Y DEPORTIVO ARENAL;20;SPORTIVO PILAR B;0
2026;MINI;Fase Regular;Torneo Reclasificatorio;RECLASIFICACION;NORTE;2B;5;19/04/2026;COOPERATIVA TORTUGUITAS;20;VICTORIA B;0
2026;MINI;Fase Regular;Torneo Reclasificatorio;RECLASIFICACION;NORTE;2B;5;19/04/2026;BANCO PROVINCIA A;20;INDEPENDIENTE DE ESCOBAR;0
2026;MINI;Fase Regular;Torneo Reclasificatorio;RECLASIFICACION;NORTE;2B;5;19/04/2026;SOCIAL BECCAR B;0;CLUB ATENEO INGENIERO RAVER;0
2026;MINI;Fase Regular;Torneo Reclasificatorio;RECLASIFICACION;NORTE;2B;6;26/04/2026;SOCIAL BECCAR B;0;CLUB SOCIAL Y DEPORTIVO ARENAL;20
2026;MINI;Fase Regular;Torneo Reclasificatorio;RECLASIFICACION;NORTE;2B;6;26/04/2026;CLUB ATENEO INGENIERO RAVER;0;BANCO PROVINCIA A;20
2026;MINI;Fase Regular;Torneo Reclasificatorio;RECLASIFICACION;NORTE;2B;6;26/04/2026;BANCO NACION A;40;COOPERATIVA TORTUGUITAS;31
2026;MINI;Fase Regular;Torneo Reclasificatorio;RECLASIFICACION;NORTE;2B;6;26/04/2026;VICTORIA B;0;SPORTIVO PILAR B;0
2026;MINI;Fase Regular;Torneo Reclasificatorio;RECLASIFICACION;NORTE;2B;7;03/05/2026;CLUB SOCIAL Y DEPORTIVO ARENAL;20;VICTORIA B;0
2026;MINI;Fase Regular;Torneo Reclasificatorio;RECLASIFICACION;NORTE;2B;7;03/05/2026;SPORTIVO PILAR B;27;BANCO NACION A;69
2026;MINI;Fase Regular;Torneo Reclasificatorio;RECLASIFICACION;NORTE;2B;7;03/05/2026;COOPERATIVA TORTUGUITAS;20;INDEPENDIENTE DE ESCOBAR;0
2026;MINI;Fase Regular;Torneo Reclasificatorio;RECLASIFICACION;NORTE;2B;7;03/05/2026;BANCO PROVINCIA A;0;SOCIAL BECCAR B;0
2026;MINI;Fase Regular;Torneo Reclasificatorio;RECLASIFICACION;NORTE;2B;8;10/05/2026;BANCO PROVINCIA A;23;CLUB SOCIAL Y DEPORTIVO ARENAL;60
2026;MINI;Fase Regular;Torneo Reclasificatorio;RECLASIFICACION;NORTE;2B;8;10/05/2026;CLUB ATENEO INGENIERO RAVER;42;COOPERATIVA TORTUGUITAS;66
2026;MINI;Fase Regular;Torneo Reclasificatorio;RECLASIFICACION;NORTE;2B;8;10/05/2026;INDEPENDIENTE DE ESCOBAR;50;SPORTIVO PILAR B;34
2026;MINI;Fase Regular;Torneo Reclasificatorio;RECLASIFICACION;NORTE;2B;8;10/05/2026;BANCO NACION A;20;VICTORIA B;0
2026;MINI;Fase Regular;Torneo Reclasificatorio;RECLASIFICACION;NORTE;2B;9;17/05/2026;CLUB SOCIAL Y DEPORTIVO ARENAL;59;BANCO NACION A;29
2026;MINI;Fase Regular;Torneo Reclasificatorio;RECLASIFICACION;NORTE;2B;9;17/05/2026;VICTORIA B;21;INDEPENDIENTE DE ESCOBAR;56
2026;MINI;Fase Regular;Torneo Reclasificatorio;RECLASIFICACION;NORTE;2B;9;17/05/2026;SPORTIVO PILAR B;55;CLUB ATENEO INGENIERO RAVER;34
2026;MINI;Fase Regular;Torneo Reclasificatorio;RECLASIFICACION;NORTE;2B;9;17/05/2026;COOPERATIVA TORTUGUITAS;0;SOCIAL BECCAR B;0
2026;MINI;Fase Regular;Torneo Reclasificatorio;RECLASIFICACION;NORTE;2B;10;24/05/2026;COOPERATIVA TORTUGUITAS;42;BANCO PROVINCIA A;28
2026;MINI;Fase Regular;Torneo Reclasificatorio;RECLASIFICACION;NORTE;2B;10;24/05/2026;SPORTIVO PILAR B;0;SOCIAL BECCAR B;0
2026;MINI;Fase Regular;Torneo Reclasificatorio;RECLASIFICACION;NORTE;2B;10;24/05/2026;VICTORIA B;16;CLUB ATENEO INGENIERO RAVER;55
2026;MINI;Fase Regular;Torneo Reclasificatorio;RECLASIFICACION;NORTE;2B;10;24/05/2026;BANCO NACION A;73;INDEPENDIENTE DE ESCOBAR;22
2026;MINI;Fase Regular;Torneo Reclasificatorio;RECLASIFICACION;NORTE;3C;1;15/03/2026;BANCO NACION B;20;CLUB TRES DE FEBRERO C;0
2026;MINI;Fase Regular;Torneo Reclasificatorio;RECLASIFICACION;NORTE;3C;1;15/03/2026;VICTORIA A;71;SAN FERNANDO B;16
2026;MINI;Fase Regular;Torneo Reclasificatorio;RECLASIFICACION;NORTE;3C;1;15/03/2026;UNIVERSIDAD DE BUENOS AIRES;0;PLATENSE B;0
2026;MINI;Fase Regular;Torneo Reclasificatorio;RECLASIFICACION;NORTE;3C;1;15/03/2026;ATLETICO BOULOGNE A;19;NAUTICO BUCHARDO A;75
2026;MINI;Fase Regular;Torneo Reclasificatorio;RECLASIFICACION;NORTE;3C;2;22/03/2026;ATLETICO BOULOGNE A;47;BANCO NACION B;16
2026;MINI;Fase Regular;Torneo Reclasificatorio;RECLASIFICACION;NORTE;3C;2;22/03/2026;NAUTICO BUCHARDO A;0;UNIVERSIDAD DE BUENOS AIRES;0
2026;MINI;Fase Regular;Torneo Reclasificatorio;RECLASIFICACION;NORTE;3C;2;22/03/2026;PLATENSE B;7;VICTORIA A;57
2026;MINI;Fase Regular;Torneo Reclasificatorio;RECLASIFICACION;NORTE;3C;2;22/03/2026;SAN FERNANDO B;20;CLUB TRES DE FEBRERO C;0
2026;MINI;Fase Regular;Torneo Reclasificatorio;RECLASIFICACION;NORTE;3C;3;29/03/2026;BANCO NACION B;26;SAN FERNANDO B;62
2026;MINI;Fase Regular;Torneo Reclasificatorio;RECLASIFICACION;NORTE;3C;3;29/03/2026;CLUB TRES DE FEBRERO C;0;PLATENSE B;20
2026;MINI;Fase Regular;Torneo Reclasificatorio;RECLASIFICACION;NORTE;3C;3;29/03/2026;VICTORIA A;36;NAUTICO BUCHARDO A;42
2026;MINI;Fase Regular;Torneo Reclasificatorio;RECLASIFICACION;NORTE;3C;3;29/03/2026;UNIVERSIDAD DE BUENOS AIRES;0;ATLETICO BOULOGNE A;20
2026;MINI;Fase Regular;Torneo Reclasificatorio;RECLASIFICACION;NORTE;3C;4;12/04/2026;UNIVERSIDAD DE BUENOS AIRES;0;BANCO NACION B;20
2026;MINI;Fase Regular;Torneo Reclasificatorio;RECLASIFICACION;NORTE;3C;4;12/04/2026;ATLETICO BOULOGNE A;30;VICTORIA A;35
2026;MINI;Fase Regular;Torneo Reclasificatorio;RECLASIFICACION;NORTE;3C;4;12/04/2026;NAUTICO BUCHARDO A;20;CLUB TRES DE FEBRERO C;0
2026;MINI;Fase Regular;Torneo Reclasificatorio;RECLASIFICACION;NORTE;3C;4;12/04/2026;PLATENSE B;0;SAN FERNANDO B;0
2026;MINI;Fase Regular;Torneo Reclasificatorio;RECLASIFICACION;NORTE;3C;5;19/04/2026;BANCO NACION B;0;PLATENSE B;0
2026;MINI;Fase Regular;Torneo Reclasificatorio;RECLASIFICACION;NORTE;3C;5;19/04/2026;SAN FERNANDO B;25;NAUTICO BUCHARDO A;75
2026;MINI;Fase Regular;Torneo Reclasificatorio;RECLASIFICACION;NORTE;3C;5;19/04/2026;CLUB TRES DE FEBRERO C;0;ATLETICO BOULOGNE A;20
2026;MINI;Fase Regular;Torneo Reclasificatorio;RECLASIFICACION;NORTE;3C;5;19/04/2026;VICTORIA A;0;UNIVERSIDAD DE BUENOS AIRES;0
2026;MINI;Fase Regular;Torneo Reclasificatorio;RECLASIFICACION;NORTE;3C;6;26/04/2026;VICTORIA A;20;BANCO NACION B;0
2026;MINI;Fase Regular;Torneo Reclasificatorio;RECLASIFICACION;NORTE;3C;6;26/04/2026;UNIVERSIDAD DE BUENOS AIRES;20;CLUB TRES DE FEBRERO C;0
2026;MINI;Fase Regular;Torneo Reclasificatorio;RECLASIFICACION;NORTE;3C;6;26/04/2026;ATLETICO BOULOGNE A;0;SAN FERNANDO B;0
2026;MINI;Fase Regular;Torneo Reclasificatorio;RECLASIFICACION;NORTE;3C;6;26/04/2026;NAUTICO BUCHARDO A;83;PLATENSE B;18
2026;MINI;Fase Regular;Torneo Reclasificatorio;RECLASIFICACION;NORTE;3C;7;03/05/2026;BANCO NACION B;0;NAUTICO BUCHARDO A;20
2026;MINI;Fase Regular;Torneo Reclasificatorio;RECLASIFICACION;NORTE;3C;7;03/05/2026;PLATENSE B;0;ATLETICO BOULOGNE A;0
2026;MINI;Fase Regular;Torneo Reclasificatorio;RECLASIFICACION;NORTE;3C;7;03/05/2026;SAN FERNANDO B;0;UNIVERSIDAD DE BUENOS AIRES;0
2026;MINI;Fase Regular;Torneo Reclasificatorio;RECLASIFICACION;NORTE;3C;7;03/05/2026;CLUB TRES DE FEBRERO C;0;VICTORIA A;20
2026;MINI;Fase Regular;Torneo Reclasificatorio;RECLASIFICACION;NORTE;3C;8;10/05/2026;CLUB TRES DE FEBRERO C;0;BANCO NACION B;20
2026;MINI;Fase Regular;Torneo Reclasificatorio;RECLASIFICACION;NORTE;3C;8;10/05/2026;SAN FERNANDO B;0;VICTORIA A;0
2026;MINI;Fase Regular;Torneo Reclasificatorio;RECLASIFICACION;NORTE;3C;8;10/05/2026;PLATENSE B;40;UNIVERSIDAD DE BUENOS AIRES;42
2026;MINI;Fase Regular;Torneo Reclasificatorio;RECLASIFICACION;NORTE;3C;8;10/05/2026;NAUTICO BUCHARDO A;73;ATLETICO BOULOGNE A;20
2026;MINI;Fase Regular;Torneo Reclasificatorio;RECLASIFICACION;NORTE;3C;9;17/05/2026;BANCO NACION B;30;ATLETICO BOULOGNE A;40
2026;MINI;Fase Regular;Torneo Reclasificatorio;RECLASIFICACION;NORTE;3C;9;17/05/2026;UNIVERSIDAD DE BUENOS AIRES;8;NAUTICO BUCHARDO A;72
2026;MINI;Fase Regular;Torneo Reclasificatorio;RECLASIFICACION;NORTE;3C;9;17/05/2026;VICTORIA A;69;PLATENSE B;15
2026;MINI;Fase Regular;Torneo Reclasificatorio;RECLASIFICACION;NORTE;3C;9;17/05/2026;CLUB TRES DE FEBRERO C;0;SAN FERNANDO B;20
2026;MINI;Fase Regular;Torneo Reclasificatorio;RECLASIFICACION;NORTE;3C;10;24/05/2026;SAN FERNANDO B;28;BANCO NACION B;36
2026;MINI;Fase Regular;Torneo Reclasificatorio;RECLASIFICACION;NORTE;3C;10;24/05/2026;PLATENSE B;20;CLUB TRES DE FEBRERO C;0
2026;MINI;Fase Regular;Torneo Reclasificatorio;RECLASIFICACION;NORTE;3C;10;24/05/2026;NAUTICO BUCHARDO A;52;VICTORIA A;21
2026;MINI;Fase Regular;Torneo Reclasificatorio;RECLASIFICACION;NORTE;3C;10;24/05/2026;ATLETICO BOULOGNE A;35;UNIVERSIDAD DE BUENOS AIRES;34
2026;MINI;Fase Regular;Torneo Reclasificatorio;RECLASIFICACION;NORTE;3C;11;31/05/2026;CLUB TRES DE FEBRERO C;0;NAUTICO BUCHARDO A;20
2026;MINI;Fase Regular;Torneo Reclasificatorio;RECLASIFICACION;NORTE;3C;12;07/06/2026;ATLETICO BOULOGNE A;20;CLUB TRES DE FEBRERO C;0
2026;MINI;Fase Regular;Torneo Reclasificatorio;RECLASIFICACION;NORTE;3C;13;14/06/2026;CLUB TRES DE FEBRERO C;0;UNIVERSIDAD DE BUENOS AIRES;20
2026;MINI;Fase Regular;Torneo Reclasificatorio;RECLASIFICACION;NORTE;3C;14;21/06/2026;VICTORIA A;20;CLUB TRES DE FEBRERO C;0
2026;MINI;Fase Regular;Torneo Reclasificatorio;RECLASIFICACION;OESTE;2A;1;15/03/2026;NOLTING;57;DEFENSORES DE MORENO A;16
2026;MINI;Fase Regular;Torneo Reclasificatorio;RECLASIFICACION;OESTE;2A;1;15/03/2026;CENTRO ESPAÑOL;61;GIMNASIA Y ESGRIMA DE ITUZAINGO B;12
2026;MINI;Fase Regular;Torneo Reclasificatorio;RECLASIFICACION;OESTE;2A;1;15/03/2026;CLUB CEPA;32;CLUB PORTUGUES DEL GRAN BUENOS AIRES;71
2026;MINI;Fase Regular;Torneo Reclasificatorio;RECLASIFICACION;OESTE;2A;1;15/03/2026;DEP. MORON B;30;SITAS B;23
2026;MINI;Fase Regular;Torneo Reclasificatorio;RECLASIFICACION;OESTE;2A;2;22/03/2026;DEP. MORON B;24;RAMOS MEJIA LTC;18
2026;MINI;Fase Regular;Torneo Reclasificatorio;RECLASIFICACION;OESTE;2A;2;22/03/2026;SITAS B;33;CLUB CEPA;46
2026;MINI;Fase Regular;Torneo Reclasificatorio;RECLASIFICACION;OESTE;2A;2;22/03/2026;CLUB PORTUGUES DEL GRAN BUENOS AIRES;33;CENTRO ESPAÑOL;43
2026;MINI;Fase Regular;Torneo Reclasificatorio;RECLASIFICACION;OESTE;2A;2;22/03/2026;GIMNASIA Y ESGRIMA DE ITUZAINGO B;23;NOLTING;63
2026;MINI;Fase Regular;Torneo Reclasificatorio;RECLASIFICACION;OESTE;2A;3;29/03/2026;RAMOS MEJIA LTC;38;DEFENSORES DE MORENO A;29
2026;MINI;Fase Regular;Torneo Reclasificatorio;RECLASIFICACION;OESTE;2A;3;29/03/2026;NOLTING;39;CLUB PORTUGUES DEL GRAN BUENOS AIRES;35
2026;MINI;Fase Regular;Torneo Reclasificatorio;RECLASIFICACION;OESTE;2A;3;29/03/2026;CENTRO ESPAÑOL;0;SITAS B;20
2026;MINI;Fase Regular;Torneo Reclasificatorio;RECLASIFICACION;OESTE;2A;3;29/03/2026;CLUB CEPA;23;DEP. MORON B;20
2026;MINI;Fase Regular;Torneo Reclasificatorio;RECLASIFICACION;OESTE;2A;4;12/04/2026;CLUB CEPA;30;RAMOS MEJIA LTC;22
2026;MINI;Fase Regular;Torneo Reclasificatorio;RECLASIFICACION;OESTE;2A;4;12/04/2026;DEP. MORON B;0;CENTRO ESPAÑOL;20
2026;MINI;Fase Regular;Torneo Reclasificatorio;RECLASIFICACION;OESTE;2A;4;12/04/2026;CLUB PORTUGUES DEL GRAN BUENOS AIRES;37;FERROCARRIL OESTE C;31
2026;MINI;Fase Regular;Torneo Reclasificatorio;RECLASIFICACION;OESTE;2A;4;12/04/2026;GIMNASIA Y ESGRIMA DE ITUZAINGO B;20;DEFENSORES DE MORENO A;0
2026;MINI;Fase Regular;Torneo Reclasificatorio;RECLASIFICACION;OESTE;2A;5;19/04/2026;RAMOS MEJIA LTC;20;GIMNASIA Y ESGRIMA DE ITUZAINGO B;0
2026;MINI;Fase Regular;Torneo Reclasificatorio;RECLASIFICACION;OESTE;2A;5;19/04/2026;DEFENSORES DE MORENO A;19;CLUB PORTUGUES DEL GRAN BUENOS AIRES;54
2026;MINI;Fase Regular;Torneo Reclasificatorio;RECLASIFICACION;OESTE;2A;5;19/04/2026;FERROCARRIL OESTE C;20;SITAS B;0
2026;MINI;Fase Regular;Torneo Reclasificatorio;RECLASIFICACION;OESTE;2A;5;19/04/2026;NOLTING;0;DEP. MORON B;0
2026;MINI;Fase Regular;Torneo Reclasificatorio;RECLASIFICACION;OESTE;2A;5;19/04/2026;CENTRO ESPAÑOL;94;CLUB CEPA;22
2026;MINI;Fase Regular;Torneo Reclasificatorio;RECLASIFICACION;OESTE;2A;6;26/04/2026;CENTRO ESPAÑOL;62;RAMOS MEJIA LTC;37
2026;MINI;Fase Regular;Torneo Reclasificatorio;RECLASIFICACION;OESTE;2A;6;26/04/2026;CLUB CEPA;24;NOLTING;48
2026;MINI;Fase Regular;Torneo Reclasificatorio;RECLASIFICACION;OESTE;2A;6;26/04/2026;SITAS B;20;DEFENSORES DE MORENO A;0
2026;MINI;Fase Regular;Torneo Reclasificatorio;RECLASIFICACION;OESTE;2A;6;26/04/2026;CLUB PORTUGUES DEL GRAN BUENOS AIRES;51;GIMNASIA Y ESGRIMA DE ITUZAINGO B;17
2026;MINI;Fase Regular;Torneo Reclasificatorio;RECLASIFICACION;OESTE;2A;7;03/05/2026;RAMOS MEJIA LTC;20;CLUB PORTUGUES DEL GRAN BUENOS AIRES;0
2026;MINI;Fase Regular;Torneo Reclasificatorio;RECLASIFICACION;OESTE;2A;7;03/05/2026;GIMNASIA Y ESGRIMA DE ITUZAINGO B;0;SITAS B;0
2026;MINI;Fase Regular;Torneo Reclasificatorio;RECLASIFICACION;OESTE;2A;7;03/05/2026;DEFENSORES DE MORENO A;0;DEP. MORON B;0
2026;MINI;Fase Regular;Torneo Reclasificatorio;RECLASIFICACION;OESTE;2A;7;03/05/2026;FERROCARRIL OESTE C;20;CLUB CEPA;0
2026;MINI;Fase Regular;Torneo Reclasificatorio;RECLASIFICACION;OESTE;2A;7;03/05/2026;NOLTING;53;CENTRO ESPAÑOL;57
2026;MINI;Fase Regular;Torneo Reclasificatorio;RECLASIFICACION;OESTE;2A;8;10/05/2026;NOLTING;20;RAMOS MEJIA LTC;0
2026;MINI;Fase Regular;Torneo Reclasificatorio;RECLASIFICACION;OESTE;2A;8;10/05/2026;CENTRO ESPAÑOL;49;FERROCARRIL OESTE C;44
2026;MINI;Fase Regular;Torneo Reclasificatorio;RECLASIFICACION;OESTE;2A;8;10/05/2026;CLUB CEPA;42;DEFENSORES DE MORENO A;50
2026;MINI;Fase Regular;Torneo Reclasificatorio;RECLASIFICACION;OESTE;2A;8;10/05/2026;DEP. MORON B;0;GIMNASIA Y ESGRIMA DE ITUZAINGO B;20
2026;MINI;Fase Regular;Torneo Reclasificatorio;RECLASIFICACION;OESTE;2A;8;10/05/2026;SITAS B;12;CLUB PORTUGUES DEL GRAN BUENOS AIRES;64
2026;MINI;Fase Regular;Torneo Reclasificatorio;RECLASIFICACION;OESTE;2A;9;17/05/2026;RAMOS MEJIA LTC;47;SITAS B;17
2026;MINI;Fase Regular;Torneo Reclasificatorio;RECLASIFICACION;OESTE;2A;9;17/05/2026;CLUB PORTUGUES DEL GRAN BUENOS AIRES;0;DEP. MORON B;0
2026;MINI;Fase Regular;Torneo Reclasificatorio;RECLASIFICACION;OESTE;2A;9;17/05/2026;DEFENSORES DE MORENO A;26;CENTRO ESPAÑOL;54
2026;MINI;Fase Regular;Torneo Reclasificatorio;RECLASIFICACION;OESTE;2A;9;17/05/2026;FERROCARRIL OESTE C;21;NOLTING;30
2026;MINI;Fase Regular;Torneo Reclasificatorio;RECLASIFICACION;OESTE;2A;10;24/05/2026;DEFENSORES DE MORENO A;33;NOLTING;58
2026;MINI;Fase Regular;Torneo Reclasificatorio;RECLASIFICACION;OESTE;2A;10;24/05/2026;CLUB PORTUGUES DEL GRAN BUENOS AIRES;45;CLUB CEPA;36
2026;MINI;Fase Regular;Torneo Reclasificatorio;RECLASIFICACION;OESTE;2A;10;24/05/2026;SITAS B;0;DEP. MORON B;0
2026;MINI;Fase Regular;Torneo Reclasificatorio;RECLASIFICACION;OESTE;2A;13;14/06/2026;NOLTING;0;SITAS B;0
2026;MINI;Fase Regular;Torneo Reclasificatorio;RECLASIFICACION;OESTE;2B;1;15/03/2026;SITAS A;0;VELEZ SARSFIELD B;0
2026;MINI;Fase Regular;Torneo Reclasificatorio;RECLASIFICACION;OESTE;2B;1;15/03/2026;DEFENSORES DE SANTOS LUGARES;39;MORON B;6
2026;MINI;Fase Regular;Torneo Reclasificatorio;RECLASIFICACION;OESTE;2B;1;15/03/2026;CEDEM;47;PASO DEL REY;32
2026;MINI;Fase Regular;Torneo Reclasificatorio;RECLASIFICACION;OESTE;2B;1;15/03/2026;UNITARIOS DE MARCOS PAZ;20;SAN MIGUEL A;0
2026;MINI;Fase Regular;Torneo Reclasificatorio;RECLASIFICACION;OESTE;2B;1;15/03/2026;ESTUDIANTIL PORTEÑO B;0;DEFENSORES DE HURLINGHAM B;0
2026;MINI;Fase Regular;Torneo Reclasificatorio;RECLASIFICACION;OESTE;2B;2;22/03/2026;ESTUDIANTIL PORTEÑO B;21;SITAS A;93
2026;MINI;Fase Regular;Torneo Reclasificatorio;RECLASIFICACION;OESTE;2B;2;22/03/2026;DEFENSORES DE HURLINGHAM B;6;UNITARIOS DE MARCOS PAZ;88
2026;MINI;Fase Regular;Torneo Reclasificatorio;RECLASIFICACION;OESTE;2B;2;22/03/2026;SAN MIGUEL A;0;CEDEM;0
2026;MINI;Fase Regular;Torneo Reclasificatorio;RECLASIFICACION;OESTE;2B;2;22/03/2026;PASO DEL REY;21;DEFENSORES DE SANTOS LUGARES;69
2026;MINI;Fase Regular;Torneo Reclasificatorio;RECLASIFICACION;OESTE;2B;2;22/03/2026;MORON B;0;VELEZ SARSFIELD B;20
2026;MINI;Fase Regular;Torneo Reclasificatorio;RECLASIFICACION;OESTE;2B;3;29/03/2026;SITAS A;78;MORON B;6
2026;MINI;Fase Regular;Torneo Reclasificatorio;RECLASIFICACION;OESTE;2B;3;29/03/2026;VELEZ SARSFIELD B;0;PASO DEL REY;20
2026;MINI;Fase Regular;Torneo Reclasificatorio;RECLASIFICACION;OESTE;2B;3;29/03/2026;DEFENSORES DE SANTOS LUGARES;61;SAN MIGUEL A;4
2026;MINI;Fase Regular;Torneo Reclasificatorio;RECLASIFICACION;OESTE;2B;3;29/03/2026;UNITARIOS DE MARCOS PAZ;78;ESTUDIANTIL PORTEÑO B;12
2026;MINI;Fase Regular;Torneo Reclasificatorio;RECLASIFICACION;OESTE;2B;4;12/04/2026;UNITARIOS DE MARCOS PAZ;71;SITAS A;64
2026;MINI;Fase Regular;Torneo Reclasificatorio;RECLASIFICACION;OESTE;2B;4;12/04/2026;ESTUDIANTIL PORTEÑO B;0;CEDEM;20
2026;MINI;Fase Regular;Torneo Reclasificatorio;RECLASIFICACION;OESTE;2B;4;12/04/2026;DEFENSORES DE HURLINGHAM B;0;DEFENSORES DE SANTOS LUGARES;20
2026;MINI;Fase Regular;Torneo Reclasificatorio;RECLASIFICACION;OESTE;2B;4;12/04/2026;SAN MIGUEL A;0;VELEZ SARSFIELD B;20
2026;MINI;Fase Regular;Torneo Reclasificatorio;RECLASIFICACION;OESTE;2B;4;12/04/2026;PASO DEL REY;20;MORON B;0
2026;MINI;Fase Regular;Torneo Reclasificatorio;RECLASIFICACION;OESTE;2B;5;19/04/2026;SITAS A;70;PASO DEL REY;26
2026;MINI;Fase Regular;Torneo Reclasificatorio;RECLASIFICACION;OESTE;2B;5;19/04/2026;MORON B;0;SAN MIGUEL A;0
2026;MINI;Fase Regular;Torneo Reclasificatorio;RECLASIFICACION;OESTE;2B;5;19/04/2026;VELEZ SARSFIELD B;20;DEFENSORES DE HURLINGHAM B;0
2026;MINI;Fase Regular;Torneo Reclasificatorio;RECLASIFICACION;OESTE;2B;5;19/04/2026;DEFENSORES DE SANTOS LUGARES;20;ESTUDIANTIL PORTEÑO B;0
2026;MINI;Fase Regular;Torneo Reclasificatorio;RECLASIFICACION;OESTE;2B;5;19/04/2026;CEDEM;56;UNITARIOS DE MARCOS PAZ;65
2026;MINI;Fase Regular;Torneo Reclasificatorio;RECLASIFICACION;OESTE;2B;6;26/04/2026;CEDEM;60;SITAS A;42
2026;MINI;Fase Regular;Torneo Reclasificatorio;RECLASIFICACION;OESTE;2B;6;26/04/2026;UNITARIOS DE MARCOS PAZ;84;DEFENSORES DE SANTOS LUGARES;40
2026;MINI;Fase Regular;Torneo Reclasificatorio;RECLASIFICACION;OESTE;2B;6;26/04/2026;ESTUDIANTIL PORTEÑO B;0;VELEZ SARSFIELD B;20
2026;MINI;Fase Regular;Torneo Reclasificatorio;RECLASIFICACION;OESTE;2B;6;26/04/2026;DEFENSORES DE HURLINGHAM B;0;MORON B;20
2026;MINI;Fase Regular;Torneo Reclasificatorio;RECLASIFICACION;OESTE;2B;6;26/04/2026;SAN MIGUEL A;0;PASO DEL REY;20
2026;MINI;Fase Regular;Torneo Reclasificatorio;RECLASIFICACION;OESTE;2B;7;03/05/2026;SITAS A;20;SAN MIGUEL A;0
2026;MINI;Fase Regular;Torneo Reclasificatorio;RECLASIFICACION;OESTE;2B;7;03/05/2026;PASO DEL REY;81;DEFENSORES DE HURLINGHAM B;13
2026;MINI;Fase Regular;Torneo Reclasificatorio;RECLASIFICACION;OESTE;2B;7;03/05/2026;MORON B;20;ESTUDIANTIL PORTEÑO B;0
2026;MINI;Fase Regular;Torneo Reclasificatorio;RECLASIFICACION;OESTE;2B;7;03/05/2026;VELEZ SARSFIELD B;21;UNITARIOS DE MARCOS PAZ;82
2026;MINI;Fase Regular;Torneo Reclasificatorio;RECLASIFICACION;OESTE;2B;7;03/05/2026;DEFENSORES DE SANTOS LUGARES;54;CEDEM;48
2026;MINI;Fase Regular;Torneo Reclasificatorio;RECLASIFICACION;OESTE;2B;8;10/05/2026;DEFENSORES DE SANTOS LUGARES;0;SITAS A;0
2026;MINI;Fase Regular;Torneo Reclasificatorio;RECLASIFICACION;OESTE;2B;8;10/05/2026;CEDEM;59;VELEZ SARSFIELD B;28
2026;MINI;Fase Regular;Torneo Reclasificatorio;RECLASIFICACION;OESTE;2B;8;10/05/2026;UNITARIOS DE MARCOS PAZ;109;MORON B;16
2026;MINI;Fase Regular;Torneo Reclasificatorio;RECLASIFICACION;OESTE;2B;8;10/05/2026;ESTUDIANTIL PORTEÑO B;12;PASO DEL REY;48
2026;MINI;Fase Regular;Torneo Reclasificatorio;RECLASIFICACION;OESTE;2B;8;10/05/2026;DEFENSORES DE HURLINGHAM B;0;SAN MIGUEL A;0
2026;MINI;Fase Regular;Torneo Reclasificatorio;RECLASIFICACION;OESTE;2B;9;17/05/2026;SITAS A;116;DEFENSORES DE HURLINGHAM B;9
2026;MINI;Fase Regular;Torneo Reclasificatorio;RECLASIFICACION;OESTE;2B;9;17/05/2026;PASO DEL REY;18;UNITARIOS DE MARCOS PAZ;82
2026;MINI;Fase Regular;Torneo Reclasificatorio;RECLASIFICACION;OESTE;2B;9;17/05/2026;MORON B;17;CEDEM;80
2026;MINI;Fase Regular;Torneo Reclasificatorio;RECLASIFICACION;OESTE;2B;9;17/05/2026;VELEZ SARSFIELD B;27;DEFENSORES DE SANTOS LUGARES;37
2026;MINI;Fase Regular;Torneo Reclasificatorio;RECLASIFICACION;OESTE;2B;10;24/05/2026;VELEZ SARSFIELD B;33;SITAS A;37
2026;MINI;Fase Regular;Torneo Reclasificatorio;RECLASIFICACION;OESTE;2B;10;24/05/2026;MORON B;16;DEFENSORES DE SANTOS LUGARES;70
2026;MINI;Fase Regular;Torneo Reclasificatorio;RECLASIFICACION;OESTE;2B;10;24/05/2026;PASO DEL REY;41;CEDEM;62
2026;MINI;Fase Regular;Torneo Reclasificatorio;RECLASIFICACION;OESTE;2B;10;24/05/2026;SAN MIGUEL A;18;UNITARIOS DE MARCOS PAZ;47
2026;MINI;Fase Regular;Torneo Reclasificatorio;RECLASIFICACION;OESTE;2B;10;24/05/2026;DEFENSORES DE HURLINGHAM B;26;ESTUDIANTIL PORTEÑO B;19
2026;MINI;Fase Regular;Torneo Reclasificatorio;RECLASIFICACION;OESTE;3C;1;15/03/2026;HURACAN DE SAN JUSTO B;20;GIMNASIA Y ESGRIMA DE ITUZAINGO C;0
2026;MINI;Fase Regular;Torneo Reclasificatorio;RECLASIFICACION;OESTE;3C;1;15/03/2026;EL PALOMAR;0;ARGENTINO DE CASTELAR C;0
2026;MINI;Fase Regular;Torneo Reclasificatorio;RECLASIFICACION;OESTE;3C;1;15/03/2026;SPORTIVO HAEDO;3;MUNICIPALIDAD DE HURLINGHAM;73
2026;MINI;Fase Regular;Torneo Reclasificatorio;RECLASIFICACION;OESTE;3C;1;15/03/2026;ITALIANO DE JOSE C PAZ;36;PORTEÑO ATHLETIC CLUB B;26
2026;MINI;Fase Regular;Torneo Reclasificatorio;RECLASIFICACION;OESTE;3C;1;15/03/2026;CIUDADELA NORTE;62;C.A.S.A PADUA B;6
2026;MINI;Fase Regular;Torneo Reclasificatorio;RECLASIFICACION;OESTE;3C;2;22/03/2026;CIUDADELA NORTE;20;HURACAN DE SAN JUSTO B;0
2026;MINI;Fase Regular;Torneo Reclasificatorio;RECLASIFICACION;OESTE;3C;2;22/03/2026;C.A.S.A PADUA B;14;ITALIANO DE JOSE C PAZ;33
2026;MINI;Fase Regular;Torneo Reclasificatorio;RECLASIFICACION;OESTE;3C;2;22/03/2026;PORTEÑO ATHLETIC CLUB B;38;SPORTIVO HAEDO;28
2026;MINI;Fase Regular;Torneo Reclasificatorio;RECLASIFICACION;OESTE;3C;2;22/03/2026;MUNICIPALIDAD DE HURLINGHAM;41;EL PALOMAR;43
2026;MINI;Fase Regular;Torneo Reclasificatorio;RECLASIFICACION;OESTE;3C;2;22/03/2026;ARGENTINO DE CASTELAR C;0;GIMNASIA Y ESGRIMA DE ITUZAINGO C;0
2026;MINI;Fase Regular;Torneo Reclasificatorio;RECLASIFICACION;OESTE;3C;3;29/03/2026;HURACAN DE SAN JUSTO B;0;ARGENTINO DE CASTELAR C;20
2026;MINI;Fase Regular;Torneo Reclasificatorio;RECLASIFICACION;OESTE;3C;3;29/03/2026;GIMNASIA Y ESGRIMA DE ITUZAINGO C;16;MUNICIPALIDAD DE HURLINGHAM;55
2026;MINI;Fase Regular;Torneo Reclasificatorio;RECLASIFICACION;OESTE;3C;3;29/03/2026;EL PALOMAR;58;PORTEÑO ATHLETIC CLUB B;35
2026;MINI;Fase Regular;Torneo Reclasificatorio;RECLASIFICACION;OESTE;3C;3;29/03/2026;SPORTIVO HAEDO;3;C.A.S.A PADUA B;58
2026;MINI;Fase Regular;Torneo Reclasificatorio;RECLASIFICACION;OESTE;3C;3;29/03/2026;ITALIANO DE JOSE C PAZ;0;CIUDADELA NORTE;0
2026;MINI;Fase Regular;Torneo Reclasificatorio;RECLASIFICACION;OESTE;3C;4;12/04/2026;ITALIANO DE JOSE C PAZ;20;HURACAN DE SAN JUSTO B;0
2026;MINI;Fase Regular;Torneo Reclasificatorio;RECLASIFICACION;OESTE;3C;4;12/04/2026;CIUDADELA NORTE;70;SPORTIVO HAEDO;6
2026;MINI;Fase Regular;Torneo Reclasificatorio;RECLASIFICACION;OESTE;3C;4;12/04/2026;C.A.S.A PADUA B;19;EL PALOMAR;32
2026;MINI;Fase Regular;Torneo Reclasificatorio;RECLASIFICACION;OESTE;3C;4;12/04/2026;PORTEÑO ATHLETIC CLUB B;20;GIMNASIA Y ESGRIMA DE ITUZAINGO C;0
2026;MINI;Fase Regular;Torneo Reclasificatorio;RECLASIFICACION;OESTE;3C;4;12/04/2026;MUNICIPALIDAD DE HURLINGHAM;20;ARGENTINO DE CASTELAR C;0
2026;MINI;Fase Regular;Torneo Reclasificatorio;RECLASIFICACION;OESTE;3C;5;19/04/2026;HURACAN DE SAN JUSTO B;0;MUNICIPALIDAD DE HURLINGHAM;20
2026;MINI;Fase Regular;Torneo Reclasificatorio;RECLASIFICACION;OESTE;3C;5;19/04/2026;ARGENTINO DE CASTELAR C;0;PORTEÑO ATHLETIC CLUB B;20
2026;MINI;Fase Regular;Torneo Reclasificatorio;RECLASIFICACION;OESTE;3C;5;19/04/2026;GIMNASIA Y ESGRIMA DE ITUZAINGO C;0;C.A.S.A PADUA B;0
2026;MINI;Fase Regular;Torneo Reclasificatorio;RECLASIFICACION;OESTE;3C;5;19/04/2026;EL PALOMAR;47;CIUDADELA NORTE;99
2026;MINI;Fase Regular;Torneo Reclasificatorio;RECLASIFICACION;OESTE;3C;5;19/04/2026;SPORTIVO HAEDO;22;ITALIANO DE JOSE C PAZ;32
2026;MINI;Fase Regular;Torneo Reclasificatorio;RECLASIFICACION;OESTE;3C;6;26/04/2026;SPORTIVO HAEDO;20;HURACAN DE SAN JUSTO B;0
2026;MINI;Fase Regular;Torneo Reclasificatorio;RECLASIFICACION;OESTE;3C;6;26/04/2026;ITALIANO DE JOSE C PAZ;20;EL PALOMAR;0
2026;MINI;Fase Regular;Torneo Reclasificatorio;RECLASIFICACION;OESTE;3C;6;26/04/2026;CIUDADELA NORTE;20;GIMNASIA Y ESGRIMA DE ITUZAINGO C;0
2026;MINI;Fase Regular;Torneo Reclasificatorio;RECLASIFICACION;OESTE;3C;6;26/04/2026;C.A.S.A PADUA B;20;ARGENTINO DE CASTELAR C;0
2026;MINI;Fase Regular;Torneo Reclasificatorio;RECLASIFICACION;OESTE;3C;6;26/04/2026;PORTEÑO ATHLETIC CLUB B;20;MUNICIPALIDAD DE HURLINGHAM;0
2026;MINI;Fase Regular;Torneo Reclasificatorio;RECLASIFICACION;OESTE;3C;7;03/05/2026;HURACAN DE SAN JUSTO B;0;PORTEÑO ATHLETIC CLUB B;20
2026;MINI;Fase Regular;Torneo Reclasificatorio;RECLASIFICACION;OESTE;3C;7;03/05/2026;MUNICIPALIDAD DE HURLINGHAM;0;C.A.S.A PADUA B;0
2026;MINI;Fase Regular;Torneo Reclasificatorio;RECLASIFICACION;OESTE;3C;7;03/05/2026;ARGENTINO DE CASTELAR C;0;CIUDADELA NORTE;20
2026;MINI;Fase Regular;Torneo Reclasificatorio;RECLASIFICACION;OESTE;3C;7;03/05/2026;GIMNASIA Y ESGRIMA DE ITUZAINGO C;0;ITALIANO DE JOSE C PAZ;20
2026;MINI;Fase Regular;Torneo Reclasificatorio;RECLASIFICACION;OESTE;3C;7;03/05/2026;EL PALOMAR;58;SPORTIVO HAEDO;21
2026;MINI;Fase Regular;Torneo Reclasificatorio;RECLASIFICACION;OESTE;3C;8;10/05/2026;EL PALOMAR;20;HURACAN DE SAN JUSTO B;0
2026;MINI;Fase Regular;Torneo Reclasificatorio;RECLASIFICACION;OESTE;3C;8;10/05/2026;SPORTIVO HAEDO;42;GIMNASIA Y ESGRIMA DE ITUZAINGO C;21
2026;MINI;Fase Regular;Torneo Reclasificatorio;RECLASIFICACION;OESTE;3C;8;10/05/2026;CIUDADELA NORTE;93;MUNICIPALIDAD DE HURLINGHAM;13
2026;MINI;Fase Regular;Torneo Reclasificatorio;RECLASIFICACION;OESTE;3C;8;10/05/2026;C.A.S.A PADUA B;25;PORTEÑO ATHLETIC CLUB B;19
2026;MINI;Fase Regular;Torneo Reclasificatorio;RECLASIFICACION;OESTE;3C;9;17/05/2026;HURACAN DE SAN JUSTO B;0;C.A.S.A PADUA B;20
2026;MINI;Fase Regular;Torneo Reclasificatorio;RECLASIFICACION;OESTE;3C;9;17/05/2026;PORTEÑO ATHLETIC CLUB B;17;CIUDADELA NORTE;51
2026;MINI;Fase Regular;Torneo Reclasificatorio;RECLASIFICACION;OESTE;3C;9;17/05/2026;MUNICIPALIDAD DE HURLINGHAM;37;ITALIANO DE JOSE C PAZ;47
2026;MINI;Fase Regular;Torneo Reclasificatorio;RECLASIFICACION;OESTE;3C;9;17/05/2026;ARGENTINO DE CASTELAR C;0;SPORTIVO HAEDO;0
2026;MINI;Fase Regular;Torneo Reclasificatorio;RECLASIFICACION;OESTE;3C;9;17/05/2026;GIMNASIA Y ESGRIMA DE ITUZAINGO C;19;EL PALOMAR;50
2026;MINI;Fase Regular;Torneo Reclasificatorio;RECLASIFICACION;OESTE;3C;10;24/05/2026;GIMNASIA Y ESGRIMA DE ITUZAINGO C;20;HURACAN DE SAN JUSTO B;0
2026;MINI;Fase Regular;Torneo Reclasificatorio;RECLASIFICACION;OESTE;3C;10;24/05/2026;MUNICIPALIDAD DE HURLINGHAM;27;SPORTIVO HAEDO;32
2026;MINI;Fase Regular;Torneo Reclasificatorio;RECLASIFICACION;OESTE;3C;10;24/05/2026;PORTEÑO ATHLETIC CLUB B;18;ITALIANO DE JOSE C PAZ;37
2026;MINI;Fase Regular;Torneo Reclasificatorio;RECLASIFICACION;OESTE;3C;10;24/05/2026;C.A.S.A PADUA B;12;CIUDADELA NORTE;71
2026;MINI;Fase Regular;Torneo Reclasificatorio;RECLASIFICACION;OESTE;3C;11;31/05/2026;HURACAN DE SAN JUSTO B;0;CIUDADELA NORTE;20
2026;MINI;Fase Regular;Torneo Reclasificatorio;RECLASIFICACION;OESTE;3C;12;07/06/2026;ARGENTINO DE CASTELAR C;20;HURACAN DE SAN JUSTO B;0
2026;MINI;Fase Regular;Torneo Reclasificatorio;RECLASIFICACION;OESTE;3C;13;14/06/2026;HURACAN DE SAN JUSTO B;0;ITALIANO DE JOSE C PAZ;20
2026;MINI;Fase Regular;Torneo Reclasificatorio;RECLASIFICACION;OESTE;3C;14;21/06/2026;MUNICIPALIDAD DE HURLINGHAM;20;HURACAN DE SAN JUSTO B;0
2026;MINI;Fase Regular;Torneo Reclasificatorio;RECLASIFICACION;OESTE;3C;15;28/06/2026;HURACAN DE SAN JUSTO B;0;SPORTIVO HAEDO;20
2026;MINI;Fase Regular;Torneo Reclasificatorio;RECLASIFICACION;OESTE;3C;16;05/07/2026;PORTEÑO ATHLETIC CLUB B;20;HURACAN DE SAN JUSTO B;0
2026;MINI;Fase Regular;Torneo Reclasificatorio;RECLASIFICACION;OESTE;3C;17;12/07/2026;HURACAN DE SAN JUSTO B;0;EL PALOMAR;20
2026;MINI;Fase Regular;Torneo Reclasificatorio;RECLASIFICACION;OESTE;3C;18;19/07/2026;C.A.S.A PADUA B;20;HURACAN DE SAN JUSTO B;0
2026;MINI;Fase Regular;Torneo Reclasificatorio;RECLASIFICACION;SUR;2A;1;15/03/2026;LA UNION;31;LANUS B;24
2026;MINI;Fase Regular;Torneo Reclasificatorio;RECLASIFICACION;SUR;2A;1;15/03/2026;CLUB ATLETICO PAMPERO;68;TAMBEROS UNIDOS;11
2026;MINI;Fase Regular;Torneo Reclasificatorio;RECLASIFICACION;SUR;2A;1;15/03/2026;CLUB ATLETICO BERNAL;20;GUILLON BASQUET;0
2026;MINI;Fase Regular;Torneo Reclasificatorio;RECLASIFICACION;SUR;2A;2;22/03/2026;GUILLON BASQUET;0;CLUB ATLETICO PAMPERO;20
2026;MINI;Fase Regular;Torneo Reclasificatorio;RECLASIFICACION;SUR;2A;2;22/03/2026;TAMBEROS UNIDOS;14;LA UNION;28
2026;MINI;Fase Regular;Torneo Reclasificatorio;RECLASIFICACION;SUR;2A;2;22/03/2026;LANUS B;17;JUVENTUD UNIDA;78
2026;MINI;Fase Regular;Torneo Reclasificatorio;RECLASIFICACION;SUR;2A;3;29/03/2026;JUVENTUD UNIDA;75;TAMBEROS UNIDOS;18
2026;MINI;Fase Regular;Torneo Reclasificatorio;RECLASIFICACION;SUR;2A;3;29/03/2026;LA UNION;10;GUILLON BASQUET;103
2026;MINI;Fase Regular;Torneo Reclasificatorio;RECLASIFICACION;SUR;2A;3;29/03/2026;CLUB ATLETICO PAMPERO;49;CLUB ATLETICO BERNAL;41
2026;MINI;Fase Regular;Torneo Reclasificatorio;RECLASIFICACION;SUR;2A;4;12/04/2026;CLUB ATLETICO BERNAL;91;LA UNION;36
2026;MINI;Fase Regular;Torneo Reclasificatorio;RECLASIFICACION;SUR;2A;4;12/04/2026;GUILLON BASQUET;52;JUVENTUD UNIDA;89
2026;MINI;Fase Regular;Torneo Reclasificatorio;RECLASIFICACION;SUR;2A;4;12/04/2026;TAMBEROS UNIDOS;20;LANUS B;0
2026;MINI;Fase Regular;Torneo Reclasificatorio;RECLASIFICACION;SUR;2A;5;19/04/2026;LANUS B;9;GUILLON BASQUET;93
2026;MINI;Fase Regular;Torneo Reclasificatorio;RECLASIFICACION;SUR;2A;5;19/04/2026;JUVENTUD UNIDA;100;CLUB ATLETICO BERNAL;50
2026;MINI;Fase Regular;Torneo Reclasificatorio;RECLASIFICACION;SUR;2A;5;19/04/2026;LA UNION;0;CLUB ATLETICO PAMPERO;20
2026;MINI;Fase Regular;Torneo Reclasificatorio;RECLASIFICACION;SUR;2A;6;26/04/2026;CLUB ATLETICO PAMPERO;49;JUVENTUD UNIDA;87
2026;MINI;Fase Regular;Torneo Reclasificatorio;RECLASIFICACION;SUR;2A;6;26/04/2026;CLUB ATLETICO BERNAL;102;LANUS B;7
2026;MINI;Fase Regular;Torneo Reclasificatorio;RECLASIFICACION;SUR;2A;6;26/04/2026;GUILLON BASQUET;76;TAMBEROS UNIDOS;19
2026;MINI;Fase Regular;Torneo Reclasificatorio;RECLASIFICACION;SUR;2A;7;03/05/2026;TAMBEROS UNIDOS;33;CLUB ATLETICO BERNAL;63
2026;MINI;Fase Regular;Torneo Reclasificatorio;RECLASIFICACION;SUR;2A;7;03/05/2026;LANUS B;17;CLUB ATLETICO PAMPERO;63
2026;MINI;Fase Regular;Torneo Reclasificatorio;RECLASIFICACION;SUR;2A;7;03/05/2026;JUVENTUD UNIDA;20;LA UNION;0
2026;MINI;Fase Regular;Torneo Reclasificatorio;RECLASIFICACION;SUR;2A;8;10/05/2026;LANUS B;37;LA UNION;50
2026;MINI;Fase Regular;Torneo Reclasificatorio;RECLASIFICACION;SUR;2A;8;10/05/2026;TAMBEROS UNIDOS;26;CLUB ATLETICO PAMPERO;36
2026;MINI;Fase Regular;Torneo Reclasificatorio;RECLASIFICACION;SUR;2A;8;10/05/2026;GUILLON BASQUET;41;CLUB ATLETICO BERNAL;42
2026;MINI;Fase Regular;Torneo Reclasificatorio;RECLASIFICACION;SUR;2A;9;17/05/2026;CLUB ATLETICO PAMPERO;46;GUILLON BASQUET;50
2026;MINI;Fase Regular;Torneo Reclasificatorio;RECLASIFICACION;SUR;2A;9;17/05/2026;LA UNION;20;TAMBEROS UNIDOS;52
2026;MINI;Fase Regular;Torneo Reclasificatorio;RECLASIFICACION;SUR;2A;9;17/05/2026;JUVENTUD UNIDA;103;LANUS B;10
2026;MINI;Fase Regular;Torneo Reclasificatorio;RECLASIFICACION;SUR;2A;10;24/05/2026;TAMBEROS UNIDOS;27;JUVENTUD UNIDA;98
2026;MINI;Fase Regular;Torneo Reclasificatorio;RECLASIFICACION;SUR;2A;10;24/05/2026;GUILLON BASQUET;55;LA UNION;25
2026;MINI;Fase Regular;Torneo Reclasificatorio;RECLASIFICACION;SUR;2A;10;24/05/2026;CLUB ATLETICO BERNAL;56;CLUB ATLETICO PAMPERO;28
2026;MINI;Fase Regular;Torneo Reclasificatorio;RECLASIFICACION;SUR;2B;1;15/03/2026;DEFENSORES DE GLEW;108;COUNTRY BANFIELD B;4
2026;MINI;Fase Regular;Torneo Reclasificatorio;RECLASIFICACION;SUR;2B;1;15/03/2026;LUZ Y ARTE;36;CLUB ATLETICO 9 DE JULIO DE LANUS;22
2026;MINI;Fase Regular;Torneo Reclasificatorio;RECLASIFICACION;SUR;2B;1;15/03/2026;MORENO DE QUILMES;47;CLUB  ATLETICO Y PROGRESO DE BRANDSEN;44
2026;MINI;Fase Regular;Torneo Reclasificatorio;RECLASIFICACION;SUR;2B;1;15/03/2026;COOPERARIOS;81;TALLERES;22
2026;MINI;Fase Regular;Torneo Reclasificatorio;RECLASIFICACION;SUR;2B;1;15/03/2026;DEFENSORES DE BANFIELD;38;MONTE GRANDE B;12
2026;MINI;Fase Regular;Torneo Reclasificatorio;RECLASIFICACION;SUR;2B;2;22/03/2026;DEFENSORES DE BANFIELD;10;DEFENSORES DE GLEW;52
2026;MINI;Fase Regular;Torneo Reclasificatorio;RECLASIFICACION;SUR;2B;2;22/03/2026;MONTE GRANDE B;14;COOPERARIOS;108
2026;MINI;Fase Regular;Torneo Reclasificatorio;RECLASIFICACION;SUR;2B;2;22/03/2026;TALLERES;0;MORENO DE QUILMES;20
2026;MINI;Fase Regular;Torneo Reclasificatorio;RECLASIFICACION;SUR;2B;2;22/03/2026;CLUB  ATLETICO Y PROGRESO DE BRANDSEN;37;LUZ Y ARTE;14
2026;MINI;Fase Regular;Torneo Reclasificatorio;RECLASIFICACION;SUR;2B;2;22/03/2026;CLUB ATLETICO 9 DE JULIO DE LANUS;20;COUNTRY BANFIELD B;0
2026;MINI;Fase Regular;Torneo Reclasificatorio;RECLASIFICACION;SUR;2B;3;29/03/2026;DEFENSORES DE GLEW;134;CLUB ATLETICO 9 DE JULIO DE LANUS;11
2026;MINI;Fase Regular;Torneo Reclasificatorio;RECLASIFICACION;SUR;2B;3;29/03/2026;COUNTRY BANFIELD B;0;CLUB  ATLETICO Y PROGRESO DE BRANDSEN;20
2026;MINI;Fase Regular;Torneo Reclasificatorio;RECLASIFICACION;SUR;2B;3;29/03/2026;LUZ Y ARTE;36;TALLERES;24
2026;MINI;Fase Regular;Torneo Reclasificatorio;RECLASIFICACION;SUR;2B;3;29/03/2026;MORENO DE QUILMES;90;MONTE GRANDE B;35
2026;MINI;Fase Regular;Torneo Reclasificatorio;RECLASIFICACION;SUR;2B;3;29/03/2026;COOPERARIOS;44;DEFENSORES DE BANFIELD;25
2026;MINI;Fase Regular;Torneo Reclasificatorio;RECLASIFICACION;SUR;2B;4;12/04/2026;COOPERARIOS;52;DEFENSORES DE GLEW;87
2026;MINI;Fase Regular;Torneo Reclasificatorio;RECLASIFICACION;SUR;2B;4;12/04/2026;DEFENSORES DE BANFIELD;22;MORENO DE QUILMES;32
2026;MINI;Fase Regular;Torneo Reclasificatorio;RECLASIFICACION;SUR;2B;4;12/04/2026;MONTE GRANDE B;50;LUZ Y ARTE;54
2026;MINI;Fase Regular;Torneo Reclasificatorio;RECLASIFICACION;SUR;2B;4;12/04/2026;TALLERES;0;COUNTRY BANFIELD B;0
2026;MINI;Fase Regular;Torneo Reclasificatorio;RECLASIFICACION;SUR;2B;4;12/04/2026;CLUB  ATLETICO Y PROGRESO DE BRANDSEN;20;CLUB ATLETICO 9 DE JULIO DE LANUS;0
2026;MINI;Fase Regular;Torneo Reclasificatorio;RECLASIFICACION;SUR;2B;5;19/04/2026;DEFENSORES DE GLEW;101;CLUB  ATLETICO Y PROGRESO DE BRANDSEN;23
2026;MINI;Fase Regular;Torneo Reclasificatorio;RECLASIFICACION;SUR;2B;5;19/04/2026;CLUB ATLETICO 9 DE JULIO DE LANUS;20;TALLERES;0
2026;MINI;Fase Regular;Torneo Reclasificatorio;RECLASIFICACION;SUR;2B;5;19/04/2026;COUNTRY BANFIELD B;0;MONTE GRANDE B;20
2026;MINI;Fase Regular;Torneo Reclasificatorio;RECLASIFICACION;SUR;2B;5;19/04/2026;LUZ Y ARTE;14;DEFENSORES DE BANFIELD;54
2026;MINI;Fase Regular;Torneo Reclasificatorio;RECLASIFICACION;SUR;2B;5;19/04/2026;MORENO DE QUILMES;20;COOPERARIOS;0
2026;MINI;Fase Regular;Torneo Reclasificatorio;RECLASIFICACION;SUR;2B;6;26/04/2026;MORENO DE QUILMES;27;DEFENSORES DE GLEW;100
2026;MINI;Fase Regular;Torneo Reclasificatorio;RECLASIFICACION;SUR;2B;6;26/04/2026;COOPERARIOS;59;LUZ Y ARTE;32
2026;MINI;Fase Regular;Torneo Reclasificatorio;RECLASIFICACION;SUR;2B;6;26/04/2026;DEFENSORES DE BANFIELD;20;COUNTRY BANFIELD B;0
2026;MINI;Fase Regular;Torneo Reclasificatorio;RECLASIFICACION;SUR;2B;6;26/04/2026;MONTE GRANDE B;20;CLUB ATLETICO 9 DE JULIO DE LANUS;0
2026;MINI;Fase Regular;Torneo Reclasificatorio;RECLASIFICACION;SUR;2B;6;26/04/2026;TALLERES;24;CLUB  ATLETICO Y PROGRESO DE BRANDSEN;32
2026;MINI;Fase Regular;Torneo Reclasificatorio;RECLASIFICACION;SUR;2B;7;03/05/2026;DEFENSORES DE GLEW;20;TALLERES;0
2026;MINI;Fase Regular;Torneo Reclasificatorio;RECLASIFICACION;SUR;2B;7;03/05/2026;CLUB  ATLETICO Y PROGRESO DE BRANDSEN;59;MONTE GRANDE B;20
2026;MINI;Fase Regular;Torneo Reclasificatorio;RECLASIFICACION;SUR;2B;7;03/05/2026;CLUB ATLETICO 9 DE JULIO DE LANUS;32;DEFENSORES DE BANFIELD;58
2026;MINI;Fase Regular;Torneo Reclasificatorio;RECLASIFICACION;SUR;2B;7;03/05/2026;COUNTRY BANFIELD B;0;COOPERARIOS;20
2026;MINI;Fase Regular;Torneo Reclasificatorio;RECLASIFICACION;SUR;2B;7;03/05/2026;LUZ Y ARTE;46;MORENO DE QUILMES;58
2026;MINI;Fase Regular;Torneo Reclasificatorio;RECLASIFICACION;SUR;2B;8;10/05/2026;LUZ Y ARTE;18;DEFENSORES DE GLEW;85
2026;MINI;Fase Regular;Torneo Reclasificatorio;RECLASIFICACION;SUR;2B;8;10/05/2026;MORENO DE QUILMES;20;COUNTRY BANFIELD B;0
2026;MINI;Fase Regular;Torneo Reclasificatorio;RECLASIFICACION;SUR;2B;8;10/05/2026;COOPERARIOS;108;CLUB ATLETICO 9 DE JULIO DE LANUS;15
2026;MINI;Fase Regular;Torneo Reclasificatorio;RECLASIFICACION;SUR;2B;8;10/05/2026;DEFENSORES DE BANFIELD;26;CLUB  ATLETICO Y PROGRESO DE BRANDSEN;31
2026;MINI;Fase Regular;Torneo Reclasificatorio;RECLASIFICACION;SUR;2B;8;10/05/2026;MONTE GRANDE B;40;TALLERES;28
2026;MINI;Fase Regular;Torneo Reclasificatorio;RECLASIFICACION;SUR;2B;9;17/05/2026;DEFENSORES DE GLEW;105;MONTE GRANDE B;14
2026;MINI;Fase Regular;Torneo Reclasificatorio;RECLASIFICACION;SUR;2B;9;17/05/2026;TALLERES;29;DEFENSORES DE BANFIELD;33
2026;MINI;Fase Regular;Torneo Reclasificatorio;RECLASIFICACION;SUR;2B;9;17/05/2026;CLUB  ATLETICO Y PROGRESO DE BRANDSEN;43;COOPERARIOS;53
2026;MINI;Fase Regular;Torneo Reclasificatorio;RECLASIFICACION;SUR;2B;9;17/05/2026;CLUB ATLETICO 9 DE JULIO DE LANUS;32;MORENO DE QUILMES;81
2026;MINI;Fase Regular;Torneo Reclasificatorio;RECLASIFICACION;SUR;2B;9;17/05/2026;COUNTRY BANFIELD B;22;LUZ Y ARTE;53
2026;MINI;Fase Regular;Torneo Reclasificatorio;RECLASIFICACION;SUR;2B;10;24/05/2026;COUNTRY BANFIELD B;8;DEFENSORES DE GLEW;106
2026;MINI;Fase Regular;Torneo Reclasificatorio;RECLASIFICACION;SUR;2B;10;24/05/2026;CLUB ATLETICO 9 DE JULIO DE LANUS;4;LUZ Y ARTE;45
2026;MINI;Fase Regular;Torneo Reclasificatorio;RECLASIFICACION;SUR;2B;10;24/05/2026;CLUB  ATLETICO Y PROGRESO DE BRANDSEN;58;MORENO DE QUILMES;64
2026;MINI;Fase Regular;Torneo Reclasificatorio;RECLASIFICACION;SUR;2B;10;24/05/2026;TALLERES;25;COOPERARIOS;53
2026;MINI;Fase Regular;Torneo Reclasificatorio;RECLASIFICACION;SUR;2B;10;24/05/2026;MONTE GRANDE B;32;DEFENSORES DE BANFIELD;46
2026;MINI;Fase Regular;Torneo Reclasificatorio;RECLASIFICACION;SUR;2C;1;15/03/2026;CLUB EL FOGON;49;TAPONAZO  FUTBOL CLUB;17
2026;MINI;Fase Regular;Torneo Reclasificatorio;RECLASIFICACION;SUR;2C;1;15/03/2026;VILLA ESPAÑA;34;SOCIAL LANUS;36
2026;MINI;Fase Regular;Torneo Reclasificatorio;RECLASIFICACION;SUR;2C;1;15/03/2026;BERAZATEGUI;58;GIMNASIA y ESGRIMA DE LOMAS DE ZAMORA B;22
2026;MINI;Fase Regular;Torneo Reclasificatorio;RECLASIFICACION;SUR;2C;1;15/03/2026;SPORTIVO ALSINA;48;COLON FC;54
2026;MINI;Fase Regular;Torneo Reclasificatorio;RECLASIFICACION;SUR;2C;1;15/03/2026;MUNICIPALIDAD DE AVELLANEDA;20;GIMNASIA Y ESGRIMA DE LA PLATA B;0
2026;MINI;Fase Regular;Torneo Reclasificatorio;RECLASIFICACION;SUR;2C;2;22/03/2026;MUNICIPALIDAD DE AVELLANEDA;79;CLUB EL FOGON;38
2026;MINI;Fase Regular;Torneo Reclasificatorio;RECLASIFICACION;SUR;2C;2;22/03/2026;GIMNASIA Y ESGRIMA DE LA PLATA B;0;SPORTIVO ALSINA;20
2026;MINI;Fase Regular;Torneo Reclasificatorio;RECLASIFICACION;SUR;2C;2;22/03/2026;COLON FC;44;BERAZATEGUI;81
2026;MINI;Fase Regular;Torneo Reclasificatorio;RECLASIFICACION;SUR;2C;2;22/03/2026;GIMNASIA y ESGRIMA DE LOMAS DE ZAMORA B;19;VILLA ESPAÑA;83
2026;MINI;Fase Regular;Torneo Reclasificatorio;RECLASIFICACION;SUR;2C;2;22/03/2026;SOCIAL LANUS;91;TAPONAZO  FUTBOL CLUB;26
2026;MINI;Fase Regular;Torneo Reclasificatorio;RECLASIFICACION;SUR;2C;3;29/03/2026;CLUB EL FOGON;29;SOCIAL LANUS;31
2026;MINI;Fase Regular;Torneo Reclasificatorio;RECLASIFICACION;SUR;2C;3;29/03/2026;TAPONAZO  FUTBOL CLUB;33;GIMNASIA y ESGRIMA DE LOMAS DE ZAMORA B;45
2026;MINI;Fase Regular;Torneo Reclasificatorio;RECLASIFICACION;SUR;2C;3;29/03/2026;VILLA ESPAÑA;44;COLON FC;36
2026;MINI;Fase Regular;Torneo Reclasificatorio;RECLASIFICACION;SUR;2C;3;29/03/2026;BERAZATEGUI;20;GIMNASIA Y ESGRIMA DE LA PLATA B;0
2026;MINI;Fase Regular;Torneo Reclasificatorio;RECLASIFICACION;SUR;2C;3;29/03/2026;SPORTIVO ALSINA;18;MUNICIPALIDAD DE AVELLANEDA;42
2026;MINI;Fase Regular;Torneo Reclasificatorio;RECLASIFICACION;SUR;2C;4;12/04/2026;SPORTIVO ALSINA;46;CLUB EL FOGON;30
2026;MINI;Fase Regular;Torneo Reclasificatorio;RECLASIFICACION;SUR;2C;4;12/04/2026;MUNICIPALIDAD DE AVELLANEDA;61;BERAZATEGUI;56
2026;MINI;Fase Regular;Torneo Reclasificatorio;RECLASIFICACION;SUR;2C;4;12/04/2026;GIMNASIA Y ESGRIMA DE LA PLATA B;0;VILLA ESPAÑA;20
2026;MINI;Fase Regular;Torneo Reclasificatorio;RECLASIFICACION;SUR;2C;4;12/04/2026;COLON FC;65;TAPONAZO  FUTBOL CLUB;26
2026;MINI;Fase Regular;Torneo Reclasificatorio;RECLASIFICACION;SUR;2C;4;12/04/2026;GIMNASIA y ESGRIMA DE LOMAS DE ZAMORA B;19;SOCIAL LANUS;49
2026;MINI;Fase Regular;Torneo Reclasificatorio;RECLASIFICACION;SUR;2C;5;19/04/2026;CLUB EL FOGON;43;GIMNASIA y ESGRIMA DE LOMAS DE ZAMORA B;28
2026;MINI;Fase Regular;Torneo Reclasificatorio;RECLASIFICACION;SUR;2C;5;19/04/2026;SOCIAL LANUS;52;COLON FC;61
2026;MINI;Fase Regular;Torneo Reclasificatorio;RECLASIFICACION;SUR;2C;5;19/04/2026;TAPONAZO  FUTBOL CLUB;20;GIMNASIA Y ESGRIMA DE LA PLATA B;0
2026;MINI;Fase Regular;Torneo Reclasificatorio;RECLASIFICACION;SUR;2C;5;19/04/2026;VILLA ESPAÑA;34;MUNICIPALIDAD DE AVELLANEDA;68
2026;MINI;Fase Regular;Torneo Reclasificatorio;RECLASIFICACION;SUR;2C;5;19/04/2026;BERAZATEGUI;54;SPORTIVO ALSINA;29
2026;MINI;Fase Regular;Torneo Reclasificatorio;RECLASIFICACION;SUR;2C;6;26/04/2026;BERAZATEGUI;102;CLUB EL FOGON;30
2026;MINI;Fase Regular;Torneo Reclasificatorio;RECLASIFICACION;SUR;2C;6;26/04/2026;SPORTIVO ALSINA;20;VILLA ESPAÑA;0
2026;MINI;Fase Regular;Torneo Reclasificatorio;RECLASIFICACION;SUR;2C;6;26/04/2026;MUNICIPALIDAD DE AVELLANEDA;0;TAPONAZO  FUTBOL CLUB;0
2026;MINI;Fase Regular;Torneo Reclasificatorio;RECLASIFICACION;SUR;2C;6;26/04/2026;GIMNASIA Y ESGRIMA DE LA PLATA B;0;SOCIAL LANUS;20
2026;MINI;Fase Regular;Torneo Reclasificatorio;RECLASIFICACION;SUR;2C;6;26/04/2026;COLON FC;78;GIMNASIA y ESGRIMA DE LOMAS DE ZAMORA B;28
2026;MINI;Fase Regular;Torneo Reclasificatorio;RECLASIFICACION;SUR;2C;7;03/05/2026;CLUB EL FOGON;23;COLON FC;52
2026;MINI;Fase Regular;Torneo Reclasificatorio;RECLASIFICACION;SUR;2C;7;03/05/2026;GIMNASIA y ESGRIMA DE LOMAS DE ZAMORA B;20;GIMNASIA Y ESGRIMA DE LA PLATA B;0
2026;MINI;Fase Regular;Torneo Reclasificatorio;RECLASIFICACION;SUR;2C;7;03/05/2026;SOCIAL LANUS;49;MUNICIPALIDAD DE AVELLANEDA;74
2026;MINI;Fase Regular;Torneo Reclasificatorio;RECLASIFICACION;SUR;2C;7;03/05/2026;TAPONAZO  FUTBOL CLUB;19;SPORTIVO ALSINA;69
2026;MINI;Fase Regular;Torneo Reclasificatorio;RECLASIFICACION;SUR;2C;7;03/05/2026;VILLA ESPAÑA;47;BERAZATEGUI;61
2026;MINI;Fase Regular;Torneo Reclasificatorio;RECLASIFICACION;SUR;2C;8;10/05/2026;BERAZATEGUI;78;TAPONAZO  FUTBOL CLUB;15
2026;MINI;Fase Regular;Torneo Reclasificatorio;RECLASIFICACION;SUR;2C;8;10/05/2026;SPORTIVO ALSINA;39;SOCIAL LANUS;29
2026;MINI;Fase Regular;Torneo Reclasificatorio;RECLASIFICACION;SUR;2C;8;10/05/2026;MUNICIPALIDAD DE AVELLANEDA;72;GIMNASIA y ESGRIMA DE LOMAS DE ZAMORA B;32
2026;MINI;Fase Regular;Torneo Reclasificatorio;RECLASIFICACION;SUR;2C;8;10/05/2026;GIMNASIA Y ESGRIMA DE LA PLATA B;0;COLON FC;20
2026;MINI;Fase Regular;Torneo Reclasificatorio;RECLASIFICACION;SUR;2C;9;17/05/2026;CLUB EL FOGON;20;GIMNASIA Y ESGRIMA DE LA PLATA B;0
2026;MINI;Fase Regular;Torneo Reclasificatorio;RECLASIFICACION;SUR;2C;9;17/05/2026;COLON FC;47;MUNICIPALIDAD DE AVELLANEDA;97
2026;MINI;Fase Regular;Torneo Reclasificatorio;RECLASIFICACION;SUR;2C;9;17/05/2026;GIMNASIA y ESGRIMA DE LOMAS DE ZAMORA B;11;SPORTIVO ALSINA;39
2026;MINI;Fase Regular;Torneo Reclasificatorio;RECLASIFICACION;SUR;2C;9;17/05/2026;SOCIAL LANUS;32;BERAZATEGUI;87
2026;MINI;Fase Regular;Torneo Reclasificatorio;RECLASIFICACION;SUR;2C;9;17/05/2026;TAPONAZO  FUTBOL CLUB;7;VILLA ESPAÑA;61
2026;MINI;Fase Regular;Torneo Reclasificatorio;RECLASIFICACION;SUR;2C;10;24/05/2026;TAPONAZO  FUTBOL CLUB;16;CLUB EL FOGON;79
2026;MINI;Fase Regular;Torneo Reclasificatorio;RECLASIFICACION;SUR;2C;10;24/05/2026;SOCIAL LANUS;32;VILLA ESPAÑA;69
2026;MINI;Fase Regular;Torneo Reclasificatorio;RECLASIFICACION;SUR;2C;10;24/05/2026;GIMNASIA y ESGRIMA DE LOMAS DE ZAMORA B;39;BERAZATEGUI;46
2026;MINI;Fase Regular;Torneo Reclasificatorio;RECLASIFICACION;SUR;2C;10;24/05/2026;COLON FC;57;SPORTIVO ALSINA;48
2026;MINI;Fase Regular;Torneo Reclasificatorio;RECLASIFICACION;SUR;2C;10;24/05/2026;GIMNASIA Y ESGRIMA DE LA PLATA B;0;MUNICIPALIDAD DE AVELLANEDA;20
2026;MINI;Fase Regular;Torneo Reclasificatorio;RECLASIFICACION;SUR;2C;11;31/05/2026;SPORTIVO ALSINA;20;GIMNASIA Y ESGRIMA DE LA PLATA B;0
2026;MINI;Fase Regular;Torneo Reclasificatorio;RECLASIFICACION;SUR;2C;12;07/06/2026;GIMNASIA Y ESGRIMA DE LA PLATA B;0;BERAZATEGUI;20
2026;MINI;Fase Regular;Torneo Reclasificatorio;RECLASIFICACION;SUR;2C;13;14/06/2026;VILLA ESPAÑA;20;GIMNASIA Y ESGRIMA DE LA PLATA B;0
2026;MINI;Fase Regular;Torneo Reclasificatorio;RECLASIFICACION;SUR;2C;14;21/06/2026;GIMNASIA Y ESGRIMA DE LA PLATA B;0;TAPONAZO  FUTBOL CLUB;20
2026;MINI;Fase Regular;Torneo Reclasificatorio;RECLASIFICACION;SUR;2C;15;28/06/2026;SOCIAL LANUS;20;GIMNASIA Y ESGRIMA DE LA PLATA B;0
2026;MINI;Fase Regular;Torneo Reclasificatorio;RECLASIFICACION;SUR;2C;16;05/07/2026;GIMNASIA Y ESGRIMA DE LA PLATA B;0;GIMNASIA y ESGRIMA DE LOMAS DE ZAMORA B;20
2026;MINI;Fase Regular;Torneo Reclasificatorio;RECLASIFICACION;SUR;2C;17;12/07/2026;COLON FC;20;GIMNASIA Y ESGRIMA DE LA PLATA B;0
2026;MINI;Fase Regular;Torneo Reclasificatorio;RECLASIFICACION;SUR;2C;18;19/07/2026;GIMNASIA Y ESGRIMA DE LA PLATA B;0;CLUB EL FOGON;20
2026;MINI;Fase Regular;Torneo Clasificacion;CLASIFICACION;NORTE;1A;1;15/03/2026;SPORTIVO PILAR A;56;PLATENSE A;48
2026;MINI;Fase Regular;Torneo Clasificacion;CLASIFICACION;NORTE;1A;1;15/03/2026;EL TALAR;101;SPORTIVO ESCOBAR;36
2026;MINI;Fase Regular;Torneo Clasificacion;CLASIFICACION;NORTE;1A;1;15/03/2026;CAZA Y PESCA A;72;PRESIDENTE DERQUI;64
2026;MINI;Fase Regular;Torneo Clasificacion;CLASIFICACION;NORTE;1A;1;15/03/2026;SAN FERNANDO A;66;CLUB ATLETICO PILAR;31
2026;MINI;Fase Regular;Torneo Clasificacion;CLASIFICACION;NORTE;1A;2;22/03/2026;SAN FERNANDO A;32;SPORTIVO PILAR A;66
2026;MINI;Fase Regular;Torneo Clasificacion;CLASIFICACION;NORTE;1A;2;22/03/2026;CLUB ATLETICO PILAR;38;CAZA Y PESCA A;77
2026;MINI;Fase Regular;Torneo Clasificacion;CLASIFICACION;NORTE;1A;2;22/03/2026;PRESIDENTE DERQUI;53;EL TALAR;64
2026;MINI;Fase Regular;Torneo Clasificacion;CLASIFICACION;NORTE;1A;2;22/03/2026;SPORTIVO ESCOBAR;26;PLATENSE A;79
2026;MINI;Fase Regular;Torneo Clasificacion;CLASIFICACION;NORTE;1A;3;29/03/2026;SPORTIVO PILAR A;105;SPORTIVO ESCOBAR;39
2026;MINI;Fase Regular;Torneo Clasificacion;CLASIFICACION;NORTE;1A;3;29/03/2026;PLATENSE A;43;PRESIDENTE DERQUI;63
2026;MINI;Fase Regular;Torneo Clasificacion;CLASIFICACION;NORTE;1A;3;29/03/2026;EL TALAR;56;CLUB ATLETICO PILAR;21
2026;MINI;Fase Regular;Torneo Clasificacion;CLASIFICACION;NORTE;1A;3;29/03/2026;CAZA Y PESCA A;58;SAN FERNANDO A;43
2026;MINI;Fase Regular;Torneo Clasificacion;CLASIFICACION;NORTE;1A;4;12/04/2026;CAZA Y PESCA A;55;SPORTIVO PILAR A;76
2026;MINI;Fase Regular;Torneo Clasificacion;CLASIFICACION;NORTE;1A;4;12/04/2026;SAN FERNANDO A;0;EL TALAR;20
2026;MINI;Fase Regular;Torneo Clasificacion;CLASIFICACION;NORTE;1A;4;12/04/2026;CLUB ATLETICO PILAR;39;PLATENSE A;52
2026;MINI;Fase Regular;Torneo Clasificacion;CLASIFICACION;NORTE;1A;4;12/04/2026;PRESIDENTE DERQUI;106;SPORTIVO ESCOBAR;38
2026;MINI;Fase Regular;Torneo Clasificacion;CLASIFICACION;NORTE;1A;5;19/04/2026;SPORTIVO PILAR A;64;PRESIDENTE DERQUI;33
2026;MINI;Fase Regular;Torneo Clasificacion;CLASIFICACION;NORTE;1A;5;19/04/2026;SPORTIVO ESCOBAR;45;CLUB ATLETICO PILAR;58
2026;MINI;Fase Regular;Torneo Clasificacion;CLASIFICACION;NORTE;1A;5;19/04/2026;PLATENSE A;20;SAN FERNANDO A;0
2026;MINI;Fase Regular;Torneo Clasificacion;CLASIFICACION;NORTE;1A;5;19/04/2026;EL TALAR;20;CAZA Y PESCA A;0
2026;MINI;Fase Regular;Torneo Clasificacion;CLASIFICACION;NORTE;1A;6;26/04/2026;EL TALAR;46;SPORTIVO PILAR A;57
2026;MINI;Fase Regular;Torneo Clasificacion;CLASIFICACION;NORTE;1A;6;26/04/2026;CAZA Y PESCA A;68;PLATENSE A;65
2026;MINI;Fase Regular;Torneo Clasificacion;CLASIFICACION;NORTE;1A;6;26/04/2026;SAN FERNANDO A;0;SPORTIVO ESCOBAR;20
2026;MINI;Fase Regular;Torneo Clasificacion;CLASIFICACION;NORTE;1A;6;26/04/2026;CLUB ATLETICO PILAR;29;PRESIDENTE DERQUI;72
2026;MINI;Fase Regular;Torneo Clasificacion;CLASIFICACION;NORTE;1A;7;03/05/2026;SPORTIVO PILAR A;98;CLUB ATLETICO PILAR;20
2026;MINI;Fase Regular;Torneo Clasificacion;CLASIFICACION;NORTE;1A;7;03/05/2026;PRESIDENTE DERQUI;20;SAN FERNANDO A;0
2026;MINI;Fase Regular;Torneo Clasificacion;CLASIFICACION;NORTE;1A;7;03/05/2026;SPORTIVO ESCOBAR;24;CAZA Y PESCA A;78
2026;MINI;Fase Regular;Torneo Clasificacion;CLASIFICACION;NORTE;1A;7;03/05/2026;PLATENSE A;54;EL TALAR;59
2026;MINI;Fase Regular;Torneo Clasificacion;CLASIFICACION;NORTE;1A;8;10/05/2026;PLATENSE A;57;SPORTIVO PILAR A;90
2026;MINI;Fase Regular;Torneo Clasificacion;CLASIFICACION;NORTE;1A;8;10/05/2026;SPORTIVO ESCOBAR;37;EL TALAR;56
2026;MINI;Fase Regular;Torneo Clasificacion;CLASIFICACION;NORTE;1A;8;10/05/2026;PRESIDENTE DERQUI;57;CAZA Y PESCA A;68
2026;MINI;Fase Regular;Torneo Clasificacion;CLASIFICACION;NORTE;1A;8;10/05/2026;CLUB ATLETICO PILAR;20;SAN FERNANDO A;0
2026;MINI;Fase Regular;Torneo Clasificacion;CLASIFICACION;NORTE;1A;9;17/05/2026;SPORTIVO PILAR A;95;SAN FERNANDO A;63
2026;MINI;Fase Regular;Torneo Clasificacion;CLASIFICACION;NORTE;1A;9;17/05/2026;CAZA Y PESCA A;88;CLUB ATLETICO PILAR;41
2026;MINI;Fase Regular;Torneo Clasificacion;CLASIFICACION;NORTE;1A;9;17/05/2026;EL TALAR;48;PRESIDENTE DERQUI;46
2026;MINI;Fase Regular;Torneo Clasificacion;CLASIFICACION;NORTE;1A;9;17/05/2026;PLATENSE A;74;SPORTIVO ESCOBAR;37
2026;MINI;Fase Regular;Torneo Clasificacion;CLASIFICACION;NORTE;1A;10;24/05/2026;SPORTIVO ESCOBAR;27;SPORTIVO PILAR A;79
2026;MINI;Fase Regular;Torneo Clasificacion;CLASIFICACION;NORTE;1A;10;24/05/2026;PRESIDENTE DERQUI;57;PLATENSE A;62
2026;MINI;Fase Regular;Torneo Clasificacion;CLASIFICACION;NORTE;1A;10;24/05/2026;CLUB ATLETICO PILAR;59;EL TALAR;68
2026;MINI;Fase Regular;Torneo Clasificacion;CLASIFICACION;NORTE;1A;10;24/05/2026;SAN FERNANDO A;49;CAZA Y PESCA A;84
2026;MINI;Fase Regular;Torneo Clasificacion;CLASIFICACION;CENTRO;1A;1;15/03/2026;IMPERIO A;80;YUPANQUI;16
2026;MINI;Fase Regular;Torneo Clasificacion;CLASIFICACION;CENTRO;1A;1;15/03/2026;DEPORTIVO CROVARA A;36;COLEGIALES A;82
2026;MINI;Fase Regular;Torneo Clasificacion;CLASIFICACION;CENTRO;1A;1;15/03/2026;COMUNICACIONES A;57;COPELLO;37
2026;MINI;Fase Regular;Torneo Clasificacion;CLASIFICACION;CENTRO;1A;1;15/03/2026;ARQUITECTURA A;82;SAN LORENZO A;46
2026;MINI;Fase Regular;Torneo Clasificacion;CLASIFICACION;CENTRO;1A;2;22/03/2026;ARQUITECTURA A;94;IMPERIO A;32
2026;MINI;Fase Regular;Torneo Clasificacion;CLASIFICACION;CENTRO;1A;2;22/03/2026;SAN LORENZO A;61;COMUNICACIONES A;32
2026;MINI;Fase Regular;Torneo Clasificacion;CLASIFICACION;CENTRO;1A;2;22/03/2026;COPELLO;40;DEPORTIVO CROVARA A;42
2026;MINI;Fase Regular;Torneo Clasificacion;CLASIFICACION;CENTRO;1A;2;22/03/2026;COLEGIALES A;93;YUPANQUI;6
2026;MINI;Fase Regular;Torneo Clasificacion;CLASIFICACION;CENTRO;1A;3;29/03/2026;IMPERIO A;14;COLEGIALES A;78
2026;MINI;Fase Regular;Torneo Clasificacion;CLASIFICACION;CENTRO;1A;3;29/03/2026;YUPANQUI;3;COPELLO;76
2026;MINI;Fase Regular;Torneo Clasificacion;CLASIFICACION;CENTRO;1A;3;29/03/2026;DEPORTIVO CROVARA A;63;SAN LORENZO A;44
2026;MINI;Fase Regular;Torneo Clasificacion;CLASIFICACION;CENTRO;1A;3;29/03/2026;COMUNICACIONES A;21;ARQUITECTURA A;60
2026;MINI;Fase Regular;Torneo Clasificacion;CLASIFICACION;CENTRO;1A;4;12/04/2026;COMUNICACIONES A;54;IMPERIO A;33
2026;MINI;Fase Regular;Torneo Clasificacion;CLASIFICACION;CENTRO;1A;4;12/04/2026;ARQUITECTURA A;64;DEPORTIVO CROVARA A;32
2026;MINI;Fase Regular;Torneo Clasificacion;CLASIFICACION;CENTRO;1A;4;12/04/2026;SAN LORENZO A;89;YUPANQUI;13
2026;MINI;Fase Regular;Torneo Clasificacion;CLASIFICACION;CENTRO;1A;4;12/04/2026;COPELLO;16;COLEGIALES A;76
2026;MINI;Fase Regular;Torneo Clasificacion;CLASIFICACION;CENTRO;1A;5;19/04/2026;IMPERIO A;25;COPELLO;77
2026;MINI;Fase Regular;Torneo Clasificacion;CLASIFICACION;CENTRO;1A;5;19/04/2026;COLEGIALES A;109;SAN LORENZO A;34
2026;MINI;Fase Regular;Torneo Clasificacion;CLASIFICACION;CENTRO;1A;5;19/04/2026;YUPANQUI;4;ARQUITECTURA A;89
2026;MINI;Fase Regular;Torneo Clasificacion;CLASIFICACION;CENTRO;1A;5;19/04/2026;DEPORTIVO CROVARA A;48;COMUNICACIONES A;47
2026;MINI;Fase Regular;Torneo Clasificacion;CLASIFICACION;CENTRO;1A;6;26/04/2026;DEPORTIVO CROVARA A;50;IMPERIO A;34
2026;MINI;Fase Regular;Torneo Clasificacion;CLASIFICACION;CENTRO;1A;6;26/04/2026;COMUNICACIONES A;20;YUPANQUI;0
2026;MINI;Fase Regular;Torneo Clasificacion;CLASIFICACION;CENTRO;1A;6;26/04/2026;ARQUITECTURA A;45;COLEGIALES A;50
2026;MINI;Fase Regular;Torneo Clasificacion;CLASIFICACION;CENTRO;1A;6;26/04/2026;SAN LORENZO A;55;COPELLO;36
2026;MINI;Fase Regular;Torneo Clasificacion;CLASIFICACION;CENTRO;1A;7;03/05/2026;IMPERIO A;58;SAN LORENZO A;34
2026;MINI;Fase Regular;Torneo Clasificacion;CLASIFICACION;CENTRO;1A;7;03/05/2026;COPELLO;11;ARQUITECTURA A;49
2026;MINI;Fase Regular;Torneo Clasificacion;CLASIFICACION;CENTRO;1A;7;03/05/2026;COLEGIALES A;55;COMUNICACIONES A;26
2026;MINI;Fase Regular;Torneo Clasificacion;CLASIFICACION;CENTRO;1A;7;03/05/2026;YUPANQUI;18;DEPORTIVO CROVARA A;91
2026;MINI;Fase Regular;Torneo Clasificacion;CLASIFICACION;CENTRO;1A;8;10/05/2026;YUPANQUI;11;IMPERIO A;78
2026;MINI;Fase Regular;Torneo Clasificacion;CLASIFICACION;CENTRO;1A;8;10/05/2026;COLEGIALES A;69;DEPORTIVO CROVARA A;28
2026;MINI;Fase Regular;Torneo Clasificacion;CLASIFICACION;CENTRO;1A;8;10/05/2026;COPELLO;43;COMUNICACIONES A;57
2026;MINI;Fase Regular;Torneo Clasificacion;CLASIFICACION;CENTRO;1A;8;10/05/2026;SAN LORENZO A;30;ARQUITECTURA A;77
2026;MINI;Fase Regular;Torneo Clasificacion;CLASIFICACION;CENTRO;1A;9;17/05/2026;IMPERIO A;7;ARQUITECTURA A;110
2026;MINI;Fase Regular;Torneo Clasificacion;CLASIFICACION;CENTRO;1A;9;17/05/2026;COMUNICACIONES A;65;SAN LORENZO A;31
2026;MINI;Fase Regular;Torneo Clasificacion;CLASIFICACION;CENTRO;1A;9;17/05/2026;DEPORTIVO CROVARA A;51;COPELLO;50
2026;MINI;Fase Regular;Torneo Clasificacion;CLASIFICACION;CENTRO;1A;9;17/05/2026;YUPANQUI;4;COLEGIALES A;93
2026;MINI;Fase Regular;Torneo Clasificacion;CLASIFICACION;CENTRO;1A;10;24/05/2026;COLEGIALES A;72;IMPERIO A;22
2026;MINI;Fase Regular;Torneo Clasificacion;CLASIFICACION;CENTRO;1A;10;24/05/2026;COPELLO;60;YUPANQUI;9
2026;MINI;Fase Regular;Torneo Clasificacion;CLASIFICACION;CENTRO;1A;10;24/05/2026;SAN LORENZO A;55;DEPORTIVO CROVARA A;38
2026;MINI;Fase Regular;Torneo Clasificacion;CLASIFICACION;CENTRO;1A;10;24/05/2026;ARQUITECTURA A;69;COMUNICACIONES A;17
2026;MINI;Fase Regular;Torneo Clasificacion;CLASIFICACION;CENTRO;1A;12;07/06/2026;COMUNICACIONES A;37;DEPORTIVO CROVARA A;33
2026;MINI;Fase Regular;Torneo Clasificacion;CLASIFICACION;OESTE;1A;1;15/03/2026;C.A.S.A PADUA A;44;LOS INDIOS DE MORENO A;48
2026;MINI;Fase Regular;Torneo Clasificacion;CLASIFICACION;OESTE;1A;1;15/03/2026;ARGENTINO DE CASTELAR A;115;A.F.A.L.P. A;26
2026;MINI;Fase Regular;Torneo Clasificacion;CLASIFICACION;OESTE;1A;1;15/03/2026;CLARIDAD;50;DEP. MORON A;34
2026;MINI;Fase Regular;Torneo Clasificacion;CLASIFICACION;OESTE;1A;2;22/03/2026;CLARIDAD;32;ESTUDIANTIL PORTEÑO A;40
2026;MINI;Fase Regular;Torneo Clasificacion;CLASIFICACION;OESTE;1A;2;22/03/2026;DEP. MORON A;31;ARGENTINO DE CASTELAR A;90
2026;MINI;Fase Regular;Torneo Clasificacion;CLASIFICACION;OESTE;1A;2;22/03/2026;A.F.A.L.P. A;32;C.A.S.A PADUA A;98
2026;MINI;Fase Regular;Torneo Clasificacion;CLASIFICACION;OESTE;1A;3;29/03/2026;ESTUDIANTIL PORTEÑO A;20;LOS INDIOS DE MORENO A;60
2026;MINI;Fase Regular;Torneo Clasificacion;CLASIFICACION;OESTE;1A;3;29/03/2026;C.A.S.A PADUA A;79;DEP. MORON A;17
2026;MINI;Fase Regular;Torneo Clasificacion;CLASIFICACION;OESTE;1A;3;29/03/2026;ARGENTINO DE CASTELAR A;103;CLARIDAD;24
2026;MINI;Fase Regular;Torneo Clasificacion;CLASIFICACION;OESTE;1A;4;12/04/2026;ARGENTINO DE CASTELAR A;67;ESTUDIANTIL PORTEÑO A;32
2026;MINI;Fase Regular;Torneo Clasificacion;CLASIFICACION;OESTE;1A;4;12/04/2026;CLARIDAD;34;C.A.S.A PADUA A;62
2026;MINI;Fase Regular;Torneo Clasificacion;CLASIFICACION;OESTE;1A;4;12/04/2026;A.F.A.L.P. A;0;LOS INDIOS DE MORENO A;20
2026;MINI;Fase Regular;Torneo Clasificacion;CLASIFICACION;OESTE;1A;5;19/04/2026;ESTUDIANTIL PORTEÑO A;41;A.F.A.L.P. A;55
2026;MINI;Fase Regular;Torneo Clasificacion;CLASIFICACION;OESTE;1A;5;19/04/2026;LOS INDIOS DE MORENO A;20;DEP. MORON A;0
2026;MINI;Fase Regular;Torneo Clasificacion;CLASIFICACION;OESTE;1A;5;19/04/2026;C.A.S.A PADUA A;20;ARGENTINO DE CASTELAR A;0
2026;MINI;Fase Regular;Torneo Clasificacion;CLASIFICACION;OESTE;1A;6;26/04/2026;C.A.S.A PADUA A;57;ESTUDIANTIL PORTEÑO A;27
2026;MINI;Fase Regular;Torneo Clasificacion;CLASIFICACION;OESTE;1A;6;26/04/2026;CLARIDAD;41;LOS INDIOS DE MORENO A;86
2026;MINI;Fase Regular;Torneo Clasificacion;CLASIFICACION;OESTE;1A;6;26/04/2026;DEP. MORON A;49;A.F.A.L.P. A;89
2026;MINI;Fase Regular;Torneo Clasificacion;CLASIFICACION;OESTE;1A;7;03/05/2026;ESTUDIANTIL PORTEÑO A;84;DEP. MORON A;24
2026;MINI;Fase Regular;Torneo Clasificacion;CLASIFICACION;OESTE;1A;7;03/05/2026;A.F.A.L.P. A;47;CLARIDAD;50
2026;MINI;Fase Regular;Torneo Clasificacion;CLASIFICACION;OESTE;1A;7;03/05/2026;LOS INDIOS DE MORENO A;20;ARGENTINO DE CASTELAR A;0
2026;MINI;Fase Regular;Torneo Clasificacion;CLASIFICACION;OESTE;1A;8;10/05/2026;LOS INDIOS DE MORENO A;57;C.A.S.A PADUA A;49
2026;MINI;Fase Regular;Torneo Clasificacion;CLASIFICACION;OESTE;1A;8;10/05/2026;A.F.A.L.P. A;30;ARGENTINO DE CASTELAR A;74
2026;MINI;Fase Regular;Torneo Clasificacion;CLASIFICACION;OESTE;1A;8;10/05/2026;DEP. MORON A;40;CLARIDAD;49
2026;MINI;Fase Regular;Torneo Clasificacion;CLASIFICACION;OESTE;1A;9;17/05/2026;ESTUDIANTIL PORTEÑO A;47;CLARIDAD;51
2026;MINI;Fase Regular;Torneo Clasificacion;CLASIFICACION;OESTE;1A;9;17/05/2026;ARGENTINO DE CASTELAR A;121;DEP. MORON A;24
2026;MINI;Fase Regular;Torneo Clasificacion;CLASIFICACION;OESTE;1A;9;17/05/2026;C.A.S.A PADUA A;69;A.F.A.L.P. A;24
2026;MINI;Fase Regular;Torneo Clasificacion;CLASIFICACION;OESTE;1A;10;24/05/2026;LOS INDIOS DE MORENO A;58;ESTUDIANTIL PORTEÑO A;19
2026;MINI;Fase Regular;Torneo Clasificacion;CLASIFICACION;OESTE;1A;10;24/05/2026;DEP. MORON A;34;C.A.S.A PADUA A;94
2026;MINI;Fase Regular;Torneo Clasificacion;CLASIFICACION;OESTE;1A;10;24/05/2026;CLARIDAD;21;ARGENTINO DE CASTELAR A;93
2026;MINI;Fase Regular;Torneo Clasificacion;CLASIFICACION;SUR;1A;1;15/03/2026;QUILMES A.C.;70;INDEPENDIENTE A;49
2026;MINI;Fase Regular;Torneo Clasificacion;CLASIFICACION;SUR;1A;1;15/03/2026;WILDE SPORTING;108;CLUB SOCIAL EZEIZA;39
2026;MINI;Fase Regular;Torneo Clasificacion;CLASIFICACION;SUR;1A;1;15/03/2026;VARELA JRS;58;GIMNASIA Y ESGRIMA DE LOMAS DE ZAMORA A;73
2026;MINI;Fase Regular;Torneo Clasificacion;CLASIFICACION;SUR;1A;2;22/03/2026;VARELA JRS;37;MONTE GRANDE A;93
2026;MINI;Fase Regular;Torneo Clasificacion;CLASIFICACION;SUR;1A;2;22/03/2026;GIMNASIA Y ESGRIMA DE LOMAS DE ZAMORA A;39;WILDE SPORTING;79
2026;MINI;Fase Regular;Torneo Clasificacion;CLASIFICACION;SUR;1A;2;22/03/2026;CLUB SOCIAL EZEIZA;47;QUILMES A.C.;48
2026;MINI;Fase Regular;Torneo Clasificacion;CLASIFICACION;SUR;1A;3;29/03/2026;MONTE GRANDE A;56;INDEPENDIENTE A;39
2026;MINI;Fase Regular;Torneo Clasificacion;CLASIFICACION;SUR;1A;3;29/03/2026;QUILMES A.C.;50;GIMNASIA Y ESGRIMA DE LOMAS DE ZAMORA A;41
2026;MINI;Fase Regular;Torneo Clasificacion;CLASIFICACION;SUR;1A;3;29/03/2026;WILDE SPORTING;131;VARELA JRS;48
2026;MINI;Fase Regular;Torneo Clasificacion;CLASIFICACION;SUR;1A;4;12/04/2026;WILDE SPORTING;74;MONTE GRANDE A;70
2026;MINI;Fase Regular;Torneo Clasificacion;CLASIFICACION;SUR;1A;4;12/04/2026;VARELA JRS;65;QUILMES A.C.;81
2026;MINI;Fase Regular;Torneo Clasificacion;CLASIFICACION;SUR;1A;4;12/04/2026;CLUB SOCIAL EZEIZA;71;INDEPENDIENTE A;58
2026;MINI;Fase Regular;Torneo Clasificacion;CLASIFICACION;SUR;1A;5;19/04/2026;MONTE GRANDE A;71;CLUB SOCIAL EZEIZA;40
2026;MINI;Fase Regular;Torneo Clasificacion;CLASIFICACION;SUR;1A;5;19/04/2026;INDEPENDIENTE A;47;GIMNASIA Y ESGRIMA DE LOMAS DE ZAMORA A;52
2026;MINI;Fase Regular;Torneo Clasificacion;CLASIFICACION;SUR;1A;5;19/04/2026;QUILMES A.C.;70;WILDE SPORTING;88
2026;MINI;Fase Regular;Torneo Clasificacion;CLASIFICACION;SUR;1A;6;26/04/2026;QUILMES A.C.;40;MONTE GRANDE A;52
2026;MINI;Fase Regular;Torneo Clasificacion;CLASIFICACION;SUR;1A;6;26/04/2026;VARELA JRS;64;INDEPENDIENTE A;85
2026;MINI;Fase Regular;Torneo Clasificacion;CLASIFICACION;SUR;1A;6;26/04/2026;GIMNASIA Y ESGRIMA DE LOMAS DE ZAMORA A;0;CLUB SOCIAL EZEIZA;20
2026;MINI;Fase Regular;Torneo Clasificacion;CLASIFICACION;SUR;1A;7;03/05/2026;MONTE GRANDE A;57;GIMNASIA Y ESGRIMA DE LOMAS DE ZAMORA A;36
2026;MINI;Fase Regular;Torneo Clasificacion;CLASIFICACION;SUR;1A;7;03/05/2026;CLUB SOCIAL EZEIZA;70;VARELA JRS;61
2026;MINI;Fase Regular;Torneo Clasificacion;CLASIFICACION;SUR;1A;7;03/05/2026;INDEPENDIENTE A;43;WILDE SPORTING;80
2026;MINI;Fase Regular;Torneo Clasificacion;CLASIFICACION;SUR;1A;8;10/05/2026;INDEPENDIENTE A;49;QUILMES A.C.;30
2026;MINI;Fase Regular;Torneo Clasificacion;CLASIFICACION;SUR;1A;8;10/05/2026;CLUB SOCIAL EZEIZA;37;WILDE SPORTING;81
2026;MINI;Fase Regular;Torneo Clasificacion;CLASIFICACION;SUR;1A;8;10/05/2026;GIMNASIA Y ESGRIMA DE LOMAS DE ZAMORA A;66;VARELA JRS;60
2026;MINI;Fase Regular;Torneo Clasificacion;CLASIFICACION;SUR;1A;9;17/05/2026;MONTE GRANDE A;82;VARELA JRS;54
2026;MINI;Fase Regular;Torneo Clasificacion;CLASIFICACION;SUR;1A;9;17/05/2026;WILDE SPORTING;90;GIMNASIA Y ESGRIMA DE LOMAS DE ZAMORA A;33
2026;MINI;Fase Regular;Torneo Clasificacion;CLASIFICACION;SUR;1A;9;17/05/2026;QUILMES A.C.;39;CLUB SOCIAL EZEIZA;57
2026;MINI;Fase Regular;Torneo Clasificacion;CLASIFICACION;SUR;1A;10;24/05/2026;INDEPENDIENTE A;45;MONTE GRANDE A;54
2026;MINI;Fase Regular;Torneo Clasificacion;CLASIFICACION;SUR;1A;10;24/05/2026;GIMNASIA Y ESGRIMA DE LOMAS DE ZAMORA A;46;QUILMES A.C.;52
2026;MINI;Fase Regular;Torneo Clasificacion;CLASIFICACION;SUR;1A;10;24/05/2026;VARELA JRS;47;WILDE SPORTING;117
2026;MINI;Fase Regular;Torneo Clasificacion;CLASIFICACION;NORTE;2B;1;15/03/2026;CLUB TRES DE FEBRERO A;56;NAUTICO HACOAJ A;63
2026;MINI;Fase Regular;Torneo Clasificacion;CLASIFICACION;NORTE;2B;1;15/03/2026;UNION FLORIDA;53;RIVER PLATE;49
2026;MINI;Fase Regular;Torneo Clasificacion;CLASIFICACION;NORTE;2B;1;15/03/2026;SPORTIVO VILLA BALLESTER;92;UNION VECINAL DE MUNRO;11
2026;MINI;Fase Regular;Torneo Clasificacion;CLASIFICACION;NORTE;2B;1;15/03/2026;U.V.V.ADELINA;71;OBRAS SANITARIAS A;60
2026;MINI;Fase Regular;Torneo Clasificacion;CLASIFICACION;NORTE;2B;2;22/03/2026;U.V.V.ADELINA;46;CLUB TRES DE FEBRERO A;70
2026;MINI;Fase Regular;Torneo Clasificacion;CLASIFICACION;NORTE;2B;2;22/03/2026;OBRAS SANITARIAS A;58;SPORTIVO VILLA BALLESTER;69
2026;MINI;Fase Regular;Torneo Clasificacion;CLASIFICACION;NORTE;2B;2;22/03/2026;UNION VECINAL DE MUNRO;32;UNION FLORIDA;63
2026;MINI;Fase Regular;Torneo Clasificacion;CLASIFICACION;NORTE;2B;2;22/03/2026;RIVER PLATE;46;NAUTICO HACOAJ A;86
2026;MINI;Fase Regular;Torneo Clasificacion;CLASIFICACION;NORTE;2B;3;29/03/2026;CLUB TRES DE FEBRERO A;65;RIVER PLATE;35
2026;MINI;Fase Regular;Torneo Clasificacion;CLASIFICACION;NORTE;2B;3;29/03/2026;NAUTICO HACOAJ A;101;UNION VECINAL DE MUNRO;35
2026;MINI;Fase Regular;Torneo Clasificacion;CLASIFICACION;NORTE;2B;3;29/03/2026;UNION FLORIDA;51;OBRAS SANITARIAS A;58
2026;MINI;Fase Regular;Torneo Clasificacion;CLASIFICACION;NORTE;2B;3;29/03/2026;SPORTIVO VILLA BALLESTER;68;U.V.V.ADELINA;40
2026;MINI;Fase Regular;Torneo Clasificacion;CLASIFICACION;NORTE;2B;4;12/04/2026;SPORTIVO VILLA BALLESTER;69;CLUB TRES DE FEBRERO A;62
2026;MINI;Fase Regular;Torneo Clasificacion;CLASIFICACION;NORTE;2B;4;12/04/2026;U.V.V.ADELINA;44;UNION FLORIDA;52
2026;MINI;Fase Regular;Torneo Clasificacion;CLASIFICACION;NORTE;2B;4;12/04/2026;OBRAS SANITARIAS A;61;NAUTICO HACOAJ A;57
2026;MINI;Fase Regular;Torneo Clasificacion;CLASIFICACION;NORTE;2B;4;12/04/2026;UNION VECINAL DE MUNRO;40;RIVER PLATE;97
2026;MINI;Fase Regular;Torneo Clasificacion;CLASIFICACION;NORTE;2B;5;19/04/2026;CLUB TRES DE FEBRERO A;52;UNION VECINAL DE MUNRO;17
2026;MINI;Fase Regular;Torneo Clasificacion;CLASIFICACION;NORTE;2B;5;19/04/2026;RIVER PLATE;56;OBRAS SANITARIAS A;105
2026;MINI;Fase Regular;Torneo Clasificacion;CLASIFICACION;NORTE;2B;5;19/04/2026;NAUTICO HACOAJ A;66;U.V.V.ADELINA;54
2026;MINI;Fase Regular;Torneo Clasificacion;CLASIFICACION;NORTE;2B;5;19/04/2026;UNION FLORIDA;53;SPORTIVO VILLA BALLESTER;74
2026;MINI;Fase Regular;Torneo Clasificacion;CLASIFICACION;NORTE;2B;6;26/04/2026;UNION FLORIDA;41;CLUB TRES DE FEBRERO A;48
2026;MINI;Fase Regular;Torneo Clasificacion;CLASIFICACION;NORTE;2B;6;26/04/2026;SPORTIVO VILLA BALLESTER;88;NAUTICO HACOAJ A;65
2026;MINI;Fase Regular;Torneo Clasificacion;CLASIFICACION;NORTE;2B;6;26/04/2026;U.V.V.ADELINA;56;RIVER PLATE;44
2026;MINI;Fase Regular;Torneo Clasificacion;CLASIFICACION;NORTE;2B;6;26/04/2026;OBRAS SANITARIAS A;84;UNION VECINAL DE MUNRO;21
2026;MINI;Fase Regular;Torneo Clasificacion;CLASIFICACION;NORTE;2B;7;03/05/2026;CLUB TRES DE FEBRERO A;65;OBRAS SANITARIAS A;71
2026;MINI;Fase Regular;Torneo Clasificacion;CLASIFICACION;NORTE;2B;7;03/05/2026;UNION VECINAL DE MUNRO;27;U.V.V.ADELINA;56
2026;MINI;Fase Regular;Torneo Clasificacion;CLASIFICACION;NORTE;2B;7;03/05/2026;RIVER PLATE;32;SPORTIVO VILLA BALLESTER;81
2026;MINI;Fase Regular;Torneo Clasificacion;CLASIFICACION;NORTE;2B;7;03/05/2026;NAUTICO HACOAJ A;86;UNION FLORIDA;54
2026;MINI;Fase Regular;Torneo Clasificacion;CLASIFICACION;NORTE;2B;8;10/05/2026;NAUTICO HACOAJ A;68;CLUB TRES DE FEBRERO A;41
2026;MINI;Fase Regular;Torneo Clasificacion;CLASIFICACION;NORTE;2B;8;10/05/2026;RIVER PLATE;59;UNION FLORIDA;50
2026;MINI;Fase Regular;Torneo Clasificacion;CLASIFICACION;NORTE;2B;8;10/05/2026;UNION VECINAL DE MUNRO;24;SPORTIVO VILLA BALLESTER;100
2026;MINI;Fase Regular;Torneo Clasificacion;CLASIFICACION;NORTE;2B;8;10/05/2026;OBRAS SANITARIAS A;54;U.V.V.ADELINA;47
2026;MINI;Fase Regular;Torneo Clasificacion;CLASIFICACION;NORTE;2B;9;17/05/2026;CLUB TRES DE FEBRERO A;45;U.V.V.ADELINA;31
2026;MINI;Fase Regular;Torneo Clasificacion;CLASIFICACION;NORTE;2B;9;17/05/2026;SPORTIVO VILLA BALLESTER;106;OBRAS SANITARIAS A;66
2026;MINI;Fase Regular;Torneo Clasificacion;CLASIFICACION;NORTE;2B;9;17/05/2026;UNION FLORIDA;86;UNION VECINAL DE MUNRO;21
2026;MINI;Fase Regular;Torneo Clasificacion;CLASIFICACION;NORTE;2B;9;17/05/2026;NAUTICO HACOAJ A;71;RIVER PLATE;62
2026;MINI;Fase Regular;Torneo Clasificacion;CLASIFICACION;NORTE;2B;10;24/05/2026;RIVER PLATE;50;CLUB TRES DE FEBRERO A;64
2026;MINI;Fase Regular;Torneo Clasificacion;CLASIFICACION;NORTE;2B;10;24/05/2026;UNION VECINAL DE MUNRO;13;NAUTICO HACOAJ A;77
2026;MINI;Fase Regular;Torneo Clasificacion;CLASIFICACION;NORTE;2B;10;24/05/2026;OBRAS SANITARIAS A;83;UNION FLORIDA;39
2026;MINI;Fase Regular;Torneo Clasificacion;CLASIFICACION;NORTE;2B;10;24/05/2026;U.V.V.ADELINA;36;SPORTIVO VILLA BALLESTER;67
2026;MINI;Fase Regular;Torneo Clasificacion;CLASIFICACION;CENTRO;2B;1;15/03/2026;ATENEO POPULAR VERSAILLES;59;ESTRELLA DE BOEDO;12
2026;MINI;Fase Regular;Torneo Clasificacion;CLASIFICACION;CENTRO;2B;1;15/03/2026;FERROCARRIL OESTE A;63;VELEZ SARSFIELD A;51
2026;MINI;Fase Regular;Torneo Clasificacion;CLASIFICACION;CENTRO;2B;1;15/03/2026;PINOCHO B;16;CIUDAD DE BUENOS AIRES A;62
2026;MINI;Fase Regular;Torneo Clasificacion;CLASIFICACION;CENTRO;2B;1;15/03/2026;VILLA MITRE;83;JOSE HERNANDEZ A;42
2026;MINI;Fase Regular;Torneo Clasificacion;CLASIFICACION;CENTRO;2B;2;22/03/2026;VILLA MITRE;33;ATENEO POPULAR VERSAILLES;32
2026;MINI;Fase Regular;Torneo Clasificacion;CLASIFICACION;CENTRO;2B;2;22/03/2026;JOSE HERNANDEZ A;60;PINOCHO B;33
2026;MINI;Fase Regular;Torneo Clasificacion;CLASIFICACION;CENTRO;2B;2;22/03/2026;CIUDAD DE BUENOS AIRES A;21;FERROCARRIL OESTE A;120
2026;MINI;Fase Regular;Torneo Clasificacion;CLASIFICACION;CENTRO;2B;2;22/03/2026;VELEZ SARSFIELD A;140;ESTRELLA DE BOEDO;5
2026;MINI;Fase Regular;Torneo Clasificacion;CLASIFICACION;CENTRO;2B;3;29/03/2026;ATENEO POPULAR VERSAILLES;27;VELEZ SARSFIELD A;85
2026;MINI;Fase Regular;Torneo Clasificacion;CLASIFICACION;CENTRO;2B;3;29/03/2026;ESTRELLA DE BOEDO;22;CIUDAD DE BUENOS AIRES A;54
2026;MINI;Fase Regular;Torneo Clasificacion;CLASIFICACION;CENTRO;2B;3;29/03/2026;FERROCARRIL OESTE A;116;JOSE HERNANDEZ A;14
2026;MINI;Fase Regular;Torneo Clasificacion;CLASIFICACION;CENTRO;2B;3;29/03/2026;PINOCHO B;11;VILLA MITRE;92
2026;MINI;Fase Regular;Torneo Clasificacion;CLASIFICACION;CENTRO;2B;4;12/04/2026;PINOCHO B;20;ATENEO POPULAR VERSAILLES;74
2026;MINI;Fase Regular;Torneo Clasificacion;CLASIFICACION;CENTRO;2B;4;12/04/2026;VILLA MITRE;42;FERROCARRIL OESTE A;77
2026;MINI;Fase Regular;Torneo Clasificacion;CLASIFICACION;CENTRO;2B;4;12/04/2026;JOSE HERNANDEZ A;20;ESTRELLA DE BOEDO;0
2026;MINI;Fase Regular;Torneo Clasificacion;CLASIFICACION;CENTRO;2B;4;12/04/2026;CIUDAD DE BUENOS AIRES A;12;VELEZ SARSFIELD A;103
2026;MINI;Fase Regular;Torneo Clasificacion;CLASIFICACION;CENTRO;2B;5;19/04/2026;ATENEO POPULAR VERSAILLES;20;CIUDAD DE BUENOS AIRES A;0
2026;MINI;Fase Regular;Torneo Clasificacion;CLASIFICACION;CENTRO;2B;5;19/04/2026;VELEZ SARSFIELD A;88;JOSE HERNANDEZ A;14
2026;MINI;Fase Regular;Torneo Clasificacion;CLASIFICACION;CENTRO;2B;5;19/04/2026;ESTRELLA DE BOEDO;12;VILLA MITRE;96
2026;MINI;Fase Regular;Torneo Clasificacion;CLASIFICACION;CENTRO;2B;5;19/04/2026;FERROCARRIL OESTE A;119;PINOCHO B;10
2026;MINI;Fase Regular;Torneo Clasificacion;CLASIFICACION;CENTRO;2B;6;26/04/2026;FERROCARRIL OESTE A;111;ATENEO POPULAR VERSAILLES;19
2026;MINI;Fase Regular;Torneo Clasificacion;CLASIFICACION;CENTRO;2B;6;26/04/2026;PINOCHO B;31;ESTRELLA DE BOEDO;25
2026;MINI;Fase Regular;Torneo Clasificacion;CLASIFICACION;CENTRO;2B;6;26/04/2026;VILLA MITRE;33;VELEZ SARSFIELD A;87
2026;MINI;Fase Regular;Torneo Clasificacion;CLASIFICACION;CENTRO;2B;6;26/04/2026;JOSE HERNANDEZ A;49;CIUDAD DE BUENOS AIRES A;32
2026;MINI;Fase Regular;Torneo Clasificacion;CLASIFICACION;CENTRO;2B;7;03/05/2026;ATENEO POPULAR VERSAILLES;69;JOSE HERNANDEZ A;48
2026;MINI;Fase Regular;Torneo Clasificacion;CLASIFICACION;CENTRO;2B;7;03/05/2026;CIUDAD DE BUENOS AIRES A;29;VILLA MITRE;81
2026;MINI;Fase Regular;Torneo Clasificacion;CLASIFICACION;CENTRO;2B;7;03/05/2026;VELEZ SARSFIELD A;138;PINOCHO B;7
2026;MINI;Fase Regular;Torneo Clasificacion;CLASIFICACION;CENTRO;2B;7;03/05/2026;ESTRELLA DE BOEDO;0;FERROCARRIL OESTE A;20
2026;MINI;Fase Regular;Torneo Clasificacion;CLASIFICACION;CENTRO;2B;8;10/05/2026;VELEZ SARSFIELD A;54;FERROCARRIL OESTE A;67
2026;MINI;Fase Regular;Torneo Clasificacion;CLASIFICACION;CENTRO;2B;8;10/05/2026;CIUDAD DE BUENOS AIRES A;31;PINOCHO B;37
2026;MINI;Fase Regular;Torneo Clasificacion;CLASIFICACION;CENTRO;2B;8;10/05/2026;JOSE HERNANDEZ A;38;VILLA MITRE;73
2026;MINI;Fase Regular;Torneo Clasificacion;CLASIFICACION;CENTRO;2B;9;17/05/2026;ATENEO POPULAR VERSAILLES;20;VILLA MITRE;54
2026;MINI;Fase Regular;Torneo Clasificacion;CLASIFICACION;CENTRO;2B;9;17/05/2026;PINOCHO B;29;JOSE HERNANDEZ A;61
2026;MINI;Fase Regular;Torneo Clasificacion;CLASIFICACION;CENTRO;2B;9;17/05/2026;FERROCARRIL OESTE A;83;CIUDAD DE BUENOS AIRES A;14
2026;MINI;Fase Regular;Torneo Clasificacion;CLASIFICACION;CENTRO;2B;9;17/05/2026;ESTRELLA DE BOEDO;11;VELEZ SARSFIELD A;124
2026;MINI;Fase Regular;Torneo Clasificacion;CLASIFICACION;CENTRO;2B;10;24/05/2026;CIUDAD DE BUENOS AIRES A;76;ESTRELLA DE BOEDO;34
2026;MINI;Fase Regular;Torneo Clasificacion;CLASIFICACION;CENTRO;2B;10;24/05/2026;JOSE HERNANDEZ A;10;FERROCARRIL OESTE A;135
2026;MINI;Fase Regular;Torneo Clasificacion;CLASIFICACION;CENTRO;2B;10;24/05/2026;VILLA MITRE;92;PINOCHO B;21
2026;MINI;Fase Regular;Torneo Clasificacion;CLASIFICACION;OESTE;2B;1;15/03/2026;PORTEÑO ATHLETIC CLUB A;50;ARGENTINO DE CASTELAR B;25
2026;MINI;Fase Regular;Torneo Clasificacion;CLASIFICACION;OESTE;2B;1;15/03/2026;LOS INDIOS DE MORENO B;59;INSTITUCION SARMIENTO B;12
2026;MINI;Fase Regular;Torneo Clasificacion;CLASIFICACION;OESTE;2B;1;15/03/2026;LEANDRO N ALEM;31;MORON A;88
2026;MINI;Fase Regular;Torneo Clasificacion;CLASIFICACION;OESTE;2B;2;22/03/2026;MORON A;73;LOS INDIOS DE MORENO B;14
2026;MINI;Fase Regular;Torneo Clasificacion;CLASIFICACION;OESTE;2B;2;22/03/2026;INSTITUCION SARMIENTO B;8;PORTEÑO ATHLETIC CLUB A;87
2026;MINI;Fase Regular;Torneo Clasificacion;CLASIFICACION;OESTE;2B;2;22/03/2026;ARGENTINO DE CASTELAR B;24;GIMNASIA Y ESGRIMA DE ITUZAINGO A;71
2026;MINI;Fase Regular;Torneo Clasificacion;CLASIFICACION;OESTE;2B;3;29/03/2026;GIMNASIA Y ESGRIMA DE ITUZAINGO A;20;INSTITUCION SARMIENTO B;0
2026;MINI;Fase Regular;Torneo Clasificacion;CLASIFICACION;OESTE;2B;3;29/03/2026;PORTEÑO ATHLETIC CLUB A;21;MORON A;62
2026;MINI;Fase Regular;Torneo Clasificacion;CLASIFICACION;OESTE;2B;3;29/03/2026;LOS INDIOS DE MORENO B;61;LEANDRO N ALEM;36
2026;MINI;Fase Regular;Torneo Clasificacion;CLASIFICACION;OESTE;2B;4;12/04/2026;LEANDRO N ALEM;0;PORTEÑO ATHLETIC CLUB A;20
2026;MINI;Fase Regular;Torneo Clasificacion;CLASIFICACION;OESTE;2B;4;12/04/2026;MORON A;35;GIMNASIA Y ESGRIMA DE ITUZAINGO A;62
2026;MINI;Fase Regular;Torneo Clasificacion;CLASIFICACION;OESTE;2B;4;12/04/2026;INSTITUCION SARMIENTO B;20;ARGENTINO DE CASTELAR B;0
2026;MINI;Fase Regular;Torneo Clasificacion;CLASIFICACION;OESTE;2B;5;19/04/2026;ARGENTINO DE CASTELAR B;0;MORON A;20
2026;MINI;Fase Regular;Torneo Clasificacion;CLASIFICACION;OESTE;2B;5;19/04/2026;GIMNASIA Y ESGRIMA DE ITUZAINGO A;92;LEANDRO N ALEM;38
2026;MINI;Fase Regular;Torneo Clasificacion;CLASIFICACION;OESTE;2B;5;19/04/2026;PORTEÑO ATHLETIC CLUB A;47;LOS INDIOS DE MORENO B;46
2026;MINI;Fase Regular;Torneo Clasificacion;CLASIFICACION;OESTE;2B;6;26/04/2026;LOS INDIOS DE MORENO B;37;GIMNASIA Y ESGRIMA DE ITUZAINGO A;83
2026;MINI;Fase Regular;Torneo Clasificacion;CLASIFICACION;OESTE;2B;6;26/04/2026;LEANDRO N ALEM;0;ARGENTINO DE CASTELAR B;20
2026;MINI;Fase Regular;Torneo Clasificacion;CLASIFICACION;OESTE;2B;6;26/04/2026;MORON A;20;INSTITUCION SARMIENTO B;0
2026;MINI;Fase Regular;Torneo Clasificacion;CLASIFICACION;OESTE;2B;7;03/05/2026;INSTITUCION SARMIENTO B;20;LEANDRO N ALEM;0
2026;MINI;Fase Regular;Torneo Clasificacion;CLASIFICACION;OESTE;2B;7;03/05/2026;ARGENTINO DE CASTELAR B;0;LOS INDIOS DE MORENO B;20
2026;MINI;Fase Regular;Torneo Clasificacion;CLASIFICACION;OESTE;2B;7;03/05/2026;GIMNASIA Y ESGRIMA DE ITUZAINGO A;73;PORTEÑO ATHLETIC CLUB A;45
2026;MINI;Fase Regular;Torneo Clasificacion;CLASIFICACION;OESTE;2B;8;10/05/2026;ARGENTINO DE CASTELAR B;0;PORTEÑO ATHLETIC CLUB A;20
2026;MINI;Fase Regular;Torneo Clasificacion;CLASIFICACION;OESTE;2B;8;10/05/2026;INSTITUCION SARMIENTO B;21;LOS INDIOS DE MORENO B;79
2026;MINI;Fase Regular;Torneo Clasificacion;CLASIFICACION;OESTE;2B;8;10/05/2026;MORON A;74;LEANDRO N ALEM;20
2026;MINI;Fase Regular;Torneo Clasificacion;CLASIFICACION;OESTE;2B;9;17/05/2026;LOS INDIOS DE MORENO B;33;MORON A;70
2026;MINI;Fase Regular;Torneo Clasificacion;CLASIFICACION;OESTE;2B;9;17/05/2026;PORTEÑO ATHLETIC CLUB A;74;INSTITUCION SARMIENTO B;14
2026;MINI;Fase Regular;Torneo Clasificacion;CLASIFICACION;OESTE;2B;9;17/05/2026;GIMNASIA Y ESGRIMA DE ITUZAINGO A;54;ARGENTINO DE CASTELAR B;25
2026;MINI;Fase Regular;Torneo Clasificacion;CLASIFICACION;OESTE;2B;10;24/05/2026;INSTITUCION SARMIENTO B;12;GIMNASIA Y ESGRIMA DE ITUZAINGO A;106
2026;MINI;Fase Regular;Torneo Clasificacion;CLASIFICACION;OESTE;2B;10;24/05/2026;MORON A;67;PORTEÑO ATHLETIC CLUB A;33
2026;MINI;Fase Regular;Torneo Clasificacion;CLASIFICACION;OESTE;2B;10;24/05/2026;LEANDRO N ALEM;32;LOS INDIOS DE MORENO B;71
2026;MINI;Fase Regular;Torneo Clasificacion;CLASIFICACION;OESTE;2B;12;07/06/2026;MORON A;74;ARGENTINO DE CASTELAR B;25
2026;MINI;Fase Regular;Torneo Clasificacion;CLASIFICACION;SUR;2B;1;15/03/2026;BOCA JUNIORS A;73;OLIMPO A;40
2026;MINI;Fase Regular;Torneo Clasificacion;CLASIFICACION;SUR;2B;1;15/03/2026;BURZACO FC A;74;LOS ANDES;36
2026;MINI;Fase Regular;Torneo Clasificacion;CLASIFICACION;SUR;2B;1;15/03/2026;COUNTRY BANFIELD A;27;LOBOS ATHLETIC CLUB;42
2026;MINI;Fase Regular;Torneo Clasificacion;CLASIFICACION;SUR;2B;1;15/03/2026;TRISTAN SUAREZ;38;CLUB SOCIAL ALEJANDRO KORN;46
2026;MINI;Fase Regular;Torneo Clasificacion;CLASIFICACION;SUR;2B;2;22/03/2026;TRISTAN SUAREZ;19;BOCA JUNIORS A;97
2026;MINI;Fase Regular;Torneo Clasificacion;CLASIFICACION;SUR;2B;2;22/03/2026;CLUB SOCIAL ALEJANDRO KORN;92;COUNTRY BANFIELD A;30
2026;MINI;Fase Regular;Torneo Clasificacion;CLASIFICACION;SUR;2B;2;22/03/2026;LOBOS ATHLETIC CLUB;51;BURZACO FC A;90
2026;MINI;Fase Regular;Torneo Clasificacion;CLASIFICACION;SUR;2B;2;22/03/2026;LOS ANDES;40;OLIMPO A;43
2026;MINI;Fase Regular;Torneo Clasificacion;CLASIFICACION;SUR;2B;3;29/03/2026;BOCA JUNIORS A;83;LOS ANDES;19
2026;MINI;Fase Regular;Torneo Clasificacion;CLASIFICACION;SUR;2B;3;29/03/2026;OLIMPO A;62;LOBOS ATHLETIC CLUB;55
2026;MINI;Fase Regular;Torneo Clasificacion;CLASIFICACION;SUR;2B;3;29/03/2026;BURZACO FC A;71;CLUB SOCIAL ALEJANDRO KORN;53
2026;MINI;Fase Regular;Torneo Clasificacion;CLASIFICACION;SUR;2B;3;29/03/2026;COUNTRY BANFIELD A;38;TRISTAN SUAREZ;90
2026;MINI;Fase Regular;Torneo Clasificacion;CLASIFICACION;SUR;2B;4;12/04/2026;COUNTRY BANFIELD A;43;BOCA JUNIORS A;102
2026;MINI;Fase Regular;Torneo Clasificacion;CLASIFICACION;SUR;2B;4;12/04/2026;TRISTAN SUAREZ;19;BURZACO FC A;86
2026;MINI;Fase Regular;Torneo Clasificacion;CLASIFICACION;SUR;2B;4;12/04/2026;CLUB SOCIAL ALEJANDRO KORN;0;OLIMPO A;0
2026;MINI;Fase Regular;Torneo Clasificacion;CLASIFICACION;SUR;2B;4;12/04/2026;LOBOS ATHLETIC CLUB;59;LOS ANDES;50
2026;MINI;Fase Regular;Torneo Clasificacion;CLASIFICACION;SUR;2B;5;19/04/2026;BOCA JUNIORS A;95;LOBOS ATHLETIC CLUB;34
2026;MINI;Fase Regular;Torneo Clasificacion;CLASIFICACION;SUR;2B;5;19/04/2026;LOS ANDES;29;CLUB SOCIAL ALEJANDRO KORN;81
2026;MINI;Fase Regular;Torneo Clasificacion;CLASIFICACION;SUR;2B;5;19/04/2026;OLIMPO A;26;TRISTAN SUAREZ;87
2026;MINI;Fase Regular;Torneo Clasificacion;CLASIFICACION;SUR;2B;5;19/04/2026;BURZACO FC A;20;COUNTRY BANFIELD A;0
2026;MINI;Fase Regular;Torneo Clasificacion;CLASIFICACION;SUR;2B;6;26/04/2026;BURZACO FC A;50;BOCA JUNIORS A;58
2026;MINI;Fase Regular;Torneo Clasificacion;CLASIFICACION;SUR;2B;6;26/04/2026;COUNTRY BANFIELD A;0;OLIMPO A;20
2026;MINI;Fase Regular;Torneo Clasificacion;CLASIFICACION;SUR;2B;6;26/04/2026;TRISTAN SUAREZ;75;LOS ANDES;44
2026;MINI;Fase Regular;Torneo Clasificacion;CLASIFICACION;SUR;2B;6;26/04/2026;CLUB SOCIAL ALEJANDRO KORN;20;LOBOS ATHLETIC CLUB;0
2026;MINI;Fase Regular;Torneo Clasificacion;CLASIFICACION;SUR;2B;7;03/05/2026;BOCA JUNIORS A;54;CLUB SOCIAL ALEJANDRO KORN;49
2026;MINI;Fase Regular;Torneo Clasificacion;CLASIFICACION;SUR;2B;7;03/05/2026;LOBOS ATHLETIC CLUB;52;TRISTAN SUAREZ;56
2026;MINI;Fase Regular;Torneo Clasificacion;CLASIFICACION;SUR;2B;7;03/05/2026;LOS ANDES;20;COUNTRY BANFIELD A;0
2026;MINI;Fase Regular;Torneo Clasificacion;CLASIFICACION;SUR;2B;7;03/05/2026;OLIMPO A;41;BURZACO FC A;89
2026;MINI;Fase Regular;Torneo Clasificacion;CLASIFICACION;SUR;2B;8;10/05/2026;OLIMPO A;18;BOCA JUNIORS A;100
2026;MINI;Fase Regular;Torneo Clasificacion;CLASIFICACION;SUR;2B;8;10/05/2026;LOS ANDES;41;BURZACO FC A;78
2026;MINI;Fase Regular;Torneo Clasificacion;CLASIFICACION;SUR;2B;8;10/05/2026;LOBOS ATHLETIC CLUB;69;COUNTRY BANFIELD A;34
2026;MINI;Fase Regular;Torneo Clasificacion;CLASIFICACION;SUR;2B;8;10/05/2026;CLUB SOCIAL ALEJANDRO KORN;66;TRISTAN SUAREZ;53
2026;MINI;Fase Regular;Torneo Clasificacion;CLASIFICACION;SUR;2B;9;17/05/2026;BOCA JUNIORS A;93;TRISTAN SUAREZ;38
2026;MINI;Fase Regular;Torneo Clasificacion;CLASIFICACION;SUR;2B;9;17/05/2026;COUNTRY BANFIELD A;27;CLUB SOCIAL ALEJANDRO KORN;87
2026;MINI;Fase Regular;Torneo Clasificacion;CLASIFICACION;SUR;2B;9;17/05/2026;BURZACO FC A;68;LOBOS ATHLETIC CLUB;35
2026;MINI;Fase Regular;Torneo Clasificacion;CLASIFICACION;SUR;2B;9;17/05/2026;OLIMPO A;47;LOS ANDES;59
2026;MINI;Fase Regular;Torneo Clasificacion;CLASIFICACION;SUR;2B;10;24/05/2026;LOS ANDES;37;BOCA JUNIORS A;76
2026;MINI;Fase Regular;Torneo Clasificacion;CLASIFICACION;SUR;2B;10;24/05/2026;LOBOS ATHLETIC CLUB;50;OLIMPO A;44
2026;MINI;Fase Regular;Torneo Clasificacion;CLASIFICACION;SUR;2B;10;24/05/2026;CLUB SOCIAL ALEJANDRO KORN;59;BURZACO FC A;54
2026;MINI;Fase Regular;Torneo Clasificacion;CLASIFICACION;SUR;2B;10;24/05/2026;TRISTAN SUAREZ;73;COUNTRY BANFIELD A;53
2026;MINI;Fase Regular;Torneo Clasificacion;CLASIFICACION;NORTE;3C;1;15/03/2026;BELLA VISTA;40;CAZA Y PESCA B;10
2026;MINI;Fase Regular;Torneo Clasificacion;CLASIFICACION;NORTE;3C;1;15/03/2026;GEVP A;57;SOCIAL BECCAR A;22
2026;MINI;Fase Regular;Torneo Clasificacion;CLASIFICACION;NORTE;3C;1;15/03/2026;BANADE A;44;CLUB TRES DE FEBRERO B;23
2026;MINI;Fase Regular;Torneo Clasificacion;CLASIFICACION;NORTE;3C;2;22/03/2026;BANADE A;26;CENTRO GALICIA;91
2026;MINI;Fase Regular;Torneo Clasificacion;CLASIFICACION;NORTE;3C;2;22/03/2026;CLUB TRES DE FEBRERO B;10;GEVP A;92
2026;MINI;Fase Regular;Torneo Clasificacion;CLASIFICACION;NORTE;3C;2;22/03/2026;SOCIAL BECCAR A;60;BELLA VISTA;35
2026;MINI;Fase Regular;Torneo Clasificacion;CLASIFICACION;NORTE;3C;3;29/03/2026;CENTRO GALICIA;95;CAZA Y PESCA B;6
2026;MINI;Fase Regular;Torneo Clasificacion;CLASIFICACION;NORTE;3C;3;29/03/2026;BELLA VISTA;29;CLUB TRES DE FEBRERO B;44
2026;MINI;Fase Regular;Torneo Clasificacion;CLASIFICACION;NORTE;3C;3;29/03/2026;GEVP A;51;BANADE A;14
2026;MINI;Fase Regular;Torneo Clasificacion;CLASIFICACION;NORTE;3C;4;12/04/2026;GEVP A;53;CENTRO GALICIA;50
2026;MINI;Fase Regular;Torneo Clasificacion;CLASIFICACION;NORTE;3C;4;12/04/2026;BANADE A;56;BELLA VISTA;23
2026;MINI;Fase Regular;Torneo Clasificacion;CLASIFICACION;NORTE;3C;4;12/04/2026;SOCIAL BECCAR A;52;CAZA Y PESCA B;14
2026;MINI;Fase Regular;Torneo Clasificacion;CLASIFICACION;NORTE;3C;5;19/04/2026;CENTRO GALICIA;72;SOCIAL BECCAR A;37
2026;MINI;Fase Regular;Torneo Clasificacion;CLASIFICACION;NORTE;3C;5;19/04/2026;CAZA Y PESCA B;24;CLUB TRES DE FEBRERO B;36
2026;MINI;Fase Regular;Torneo Clasificacion;CLASIFICACION;NORTE;3C;5;19/04/2026;BELLA VISTA;15;GEVP A;85
2026;MINI;Fase Regular;Torneo Clasificacion;CLASIFICACION;NORTE;3C;6;26/04/2026;BELLA VISTA;23;CENTRO GALICIA;83
2026;MINI;Fase Regular;Torneo Clasificacion;CLASIFICACION;NORTE;3C;6;26/04/2026;BANADE A;60;CAZA Y PESCA B;8
2026;MINI;Fase Regular;Torneo Clasificacion;CLASIFICACION;NORTE;3C;6;26/04/2026;CLUB TRES DE FEBRERO B;47;SOCIAL BECCAR A;54
2026;MINI;Fase Regular;Torneo Clasificacion;CLASIFICACION;NORTE;3C;7;03/05/2026;CENTRO GALICIA;68;CLUB TRES DE FEBRERO B;15
2026;MINI;Fase Regular;Torneo Clasificacion;CLASIFICACION;NORTE;3C;7;03/05/2026;SOCIAL BECCAR A;57;BANADE A;49
2026;MINI;Fase Regular;Torneo Clasificacion;CLASIFICACION;NORTE;3C;7;03/05/2026;CAZA Y PESCA B;0;GEVP A;20
2026;MINI;Fase Regular;Torneo Clasificacion;CLASIFICACION;NORTE;3C;8;10/05/2026;CAZA Y PESCA B;17;BELLA VISTA;45
2026;MINI;Fase Regular;Torneo Clasificacion;CLASIFICACION;NORTE;3C;8;10/05/2026;SOCIAL BECCAR A;24;GEVP A;62
2026;MINI;Fase Regular;Torneo Clasificacion;CLASIFICACION;NORTE;3C;8;10/05/2026;CLUB TRES DE FEBRERO B;19;BANADE A;53
2026;MINI;Fase Regular;Torneo Clasificacion;CLASIFICACION;NORTE;3C;9;17/05/2026;CENTRO GALICIA;81;BANADE A;37
2026;MINI;Fase Regular;Torneo Clasificacion;CLASIFICACION;NORTE;3C;9;17/05/2026;GEVP A;68;CLUB TRES DE FEBRERO B;18
2026;MINI;Fase Regular;Torneo Clasificacion;CLASIFICACION;NORTE;3C;9;17/05/2026;BELLA VISTA;60;SOCIAL BECCAR A;23
2026;MINI;Fase Regular;Torneo Clasificacion;CLASIFICACION;NORTE;3C;10;24/05/2026;CAZA Y PESCA B;6;CENTRO GALICIA;95
2026;MINI;Fase Regular;Torneo Clasificacion;CLASIFICACION;NORTE;3C;10;24/05/2026;CLUB TRES DE FEBRERO B;46;BELLA VISTA;26
2026;MINI;Fase Regular;Torneo Clasificacion;CLASIFICACION;NORTE;3C;10;24/05/2026;BANADE A;14;GEVP A;61
2026;MINI;Fase Regular;Torneo Clasificacion;CLASIFICACION;CENTRO;3C;1;15/03/2026;ITALIANO A;58;ARQUITECTURA B;22
2026;MINI;Fase Regular;Torneo Clasificacion;CLASIFICACION;CENTRO;3C;1;15/03/2026;PINOCHO A;46;GEVP B;37
2026;MINI;Fase Regular;Torneo Clasificacion;CLASIFICACION;CENTRO;3C;1;15/03/2026;ARMENIA;0;ALL BOYS A;0
2026;MINI;Fase Regular;Torneo Clasificacion;CLASIFICACION;CENTRO;3C;1;15/03/2026;FERROCARRIL OESTE B;10;PEDRO ECHAGUE A;101
2026;MINI;Fase Regular;Torneo Clasificacion;CLASIFICACION;CENTRO;3C;2;22/03/2026;FERROCARRIL OESTE B;18;ITALIANO A;46
2026;MINI;Fase Regular;Torneo Clasificacion;CLASIFICACION;CENTRO;3C;2;22/03/2026;PEDRO ECHAGUE A;105;ARMENIA;5
2026;MINI;Fase Regular;Torneo Clasificacion;CLASIFICACION;CENTRO;3C;2;22/03/2026;ALL BOYS A;26;PINOCHO A;64
2026;MINI;Fase Regular;Torneo Clasificacion;CLASIFICACION;CENTRO;3C;2;22/03/2026;GEVP B;66;ARQUITECTURA B;32
2026;MINI;Fase Regular;Torneo Clasificacion;CLASIFICACION;CENTRO;3C;3;29/03/2026;ITALIANO A;53;GEVP B;46
2026;MINI;Fase Regular;Torneo Clasificacion;CLASIFICACION;CENTRO;3C;3;29/03/2026;ARQUITECTURA B;39;ALL BOYS A;69
2026;MINI;Fase Regular;Torneo Clasificacion;CLASIFICACION;CENTRO;3C;3;29/03/2026;PINOCHO A;31;PEDRO ECHAGUE A;76
2026;MINI;Fase Regular;Torneo Clasificacion;CLASIFICACION;CENTRO;3C;3;29/03/2026;ARMENIA;28;FERROCARRIL OESTE B;46
2026;MINI;Fase Regular;Torneo Clasificacion;CLASIFICACION;CENTRO;3C;4;12/04/2026;ARMENIA;0;ITALIANO A;20
2026;MINI;Fase Regular;Torneo Clasificacion;CLASIFICACION;CENTRO;3C;4;12/04/2026;FERROCARRIL OESTE B;19;PINOCHO A;73
2026;MINI;Fase Regular;Torneo Clasificacion;CLASIFICACION;CENTRO;3C;4;12/04/2026;PEDRO ECHAGUE A;20;ARQUITECTURA B;0
2026;MINI;Fase Regular;Torneo Clasificacion;CLASIFICACION;CENTRO;3C;4;12/04/2026;ALL BOYS A;46;GEVP B;61
2026;MINI;Fase Regular;Torneo Clasificacion;CLASIFICACION;CENTRO;3C;5;19/04/2026;ITALIANO A;67;ALL BOYS A;21
2026;MINI;Fase Regular;Torneo Clasificacion;CLASIFICACION;CENTRO;3C;5;19/04/2026;GEVP B;33;PEDRO ECHAGUE A;72
2026;MINI;Fase Regular;Torneo Clasificacion;CLASIFICACION;CENTRO;3C;5;19/04/2026;ARQUITECTURA B;47;FERROCARRIL OESTE B;45
2026;MINI;Fase Regular;Torneo Clasificacion;CLASIFICACION;CENTRO;3C;5;19/04/2026;PINOCHO A;20;ARMENIA;0
2026;MINI;Fase Regular;Torneo Clasificacion;CLASIFICACION;CENTRO;3C;6;26/04/2026;PINOCHO A;38;ITALIANO A;46
2026;MINI;Fase Regular;Torneo Clasificacion;CLASIFICACION;CENTRO;3C;6;26/04/2026;ARMENIA;41;ARQUITECTURA B;48
2026;MINI;Fase Regular;Torneo Clasificacion;CLASIFICACION;CENTRO;3C;6;26/04/2026;FERROCARRIL OESTE B;24;GEVP B;61
2026;MINI;Fase Regular;Torneo Clasificacion;CLASIFICACION;CENTRO;3C;6;26/04/2026;PEDRO ECHAGUE A;94;ALL BOYS A;27
2026;MINI;Fase Regular;Torneo Clasificacion;CLASIFICACION;CENTRO;3C;7;03/05/2026;ITALIANO A;25;PEDRO ECHAGUE A;50
2026;MINI;Fase Regular;Torneo Clasificacion;CLASIFICACION;CENTRO;3C;7;03/05/2026;ALL BOYS A;69;FERROCARRIL OESTE B;40
2026;MINI;Fase Regular;Torneo Clasificacion;CLASIFICACION;CENTRO;3C;7;03/05/2026;GEVP B;55;ARMENIA;35
2026;MINI;Fase Regular;Torneo Clasificacion;CLASIFICACION;CENTRO;3C;7;03/05/2026;ARQUITECTURA B;0;PINOCHO A;20
2026;MINI;Fase Regular;Torneo Clasificacion;CLASIFICACION;CENTRO;3C;8;10/05/2026;ARQUITECTURA B;14;ITALIANO A;68
2026;MINI;Fase Regular;Torneo Clasificacion;CLASIFICACION;CENTRO;3C;8;10/05/2026;GEVP B;37;PINOCHO A;59
2026;MINI;Fase Regular;Torneo Clasificacion;CLASIFICACION;CENTRO;3C;8;10/05/2026;ALL BOYS A;55;ARMENIA;29
2026;MINI;Fase Regular;Torneo Clasificacion;CLASIFICACION;CENTRO;3C;8;10/05/2026;PEDRO ECHAGUE A;117;FERROCARRIL OESTE B;9
2026;MINI;Fase Regular;Torneo Clasificacion;CLASIFICACION;CENTRO;3C;9;17/05/2026;ITALIANO A;63;FERROCARRIL OESTE B;27
2026;MINI;Fase Regular;Torneo Clasificacion;CLASIFICACION;CENTRO;3C;9;17/05/2026;ARMENIA;8;PEDRO ECHAGUE A;119
2026;MINI;Fase Regular;Torneo Clasificacion;CLASIFICACION;CENTRO;3C;9;17/05/2026;PINOCHO A;82;ALL BOYS A;40
2026;MINI;Fase Regular;Torneo Clasificacion;CLASIFICACION;CENTRO;3C;9;17/05/2026;ARQUITECTURA B;42;GEVP B;68
2026;MINI;Fase Regular;Torneo Clasificacion;CLASIFICACION;CENTRO;3C;10;24/05/2026;GEVP B;44;ITALIANO A;49
2026;MINI;Fase Regular;Torneo Clasificacion;CLASIFICACION;CENTRO;3C;10;24/05/2026;ALL BOYS A;64;ARQUITECTURA B;33
2026;MINI;Fase Regular;Torneo Clasificacion;CLASIFICACION;CENTRO;3C;10;24/05/2026;PEDRO ECHAGUE A;99;PINOCHO A;34
2026;MINI;Fase Regular;Torneo Clasificacion;CLASIFICACION;CENTRO;3C;10;24/05/2026;FERROCARRIL OESTE B;53;ARMENIA;28
2026;MINI;Fase Regular;Torneo Clasificacion;CLASIFICACION;OESTE;3C;1;15/03/2026;SAN MIGUEL B;33;DEFENSORES DE HURLINGHAM A;21
2026;MINI;Fase Regular;Torneo Clasificacion;CLASIFICACION;OESTE;3C;1;15/03/2026;UNIVERSIDAD DE LA MATANZA;34;EL PORVENIR;44
2026;MINI;Fase Regular;Torneo Clasificacion;CLASIFICACION;OESTE;3C;1;15/03/2026;MIDLAND;44;HURACAN DE SAN JUSTO A;19
2026;MINI;Fase Regular;Torneo Clasificacion;CLASIFICACION;OESTE;3C;2;22/03/2026;MIDLAND;21;SAN MIGUEL B;45
2026;MINI;Fase Regular;Torneo Clasificacion;CLASIFICACION;OESTE;3C;2;22/03/2026;HURACAN DE SAN JUSTO A;1;UNIVERSIDAD DE LA MATANZA;90
2026;MINI;Fase Regular;Torneo Clasificacion;CLASIFICACION;OESTE;3C;2;22/03/2026;EL PORVENIR;25;INSTITUCION SARMIENTO A;82
2026;MINI;Fase Regular;Torneo Clasificacion;CLASIFICACION;OESTE;3C;3;29/03/2026;DEFENSORES DE HURLINGHAM A;71;EL PORVENIR;25
2026;MINI;Fase Regular;Torneo Clasificacion;CLASIFICACION;OESTE;3C;3;29/03/2026;INSTITUCION SARMIENTO A;87;HURACAN DE SAN JUSTO A;7
2026;MINI;Fase Regular;Torneo Clasificacion;CLASIFICACION;OESTE;3C;3;29/03/2026;UNIVERSIDAD DE LA MATANZA;29;MIDLAND;31
2026;MINI;Fase Regular;Torneo Clasificacion;CLASIFICACION;OESTE;3C;4;12/04/2026;UNIVERSIDAD DE LA MATANZA;19;SAN MIGUEL B;77
2026;MINI;Fase Regular;Torneo Clasificacion;CLASIFICACION;OESTE;3C;4;12/04/2026;MIDLAND;0;INSTITUCION SARMIENTO A;20
2026;MINI;Fase Regular;Torneo Clasificacion;CLASIFICACION;OESTE;3C;4;12/04/2026;HURACAN DE SAN JUSTO A;2;DEFENSORES DE HURLINGHAM A;112
2026;MINI;Fase Regular;Torneo Clasificacion;CLASIFICACION;OESTE;3C;5;19/04/2026;SAN MIGUEL B;60;EL PORVENIR;28
2026;MINI;Fase Regular;Torneo Clasificacion;CLASIFICACION;OESTE;3C;5;19/04/2026;DEFENSORES DE HURLINGHAM A;20;MIDLAND;0
2026;MINI;Fase Regular;Torneo Clasificacion;CLASIFICACION;OESTE;3C;5;19/04/2026;INSTITUCION SARMIENTO A;66;UNIVERSIDAD DE LA MATANZA;10
2026;MINI;Fase Regular;Torneo Clasificacion;CLASIFICACION;OESTE;3C;6;26/04/2026;INSTITUCION SARMIENTO A;55;SAN MIGUEL B;44
2026;MINI;Fase Regular;Torneo Clasificacion;CLASIFICACION;OESTE;3C;6;26/04/2026;UNIVERSIDAD DE LA MATANZA;26;DEFENSORES DE HURLINGHAM A;74
2026;MINI;Fase Regular;Torneo Clasificacion;CLASIFICACION;OESTE;3C;6;26/04/2026;HURACAN DE SAN JUSTO A;20;EL PORVENIR;0
2026;MINI;Fase Regular;Torneo Clasificacion;CLASIFICACION;OESTE;3C;7;03/05/2026;SAN MIGUEL B;20;HURACAN DE SAN JUSTO A;0
2026;MINI;Fase Regular;Torneo Clasificacion;CLASIFICACION;OESTE;3C;7;03/05/2026;EL PORVENIR;0;MIDLAND;0
2026;MINI;Fase Regular;Torneo Clasificacion;CLASIFICACION;OESTE;3C;7;03/05/2026;DEFENSORES DE HURLINGHAM A;47;INSTITUCION SARMIENTO A;42
2026;MINI;Fase Regular;Torneo Clasificacion;CLASIFICACION;OESTE;3C;8;10/05/2026;EL PORVENIR;29;UNIVERSIDAD DE LA MATANZA;35
2026;MINI;Fase Regular;Torneo Clasificacion;CLASIFICACION;OESTE;3C;8;10/05/2026;HURACAN DE SAN JUSTO A;16;MIDLAND;58
2026;MINI;Fase Regular;Torneo Clasificacion;CLASIFICACION;OESTE;3C;9;17/05/2026;SAN MIGUEL B;48;MIDLAND;29
2026;MINI;Fase Regular;Torneo Clasificacion;CLASIFICACION;OESTE;3C;9;17/05/2026;UNIVERSIDAD DE LA MATANZA;72;HURACAN DE SAN JUSTO A;23
2026;MINI;Fase Regular;Torneo Clasificacion;CLASIFICACION;OESTE;3C;9;17/05/2026;INSTITUCION SARMIENTO A;50;EL PORVENIR;36
2026;MINI;Fase Regular;Torneo Clasificacion;CLASIFICACION;OESTE;3C;10;24/05/2026;EL PORVENIR;31;DEFENSORES DE HURLINGHAM A;48
2026;MINI;Fase Regular;Torneo Clasificacion;CLASIFICACION;OESTE;3C;10;24/05/2026;HURACAN DE SAN JUSTO A;6;INSTITUCION SARMIENTO A;74
2026;MINI;Fase Regular;Torneo Clasificacion;CLASIFICACION;OESTE;3C;10;24/05/2026;MIDLAND;32;UNIVERSIDAD DE LA MATANZA;15
2026;MINI;Fase Regular;Torneo Clasificacion;CLASIFICACION;SUR;3C;1;15/03/2026;GIMNASIA Y ESGRIMA DE LA PLATA A;44;LANUS A;63
2026;MINI;Fase Regular;Torneo Clasificacion;CLASIFICACION;SUR;3C;1;15/03/2026;INDEPENDIENTE de BURZACO;75;TEMPERLEY;31
2026;MINI;Fase Regular;Torneo Clasificacion;CLASIFICACION;SUR;3C;1;15/03/2026;RACING CLUB;9;UNION VILLEGAS;46
2026;MINI;Fase Regular;Torneo Clasificacion;CLASIFICACION;SUR;3C;1;15/03/2026;CAÑUELAS FC;69;BOCA JUNIORS B;15
2026;MINI;Fase Regular;Torneo Clasificacion;CLASIFICACION;SUR;3C;2;22/03/2026;CAÑUELAS FC;57;GIMNASIA Y ESGRIMA DE LA PLATA A;41
2026;MINI;Fase Regular;Torneo Clasificacion;CLASIFICACION;SUR;3C;2;22/03/2026;BOCA JUNIORS B;43;RACING CLUB;3
2026;MINI;Fase Regular;Torneo Clasificacion;CLASIFICACION;SUR;3C;2;22/03/2026;UNION VILLEGAS;26;INDEPENDIENTE de BURZACO;104
2026;MINI;Fase Regular;Torneo Clasificacion;CLASIFICACION;SUR;3C;2;22/03/2026;TEMPERLEY;14;LANUS A;81
2026;MINI;Fase Regular;Torneo Clasificacion;CLASIFICACION;SUR;3C;3;29/03/2026;GIMNASIA Y ESGRIMA DE LA PLATA A;77;TEMPERLEY;33
2026;MINI;Fase Regular;Torneo Clasificacion;CLASIFICACION;SUR;3C;3;29/03/2026;LANUS A;120;UNION VILLEGAS;29
2026;MINI;Fase Regular;Torneo Clasificacion;CLASIFICACION;SUR;3C;3;29/03/2026;INDEPENDIENTE de BURZACO;92;BOCA JUNIORS B;31
2026;MINI;Fase Regular;Torneo Clasificacion;CLASIFICACION;SUR;3C;3;29/03/2026;RACING CLUB;3;CAÑUELAS FC;80
2026;MINI;Fase Regular;Torneo Clasificacion;CLASIFICACION;SUR;3C;4;12/04/2026;RACING CLUB;3;GIMNASIA Y ESGRIMA DE LA PLATA A;76
2026;MINI;Fase Regular;Torneo Clasificacion;CLASIFICACION;SUR;3C;4;12/04/2026;CAÑUELAS FC;61;INDEPENDIENTE de BURZACO;73
2026;MINI;Fase Regular;Torneo Clasificacion;CLASIFICACION;SUR;3C;4;12/04/2026;BOCA JUNIORS B;40;LANUS A;78
2026;MINI;Fase Regular;Torneo Clasificacion;CLASIFICACION;SUR;3C;4;12/04/2026;UNION VILLEGAS;26;TEMPERLEY;51
2026;MINI;Fase Regular;Torneo Clasificacion;CLASIFICACION;SUR;3C;5;19/04/2026;GIMNASIA Y ESGRIMA DE LA PLATA A;129;UNION VILLEGAS;26
2026;MINI;Fase Regular;Torneo Clasificacion;CLASIFICACION;SUR;3C;5;19/04/2026;TEMPERLEY;35;BOCA JUNIORS B;55
2026;MINI;Fase Regular;Torneo Clasificacion;CLASIFICACION;SUR;3C;5;19/04/2026;LANUS A;60;CAÑUELAS FC;62
2026;MINI;Fase Regular;Torneo Clasificacion;CLASIFICACION;SUR;3C;5;19/04/2026;INDEPENDIENTE de BURZACO;20;RACING CLUB;0
2026;MINI;Fase Regular;Torneo Clasificacion;CLASIFICACION;SUR;3C;6;26/04/2026;INDEPENDIENTE de BURZACO;83;GIMNASIA Y ESGRIMA DE LA PLATA A;54
2026;MINI;Fase Regular;Torneo Clasificacion;CLASIFICACION;SUR;3C;6;26/04/2026;RACING CLUB;2;LANUS A;141
2026;MINI;Fase Regular;Torneo Clasificacion;CLASIFICACION;SUR;3C;6;26/04/2026;CAÑUELAS FC;20;TEMPERLEY;0
2026;MINI;Fase Regular;Torneo Clasificacion;CLASIFICACION;SUR;3C;6;26/04/2026;BOCA JUNIORS B;79;UNION VILLEGAS;36
2026;MINI;Fase Regular;Torneo Clasificacion;CLASIFICACION;SUR;3C;7;03/05/2026;GIMNASIA Y ESGRIMA DE LA PLATA A;83;BOCA JUNIORS B;50
2026;MINI;Fase Regular;Torneo Clasificacion;CLASIFICACION;SUR;3C;7;03/05/2026;UNION VILLEGAS;27;CAÑUELAS FC;80
2026;MINI;Fase Regular;Torneo Clasificacion;CLASIFICACION;SUR;3C;7;03/05/2026;TEMPERLEY;20;RACING CLUB;0
2026;MINI;Fase Regular;Torneo Clasificacion;CLASIFICACION;SUR;3C;7;03/05/2026;LANUS A;72;INDEPENDIENTE de BURZACO;78
2026;MINI;Fase Regular;Torneo Clasificacion;CLASIFICACION;SUR;3C;8;10/05/2026;LANUS A;63;GIMNASIA Y ESGRIMA DE LA PLATA A;41
2026;MINI;Fase Regular;Torneo Clasificacion;CLASIFICACION;SUR;3C;8;10/05/2026;TEMPERLEY;46;INDEPENDIENTE de BURZACO;67
2026;MINI;Fase Regular;Torneo Clasificacion;CLASIFICACION;SUR;3C;8;10/05/2026;UNION VILLEGAS;74;RACING CLUB;21
2026;MINI;Fase Regular;Torneo Clasificacion;CLASIFICACION;SUR;3C;8;10/05/2026;BOCA JUNIORS B;16;CAÑUELAS FC;85
2026;MINI;Fase Regular;Torneo Clasificacion;CLASIFICACION;SUR;3C;9;17/05/2026;GIMNASIA Y ESGRIMA DE LA PLATA A;42;CAÑUELAS FC;65
2026;MINI;Fase Regular;Torneo Clasificacion;CLASIFICACION;SUR;3C;9;17/05/2026;RACING CLUB;9;BOCA JUNIORS B;70
2026;MINI;Fase Regular;Torneo Clasificacion;CLASIFICACION;SUR;3C;9;17/05/2026;INDEPENDIENTE de BURZACO;92;UNION VILLEGAS;19
2026;MINI;Fase Regular;Torneo Clasificacion;CLASIFICACION;SUR;3C;9;17/05/2026;LANUS A;117;TEMPERLEY;14
2026;MINI;Fase Regular;Torneo Clasificacion;CLASIFICACION;SUR;3C;10;24/05/2026;TEMPERLEY;31;GIMNASIA Y ESGRIMA DE LA PLATA A;76
2026;MINI;Fase Regular;Torneo Clasificacion;CLASIFICACION;SUR;3C;10;24/05/2026;UNION VILLEGAS;20;LANUS A;136
2026;MINI;Fase Regular;Torneo Clasificacion;CLASIFICACION;SUR;3C;10;24/05/2026;BOCA JUNIORS B;49;INDEPENDIENTE de BURZACO;78
2026;MINI;Fase Regular;Torneo Clasificacion;CLASIFICACION;SUR;3C;10;24/05/2026;CAÑUELAS FC;119;RACING CLUB;2
2026;PREMINI;Fase Regular;Torneo Reclasificatorio;RECLASIFICACION;CENTRO;2A;1;15/03/2026;JOSE HERNANDEZ B;0;RACING ANEXO;20
2026;PREMINI;Fase Regular;Torneo Reclasificatorio;RECLASIFICACION;CENTRO;2A;1;15/03/2026;PEDRO ECHAGUE B;2;ALDO BONZI;2
2026;PREMINI;Fase Regular;Torneo Reclasificatorio;RECLASIFICACION;CENTRO;2A;1;15/03/2026;NAUTICO BUCHARDO B;20;DEPORTIVO CROVARA B;3
2026;PREMINI;Fase Regular;Torneo Reclasificatorio;RECLASIFICACION;CENTRO;2A;1;15/03/2026;NUEVA CHICAGO;0;ITALIANO B;20
2026;PREMINI;Fase Regular;Torneo Reclasificatorio;RECLASIFICACION;CENTRO;2A;1;15/03/2026;JUVENCIA;0;IMPERIO B;0
2026;PREMINI;Fase Regular;Torneo Reclasificatorio;RECLASIFICACION;CENTRO;2A;2;22/03/2026;JUVENCIA;0;JOSE HERNANDEZ B;0
2026;PREMINI;Fase Regular;Torneo Reclasificatorio;RECLASIFICACION;CENTRO;2A;2;22/03/2026;IMPERIO B;20;NUEVA CHICAGO;0
2026;PREMINI;Fase Regular;Torneo Reclasificatorio;RECLASIFICACION;CENTRO;2A;2;22/03/2026;ITALIANO B;0;NAUTICO BUCHARDO B;0
2026;PREMINI;Fase Regular;Torneo Reclasificatorio;RECLASIFICACION;CENTRO;2A;2;22/03/2026;DEPORTIVO CROVARA B;12;PEDRO ECHAGUE B;16
2026;PREMINI;Fase Regular;Torneo Reclasificatorio;RECLASIFICACION;CENTRO;2A;2;22/03/2026;ALDO BONZI;10;RACING ANEXO;26
2026;PREMINI;Fase Regular;Torneo Reclasificatorio;RECLASIFICACION;CENTRO;2A;3;29/03/2026;JOSE HERNANDEZ B;6;ALDO BONZI;24
2026;PREMINI;Fase Regular;Torneo Reclasificatorio;RECLASIFICACION;CENTRO;2A;3;29/03/2026;RACING ANEXO;38;DEPORTIVO CROVARA B;6
2026;PREMINI;Fase Regular;Torneo Reclasificatorio;RECLASIFICACION;CENTRO;2A;3;29/03/2026;PEDRO ECHAGUE B;0;ITALIANO B;0
2026;PREMINI;Fase Regular;Torneo Reclasificatorio;RECLASIFICACION;CENTRO;2A;3;29/03/2026;NAUTICO BUCHARDO B;47;IMPERIO B;3
2026;PREMINI;Fase Regular;Torneo Reclasificatorio;RECLASIFICACION;CENTRO;2A;3;29/03/2026;NUEVA CHICAGO;0;JUVENCIA;20
2026;PREMINI;Fase Regular;Torneo Reclasificatorio;RECLASIFICACION;CENTRO;2A;4;12/04/2026;NUEVA CHICAGO;0;JOSE HERNANDEZ B;20
2026;PREMINI;Fase Regular;Torneo Reclasificatorio;RECLASIFICACION;CENTRO;2A;4;12/04/2026;JUVENCIA;0;NAUTICO BUCHARDO B;0
2026;PREMINI;Fase Regular;Torneo Reclasificatorio;RECLASIFICACION;CENTRO;2A;4;12/04/2026;IMPERIO B;18;PEDRO ECHAGUE B;10
2026;PREMINI;Fase Regular;Torneo Reclasificatorio;RECLASIFICACION;CENTRO;2A;4;12/04/2026;ITALIANO B;0;RACING ANEXO;0
2026;PREMINI;Fase Regular;Torneo Reclasificatorio;RECLASIFICACION;CENTRO;2A;4;12/04/2026;DEPORTIVO CROVARA B;20;ALDO BONZI;0
2026;PREMINI;Fase Regular;Torneo Reclasificatorio;RECLASIFICACION;CENTRO;2A;5;19/04/2026;JOSE HERNANDEZ B;0;DEPORTIVO CROVARA B;20
2026;PREMINI;Fase Regular;Torneo Reclasificatorio;RECLASIFICACION;CENTRO;2A;5;19/04/2026;ALDO BONZI;0;ITALIANO B;0
2026;PREMINI;Fase Regular;Torneo Reclasificatorio;RECLASIFICACION;CENTRO;2A;5;19/04/2026;RACING ANEXO;0;IMPERIO B;0
2026;PREMINI;Fase Regular;Torneo Reclasificatorio;RECLASIFICACION;CENTRO;2A;5;19/04/2026;PEDRO ECHAGUE B;0;JUVENCIA;0
2026;PREMINI;Fase Regular;Torneo Reclasificatorio;RECLASIFICACION;CENTRO;2A;5;19/04/2026;NAUTICO BUCHARDO B;20;NUEVA CHICAGO;0
2026;PREMINI;Fase Regular;Torneo Reclasificatorio;RECLASIFICACION;CENTRO;2A;6;26/04/2026;NAUTICO BUCHARDO B;0;JOSE HERNANDEZ B;20
2026;PREMINI;Fase Regular;Torneo Reclasificatorio;RECLASIFICACION;CENTRO;2A;6;26/04/2026;NUEVA CHICAGO;0;PEDRO ECHAGUE B;20
2026;PREMINI;Fase Regular;Torneo Reclasificatorio;RECLASIFICACION;CENTRO;2A;6;26/04/2026;JUVENCIA;0;RACING ANEXO;0
2026;PREMINI;Fase Regular;Torneo Reclasificatorio;RECLASIFICACION;CENTRO;2A;6;26/04/2026;IMPERIO B;0;ALDO BONZI;0
2026;PREMINI;Fase Regular;Torneo Reclasificatorio;RECLASIFICACION;CENTRO;2A;6;26/04/2026;ITALIANO B;14;DEPORTIVO CROVARA B;16
2026;PREMINI;Fase Regular;Torneo Reclasificatorio;RECLASIFICACION;CENTRO;2A;7;03/05/2026;JOSE HERNANDEZ B;0;ITALIANO B;0
2026;PREMINI;Fase Regular;Torneo Reclasificatorio;RECLASIFICACION;CENTRO;2A;7;03/05/2026;DEPORTIVO CROVARA B;22;IMPERIO B;20
2026;PREMINI;Fase Regular;Torneo Reclasificatorio;RECLASIFICACION;CENTRO;2A;7;03/05/2026;ALDO BONZI;0;JUVENCIA;0
2026;PREMINI;Fase Regular;Torneo Reclasificatorio;RECLASIFICACION;CENTRO;2A;7;03/05/2026;RACING ANEXO;20;NUEVA CHICAGO;0
2026;PREMINI;Fase Regular;Torneo Reclasificatorio;RECLASIFICACION;CENTRO;2A;7;03/05/2026;PEDRO ECHAGUE B;0;NAUTICO BUCHARDO B;10
2026;PREMINI;Fase Regular;Torneo Reclasificatorio;RECLASIFICACION;CENTRO;2A;8;10/05/2026;PEDRO ECHAGUE B;10;JOSE HERNANDEZ B;10
2026;PREMINI;Fase Regular;Torneo Reclasificatorio;RECLASIFICACION;CENTRO;2A;8;10/05/2026;NAUTICO BUCHARDO B;4;RACING ANEXO;16
2026;PREMINI;Fase Regular;Torneo Reclasificatorio;RECLASIFICACION;CENTRO;2A;8;10/05/2026;NUEVA CHICAGO;0;ALDO BONZI;20
2026;PREMINI;Fase Regular;Torneo Reclasificatorio;RECLASIFICACION;CENTRO;2A;8;10/05/2026;JUVENCIA;0;DEPORTIVO CROVARA B;0
2026;PREMINI;Fase Regular;Torneo Reclasificatorio;RECLASIFICACION;CENTRO;2A;8;10/05/2026;IMPERIO B;14;ITALIANO B;26
2026;PREMINI;Fase Regular;Torneo Reclasificatorio;RECLASIFICACION;CENTRO;2A;9;17/05/2026;JOSE HERNANDEZ B;14;IMPERIO B;22
2026;PREMINI;Fase Regular;Torneo Reclasificatorio;RECLASIFICACION;CENTRO;2A;9;17/05/2026;ITALIANO B;0;JUVENCIA;0
2026;PREMINI;Fase Regular;Torneo Reclasificatorio;RECLASIFICACION;CENTRO;2A;9;17/05/2026;DEPORTIVO CROVARA B;20;NUEVA CHICAGO;0
2026;PREMINI;Fase Regular;Torneo Reclasificatorio;RECLASIFICACION;CENTRO;2A;9;17/05/2026;ALDO BONZI;8;NAUTICO BUCHARDO B;14
2026;PREMINI;Fase Regular;Torneo Reclasificatorio;RECLASIFICACION;CENTRO;2A;9;17/05/2026;RACING ANEXO;26;PEDRO ECHAGUE B;4
2026;PREMINI;Fase Regular;Torneo Reclasificatorio;RECLASIFICACION;CENTRO;2A;10;24/05/2026;RACING ANEXO;40;JOSE HERNANDEZ B;8
2026;PREMINI;Fase Regular;Torneo Reclasificatorio;RECLASIFICACION;CENTRO;2A;10;24/05/2026;ALDO BONZI;21;PEDRO ECHAGUE B;10
2026;PREMINI;Fase Regular;Torneo Reclasificatorio;RECLASIFICACION;CENTRO;2A;10;24/05/2026;DEPORTIVO CROVARA B;0;NAUTICO BUCHARDO B;0
2026;PREMINI;Fase Regular;Torneo Reclasificatorio;RECLASIFICACION;CENTRO;2A;10;24/05/2026;ITALIANO B;20;NUEVA CHICAGO;0
2026;PREMINI;Fase Regular;Torneo Reclasificatorio;RECLASIFICACION;CENTRO;2A;10;24/05/2026;IMPERIO B;0;JUVENCIA;0
2026;PREMINI;Fase Regular;Torneo Reclasificatorio;RECLASIFICACION;CENTRO;2A;11;31/05/2026;NUEVA CHICAGO;0;IMPERIO B;20
2026;PREMINI;Fase Regular;Torneo Reclasificatorio;RECLASIFICACION;CENTRO;2A;12;07/06/2026;JUVENCIA;20;NUEVA CHICAGO;0
2026;PREMINI;Fase Regular;Torneo Reclasificatorio;RECLASIFICACION;CENTRO;2A;13;14/06/2026;JOSE HERNANDEZ B;20;NUEVA CHICAGO;0
2026;PREMINI;Fase Regular;Torneo Reclasificatorio;RECLASIFICACION;CENTRO;2A;14;21/06/2026;NUEVA CHICAGO;0;NAUTICO BUCHARDO B;20
2026;PREMINI;Fase Regular;Torneo Reclasificatorio;RECLASIFICACION;CENTRO;2A;15;28/06/2026;PEDRO ECHAGUE B;20;NUEVA CHICAGO;0
2026;PREMINI;Fase Regular;Torneo Reclasificatorio;RECLASIFICACION;CENTRO;2A;16;05/07/2026;NUEVA CHICAGO;0;RACING ANEXO;20
2026;PREMINI;Fase Regular;Torneo Reclasificatorio;RECLASIFICACION;CENTRO;2A;17;12/07/2026;ALDO BONZI;20;NUEVA CHICAGO;0
2026;PREMINI;Fase Regular;Torneo Reclasificatorio;RECLASIFICACION;CENTRO;2A;18;19/07/2026;NUEVA CHICAGO;0;DEPORTIVO CROVARA B;20
2026;PREMINI;Fase Regular;Torneo Reclasificatorio;RECLASIFICACION;CENTRO;2B;1;15/03/2026;ALL BOYS B;0;ALL BOYS DE SAAVEDRA;20
2026;PREMINI;Fase Regular;Torneo Reclasificatorio;RECLASIFICACION;CENTRO;2B;1;15/03/2026;SAN LORENZO B;0;CIRCULO URQUIZA A;20
2026;PREMINI;Fase Regular;Torneo Reclasificatorio;RECLASIFICACION;CENTRO;2B;1;15/03/2026;DEPORTIVO SAN ANDRES;0;CLUB ATLETICO HURACAN DE PARQUE PATRICIOS;0
2026;PREMINI;Fase Regular;Torneo Reclasificatorio;RECLASIFICACION;CENTRO;2B;1;15/03/2026;GEBA;0;MACABI;0
2026;PREMINI;Fase Regular;Torneo Reclasificatorio;RECLASIFICACION;CENTRO;2B;1;15/03/2026;ARGENTINOS JUNIORS;0;COMUNICACIONES B;20
2026;PREMINI;Fase Regular;Torneo Reclasificatorio;RECLASIFICACION;CENTRO;2B;2;22/03/2026;ARGENTINOS JUNIORS;0;ALL BOYS B;20
2026;PREMINI;Fase Regular;Torneo Reclasificatorio;RECLASIFICACION;CENTRO;2B;2;22/03/2026;COMUNICACIONES B;0;GEBA;0
2026;PREMINI;Fase Regular;Torneo Reclasificatorio;RECLASIFICACION;CENTRO;2B;2;22/03/2026;MACABI;0;DEPORTIVO SAN ANDRES;0
2026;PREMINI;Fase Regular;Torneo Reclasificatorio;RECLASIFICACION;CENTRO;2B;2;22/03/2026;CLUB ATLETICO HURACAN DE PARQUE PATRICIOS;20;SAN LORENZO B;0
2026;PREMINI;Fase Regular;Torneo Reclasificatorio;RECLASIFICACION;CENTRO;2B;2;22/03/2026;CIRCULO URQUIZA A;52;ALL BOYS DE SAAVEDRA;2
2026;PREMINI;Fase Regular;Torneo Reclasificatorio;RECLASIFICACION;CENTRO;2B;3;29/03/2026;ALL BOYS B;0;CIRCULO URQUIZA A;20
2026;PREMINI;Fase Regular;Torneo Reclasificatorio;RECLASIFICACION;CENTRO;2B;3;29/03/2026;ALL BOYS DE SAAVEDRA;2;CLUB ATLETICO HURACAN DE PARQUE PATRICIOS;36
2026;PREMINI;Fase Regular;Torneo Reclasificatorio;RECLASIFICACION;CENTRO;2B;3;29/03/2026;SAN LORENZO B;0;MACABI;20
2026;PREMINI;Fase Regular;Torneo Reclasificatorio;RECLASIFICACION;CENTRO;2B;3;29/03/2026;DEPORTIVO SAN ANDRES;0;COMUNICACIONES B;0
2026;PREMINI;Fase Regular;Torneo Reclasificatorio;RECLASIFICACION;CENTRO;2B;3;29/03/2026;GEBA;20;ARGENTINOS JUNIORS;0
2026;PREMINI;Fase Regular;Torneo Reclasificatorio;RECLASIFICACION;CENTRO;2B;4;12/04/2026;GEBA;20;ALL BOYS B;0
2026;PREMINI;Fase Regular;Torneo Reclasificatorio;RECLASIFICACION;CENTRO;2B;4;12/04/2026;ARGENTINOS JUNIORS;0;DEPORTIVO SAN ANDRES;20
2026;PREMINI;Fase Regular;Torneo Reclasificatorio;RECLASIFICACION;CENTRO;2B;4;12/04/2026;COMUNICACIONES B;20;SAN LORENZO B;0
2026;PREMINI;Fase Regular;Torneo Reclasificatorio;RECLASIFICACION;CENTRO;2B;4;12/04/2026;MACABI;24;ALL BOYS DE SAAVEDRA;8
2026;PREMINI;Fase Regular;Torneo Reclasificatorio;RECLASIFICACION;CENTRO;2B;4;12/04/2026;CLUB ATLETICO HURACAN DE PARQUE PATRICIOS;0;CIRCULO URQUIZA A;0
2026;PREMINI;Fase Regular;Torneo Reclasificatorio;RECLASIFICACION;CENTRO;2B;5;19/04/2026;ALL BOYS B;0;CLUB ATLETICO HURACAN DE PARQUE PATRICIOS;20
2026;PREMINI;Fase Regular;Torneo Reclasificatorio;RECLASIFICACION;CENTRO;2B;5;19/04/2026;CIRCULO URQUIZA A;0;MACABI;0
2026;PREMINI;Fase Regular;Torneo Reclasificatorio;RECLASIFICACION;CENTRO;2B;5;19/04/2026;ALL BOYS DE SAAVEDRA;0;COMUNICACIONES B;0
2026;PREMINI;Fase Regular;Torneo Reclasificatorio;RECLASIFICACION;CENTRO;2B;5;19/04/2026;SAN LORENZO B;1;ARGENTINOS JUNIORS;0
2026;PREMINI;Fase Regular;Torneo Reclasificatorio;RECLASIFICACION;CENTRO;2B;5;19/04/2026;DEPORTIVO SAN ANDRES;0;GEBA;0
2026;PREMINI;Fase Regular;Torneo Reclasificatorio;RECLASIFICACION;CENTRO;2B;6;26/04/2026;DEPORTIVO SAN ANDRES;0;ALL BOYS B;0
2026;PREMINI;Fase Regular;Torneo Reclasificatorio;RECLASIFICACION;CENTRO;2B;6;26/04/2026;GEBA;20;SAN LORENZO B;0
2026;PREMINI;Fase Regular;Torneo Reclasificatorio;RECLASIFICACION;CENTRO;2B;6;26/04/2026;ARGENTINOS JUNIORS;0;ALL BOYS DE SAAVEDRA;20
2026;PREMINI;Fase Regular;Torneo Reclasificatorio;RECLASIFICACION;CENTRO;2B;6;26/04/2026;COMUNICACIONES B;0;CIRCULO URQUIZA A;0
2026;PREMINI;Fase Regular;Torneo Reclasificatorio;RECLASIFICACION;CENTRO;2B;6;26/04/2026;MACABI;0;CLUB ATLETICO HURACAN DE PARQUE PATRICIOS;0
2026;PREMINI;Fase Regular;Torneo Reclasificatorio;RECLASIFICACION;CENTRO;2B;7;03/05/2026;CLUB ATLETICO HURACAN DE PARQUE PATRICIOS;0;COMUNICACIONES B;0
2026;PREMINI;Fase Regular;Torneo Reclasificatorio;RECLASIFICACION;CENTRO;2B;7;03/05/2026;CIRCULO URQUIZA A;20;ARGENTINOS JUNIORS;0
2026;PREMINI;Fase Regular;Torneo Reclasificatorio;RECLASIFICACION;CENTRO;2B;7;03/05/2026;ALL BOYS DE SAAVEDRA;0;GEBA;0
2026;PREMINI;Fase Regular;Torneo Reclasificatorio;RECLASIFICACION;CENTRO;2B;7;03/05/2026;SAN LORENZO B;0;DEPORTIVO SAN ANDRES;20
2026;PREMINI;Fase Regular;Torneo Reclasificatorio;RECLASIFICACION;CENTRO;2B;8;10/05/2026;SAN LORENZO B;0;ALL BOYS B;20
2026;PREMINI;Fase Regular;Torneo Reclasificatorio;RECLASIFICACION;CENTRO;2B;8;10/05/2026;DEPORTIVO SAN ANDRES;18;ALL BOYS DE SAAVEDRA;34
2026;PREMINI;Fase Regular;Torneo Reclasificatorio;RECLASIFICACION;CENTRO;2B;8;10/05/2026;GEBA;15;CIRCULO URQUIZA A;35
2026;PREMINI;Fase Regular;Torneo Reclasificatorio;RECLASIFICACION;CENTRO;2B;8;10/05/2026;ARGENTINOS JUNIORS;0;CLUB ATLETICO HURACAN DE PARQUE PATRICIOS;20
2026;PREMINI;Fase Regular;Torneo Reclasificatorio;RECLASIFICACION;CENTRO;2B;8;10/05/2026;COMUNICACIONES B;0;MACABI;0
2026;PREMINI;Fase Regular;Torneo Reclasificatorio;RECLASIFICACION;CENTRO;2B;9;17/05/2026;ALL BOYS B;32;COMUNICACIONES B;8
2026;PREMINI;Fase Regular;Torneo Reclasificatorio;RECLASIFICACION;CENTRO;2B;9;17/05/2026;MACABI;20;ARGENTINOS JUNIORS;0
2026;PREMINI;Fase Regular;Torneo Reclasificatorio;RECLASIFICACION;CENTRO;2B;9;17/05/2026;CLUB ATLETICO HURACAN DE PARQUE PATRICIOS;10;GEBA;14
2026;PREMINI;Fase Regular;Torneo Reclasificatorio;RECLASIFICACION;CENTRO;2B;9;17/05/2026;CIRCULO URQUIZA A;40;DEPORTIVO SAN ANDRES;2
2026;PREMINI;Fase Regular;Torneo Reclasificatorio;RECLASIFICACION;CENTRO;2B;9;17/05/2026;ALL BOYS DE SAAVEDRA;20;SAN LORENZO B;0
2026;PREMINI;Fase Regular;Torneo Reclasificatorio;RECLASIFICACION;CENTRO;2B;10;24/05/2026;ALL BOYS DE SAAVEDRA;30;ALL BOYS B;16
2026;PREMINI;Fase Regular;Torneo Reclasificatorio;RECLASIFICACION;CENTRO;2B;10;24/05/2026;CIRCULO URQUIZA A;20;SAN LORENZO B;0
2026;PREMINI;Fase Regular;Torneo Reclasificatorio;RECLASIFICACION;CENTRO;2B;10;24/05/2026;CLUB ATLETICO HURACAN DE PARQUE PATRICIOS;26;DEPORTIVO SAN ANDRES;10
2026;PREMINI;Fase Regular;Torneo Reclasificatorio;RECLASIFICACION;CENTRO;2B;10;24/05/2026;MACABI;0;GEBA;0
2026;PREMINI;Fase Regular;Torneo Reclasificatorio;RECLASIFICACION;CENTRO;2B;10;24/05/2026;COMUNICACIONES B;20;ARGENTINOS JUNIORS;0
2026;PREMINI;Fase Regular;Torneo Reclasificatorio;RECLASIFICACION;CENTRO;2B;11;31/05/2026;ALL BOYS B;20;ARGENTINOS JUNIORS;0
2026;PREMINI;Fase Regular;Torneo Reclasificatorio;RECLASIFICACION;CENTRO;2B;11;31/05/2026;SAN LORENZO B;0;CLUB ATLETICO HURACAN DE PARQUE PATRICIOS;20
2026;PREMINI;Fase Regular;Torneo Reclasificatorio;RECLASIFICACION;CENTRO;2B;12;07/06/2026;MACABI;20;SAN LORENZO B;0
2026;PREMINI;Fase Regular;Torneo Reclasificatorio;RECLASIFICACION;CENTRO;2B;12;07/06/2026;ARGENTINOS JUNIORS;0;GEBA;20
2026;PREMINI;Fase Regular;Torneo Reclasificatorio;RECLASIFICACION;CENTRO;2B;13;14/06/2026;DEPORTIVO SAN ANDRES;20;ARGENTINOS JUNIORS;0
2026;PREMINI;Fase Regular;Torneo Reclasificatorio;RECLASIFICACION;CENTRO;2B;13;14/06/2026;SAN LORENZO B;0;COMUNICACIONES B;20
2026;PREMINI;Fase Regular;Torneo Reclasificatorio;RECLASIFICACION;CENTRO;2B;14;21/06/2026;ARGENTINOS JUNIORS;1;SAN LORENZO B;0
2026;PREMINI;Fase Regular;Torneo Reclasificatorio;RECLASIFICACION;CENTRO;2B;15;28/06/2026;SAN LORENZO B;0;GEBA;20
2026;PREMINI;Fase Regular;Torneo Reclasificatorio;RECLASIFICACION;CENTRO;2B;15;28/06/2026;ALL BOYS DE SAAVEDRA;20;ARGENTINOS JUNIORS;0
2026;PREMINI;Fase Regular;Torneo Reclasificatorio;RECLASIFICACION;CENTRO;2B;16;05/07/2026;ARGENTINOS JUNIORS;0;CIRCULO URQUIZA A;20
2026;PREMINI;Fase Regular;Torneo Reclasificatorio;RECLASIFICACION;CENTRO;2B;16;05/07/2026;DEPORTIVO SAN ANDRES;20;SAN LORENZO B;0
2026;PREMINI;Fase Regular;Torneo Reclasificatorio;RECLASIFICACION;CENTRO;2B;17;12/07/2026;ALL BOYS B;20;SAN LORENZO B;0
2026;PREMINI;Fase Regular;Torneo Reclasificatorio;RECLASIFICACION;CENTRO;2B;17;12/07/2026;CLUB ATLETICO HURACAN DE PARQUE PATRICIOS;20;ARGENTINOS JUNIORS;0
2026;PREMINI;Fase Regular;Torneo Reclasificatorio;RECLASIFICACION;CENTRO;2B;18;19/07/2026;ARGENTINOS JUNIORS;0;MACABI;20
2026;PREMINI;Fase Regular;Torneo Reclasificatorio;RECLASIFICACION;CENTRO;2B;18;19/07/2026;SAN LORENZO B;0;ALL BOYS DE SAAVEDRA;20
2026;PREMINI;Fase Regular;Torneo Reclasificatorio;RECLASIFICACION;NORTE;2A;1;15/03/2026;HEBRAICA;6;LAS HERAS A;26
2026;PREMINI;Fase Regular;Torneo Reclasificatorio;RECLASIFICACION;NORTE;2A;1;15/03/2026;CIUDAD DE BUENOS AIRES B;4;17 DE AGOSTO;14
2026;PREMINI;Fase Regular;Torneo Reclasificatorio;RECLASIFICACION;NORTE;2A;1;15/03/2026;NAUTICO HACOAJ B;20;HARRODS GATH Y CHAVES;18
2026;PREMINI;Fase Regular;Torneo Reclasificatorio;RECLASIFICACION;NORTE;2A;2;22/03/2026;NAUTICO HACOAJ B;50;HEBRAICA;4
2026;PREMINI;Fase Regular;Torneo Reclasificatorio;RECLASIFICACION;NORTE;2A;2;22/03/2026;HARRODS GATH Y CHAVES;0;COLEGIALES B;0
2026;PREMINI;Fase Regular;Torneo Reclasificatorio;RECLASIFICACION;NORTE;2A;2;22/03/2026;PINOCHO C;4;CIUDAD DE BUENOS AIRES B;16
2026;PREMINI;Fase Regular;Torneo Reclasificatorio;RECLASIFICACION;NORTE;2A;2;22/03/2026;17 DE AGOSTO;22;LAS HERAS A;4
2026;PREMINI;Fase Regular;Torneo Reclasificatorio;RECLASIFICACION;NORTE;2A;3;29/03/2026;HEBRAICA;12;17 DE AGOSTO;16
2026;PREMINI;Fase Regular;Torneo Reclasificatorio;RECLASIFICACION;NORTE;2A;3;29/03/2026;LAS HERAS A;20;PINOCHO C;0
2026;PREMINI;Fase Regular;Torneo Reclasificatorio;RECLASIFICACION;NORTE;2A;3;29/03/2026;CIUDAD DE BUENOS AIRES B;2;HARRODS GATH Y CHAVES;32
2026;PREMINI;Fase Regular;Torneo Reclasificatorio;RECLASIFICACION;NORTE;2A;3;29/03/2026;COLEGIALES B;14;NAUTICO HACOAJ B;32
2026;PREMINI;Fase Regular;Torneo Reclasificatorio;RECLASIFICACION;NORTE;2A;4;12/04/2026;COLEGIALES B;0;HEBRAICA;0
2026;PREMINI;Fase Regular;Torneo Reclasificatorio;RECLASIFICACION;NORTE;2A;4;12/04/2026;NAUTICO HACOAJ B;20;CIUDAD DE BUENOS AIRES B;0
2026;PREMINI;Fase Regular;Torneo Reclasificatorio;RECLASIFICACION;NORTE;2A;4;12/04/2026;HARRODS GATH Y CHAVES;20;LAS HERAS A;0
2026;PREMINI;Fase Regular;Torneo Reclasificatorio;RECLASIFICACION;NORTE;2A;4;12/04/2026;PINOCHO C;0;17 DE AGOSTO;0
2026;PREMINI;Fase Regular;Torneo Reclasificatorio;RECLASIFICACION;NORTE;2A;5;19/04/2026;HEBRAICA;0;PINOCHO C;0
2026;PREMINI;Fase Regular;Torneo Reclasificatorio;RECLASIFICACION;NORTE;2A;5;19/04/2026;17 DE AGOSTO;0;HARRODS GATH Y CHAVES;20
2026;PREMINI;Fase Regular;Torneo Reclasificatorio;RECLASIFICACION;NORTE;2A;5;19/04/2026;LAS HERAS A;0;NAUTICO HACOAJ B;20
2026;PREMINI;Fase Regular;Torneo Reclasificatorio;RECLASIFICACION;NORTE;2A;5;19/04/2026;CIUDAD DE BUENOS AIRES B;0;COLEGIALES B;0
2026;PREMINI;Fase Regular;Torneo Reclasificatorio;RECLASIFICACION;NORTE;2A;6;26/04/2026;CIUDAD DE BUENOS AIRES B;0;HEBRAICA;0
2026;PREMINI;Fase Regular;Torneo Reclasificatorio;RECLASIFICACION;NORTE;2A;6;26/04/2026;COLEGIALES B;0;LAS HERAS A;0
2026;PREMINI;Fase Regular;Torneo Reclasificatorio;RECLASIFICACION;NORTE;2A;6;26/04/2026;NAUTICO HACOAJ B;20;17 DE AGOSTO;0
2026;PREMINI;Fase Regular;Torneo Reclasificatorio;RECLASIFICACION;NORTE;2A;6;26/04/2026;HARRODS GATH Y CHAVES;20;PINOCHO C;0
2026;PREMINI;Fase Regular;Torneo Reclasificatorio;RECLASIFICACION;NORTE;2A;7;03/05/2026;HEBRAICA;0;HARRODS GATH Y CHAVES;0
2026;PREMINI;Fase Regular;Torneo Reclasificatorio;RECLASIFICACION;NORTE;2A;7;03/05/2026;PINOCHO C;0;NAUTICO HACOAJ B;0
2026;PREMINI;Fase Regular;Torneo Reclasificatorio;RECLASIFICACION;NORTE;2A;7;03/05/2026;17 DE AGOSTO;0;COLEGIALES B;0
2026;PREMINI;Fase Regular;Torneo Reclasificatorio;RECLASIFICACION;NORTE;2A;7;03/05/2026;LAS HERAS A;0;CIUDAD DE BUENOS AIRES B;0
2026;PREMINI;Fase Regular;Torneo Reclasificatorio;RECLASIFICACION;NORTE;2A;8;10/05/2026;LAS HERAS A;0;HEBRAICA;0
2026;PREMINI;Fase Regular;Torneo Reclasificatorio;RECLASIFICACION;NORTE;2A;8;10/05/2026;17 DE AGOSTO;14;CIUDAD DE BUENOS AIRES B;4
2026;PREMINI;Fase Regular;Torneo Reclasificatorio;RECLASIFICACION;NORTE;2A;8;10/05/2026;PINOCHO C;10;COLEGIALES B;24
2026;PREMINI;Fase Regular;Torneo Reclasificatorio;RECLASIFICACION;NORTE;2A;8;10/05/2026;HARRODS GATH Y CHAVES;18;NAUTICO HACOAJ B;32
2026;PREMINI;Fase Regular;Torneo Reclasificatorio;RECLASIFICACION;NORTE;2A;9;17/05/2026;HEBRAICA;0;NAUTICO HACOAJ B;0
2026;PREMINI;Fase Regular;Torneo Reclasificatorio;RECLASIFICACION;NORTE;2A;9;17/05/2026;COLEGIALES B;14;HARRODS GATH Y CHAVES;18
2026;PREMINI;Fase Regular;Torneo Reclasificatorio;RECLASIFICACION;NORTE;2A;9;17/05/2026;CIUDAD DE BUENOS AIRES B;22;PINOCHO C;18
2026;PREMINI;Fase Regular;Torneo Reclasificatorio;RECLASIFICACION;NORTE;2A;9;17/05/2026;LAS HERAS A;13;17 DE AGOSTO;14
2026;PREMINI;Fase Regular;Torneo Reclasificatorio;RECLASIFICACION;NORTE;2A;10;24/05/2026;17 DE AGOSTO;26;HEBRAICA;6
2026;PREMINI;Fase Regular;Torneo Reclasificatorio;RECLASIFICACION;NORTE;2A;10;24/05/2026;PINOCHO C;7;LAS HERAS A;58
2026;PREMINI;Fase Regular;Torneo Reclasificatorio;RECLASIFICACION;NORTE;2A;10;24/05/2026;HARRODS GATH Y CHAVES;32;CIUDAD DE BUENOS AIRES B;4
2026;PREMINI;Fase Regular;Torneo Reclasificatorio;RECLASIFICACION;NORTE;2A;10;24/05/2026;NAUTICO HACOAJ B;34;COLEGIALES B;8
2026;PREMINI;Fase Regular;Torneo Reclasificatorio;RECLASIFICACION;NORTE;2B;1;15/03/2026;BANCO PROVINCIA A;32;COOPERATIVA TORTUGUITAS;4
2026;PREMINI;Fase Regular;Torneo Reclasificatorio;RECLASIFICACION;NORTE;2B;1;15/03/2026;SOCIAL BECCAR B;0;SPORTIVO PILAR B;0
2026;PREMINI;Fase Regular;Torneo Reclasificatorio;RECLASIFICACION;NORTE;2B;1;15/03/2026;CLUB ATENEO INGENIERO RAVER;18;VICTORIA B;26
2026;PREMINI;Fase Regular;Torneo Reclasificatorio;RECLASIFICACION;NORTE;2B;1;15/03/2026;INDEPENDIENTE DE ESCOBAR;0;BANCO NACION A;0
2026;PREMINI;Fase Regular;Torneo Reclasificatorio;RECLASIFICACION;NORTE;2B;2;22/03/2026;INDEPENDIENTE DE ESCOBAR;0;CLUB SOCIAL Y DEPORTIVO ARENAL;0
2026;PREMINI;Fase Regular;Torneo Reclasificatorio;RECLASIFICACION;NORTE;2B;2;22/03/2026;BANCO NACION A;20;CLUB ATENEO INGENIERO RAVER;0
2026;PREMINI;Fase Regular;Torneo Reclasificatorio;RECLASIFICACION;NORTE;2B;2;22/03/2026;VICTORIA B;0;SOCIAL BECCAR B;0
2026;PREMINI;Fase Regular;Torneo Reclasificatorio;RECLASIFICACION;NORTE;2B;2;22/03/2026;SPORTIVO PILAR B;10;BANCO PROVINCIA A;28
2026;PREMINI;Fase Regular;Torneo Reclasificatorio;RECLASIFICACION;NORTE;2B;3;29/03/2026;CLUB SOCIAL Y DEPORTIVO ARENAL;20;COOPERATIVA TORTUGUITAS;0
2026;PREMINI;Fase Regular;Torneo Reclasificatorio;RECLASIFICACION;NORTE;2B;3;29/03/2026;BANCO PROVINCIA A;36;VICTORIA B;12
2026;PREMINI;Fase Regular;Torneo Reclasificatorio;RECLASIFICACION;NORTE;2B;3;29/03/2026;SOCIAL BECCAR B;0;BANCO NACION A;0
2026;PREMINI;Fase Regular;Torneo Reclasificatorio;RECLASIFICACION;NORTE;2B;3;29/03/2026;CLUB ATENEO INGENIERO RAVER;0;INDEPENDIENTE DE ESCOBAR;0
2026;PREMINI;Fase Regular;Torneo Reclasificatorio;RECLASIFICACION;NORTE;2B;4;12/04/2026;CLUB ATENEO INGENIERO RAVER;0;CLUB SOCIAL Y DEPORTIVO ARENAL;0
2026;PREMINI;Fase Regular;Torneo Reclasificatorio;RECLASIFICACION;NORTE;2B;4;12/04/2026;INDEPENDIENTE DE ESCOBAR;0;SOCIAL BECCAR B;0
2026;PREMINI;Fase Regular;Torneo Reclasificatorio;RECLASIFICACION;NORTE;2B;4;12/04/2026;BANCO NACION A;0;BANCO PROVINCIA A;20
2026;PREMINI;Fase Regular;Torneo Reclasificatorio;RECLASIFICACION;NORTE;2B;4;12/04/2026;SPORTIVO PILAR B;0;COOPERATIVA TORTUGUITAS;0
2026;PREMINI;Fase Regular;Torneo Reclasificatorio;RECLASIFICACION;NORTE;2B;5;19/04/2026;CLUB SOCIAL Y DEPORTIVO ARENAL;0;SPORTIVO PILAR B;0
2026;PREMINI;Fase Regular;Torneo Reclasificatorio;RECLASIFICACION;NORTE;2B;5;19/04/2026;COOPERATIVA TORTUGUITAS;20;VICTORIA B;0
2026;PREMINI;Fase Regular;Torneo Reclasificatorio;RECLASIFICACION;NORTE;2B;5;19/04/2026;BANCO PROVINCIA A;20;INDEPENDIENTE DE ESCOBAR;0
2026;PREMINI;Fase Regular;Torneo Reclasificatorio;RECLASIFICACION;NORTE;2B;5;19/04/2026;SOCIAL BECCAR B;0;CLUB ATENEO INGENIERO RAVER;0
2026;PREMINI;Fase Regular;Torneo Reclasificatorio;RECLASIFICACION;NORTE;2B;6;26/04/2026;SOCIAL BECCAR B;0;CLUB SOCIAL Y DEPORTIVO ARENAL;0
2026;PREMINI;Fase Regular;Torneo Reclasificatorio;RECLASIFICACION;NORTE;2B;6;26/04/2026;CLUB ATENEO INGENIERO RAVER;0;BANCO PROVINCIA A;0
2026;PREMINI;Fase Regular;Torneo Reclasificatorio;RECLASIFICACION;NORTE;2B;6;26/04/2026;BANCO NACION A;0;COOPERATIVA TORTUGUITAS;0
2026;PREMINI;Fase Regular;Torneo Reclasificatorio;RECLASIFICACION;NORTE;2B;6;26/04/2026;VICTORIA B;20;SPORTIVO PILAR B;0
2026;PREMINI;Fase Regular;Torneo Reclasificatorio;RECLASIFICACION;NORTE;2B;7;03/05/2026;CLUB SOCIAL Y DEPORTIVO ARENAL;20;VICTORIA B;0
2026;PREMINI;Fase Regular;Torneo Reclasificatorio;RECLASIFICACION;NORTE;2B;7;03/05/2026;SPORTIVO PILAR B;0;BANCO NACION A;0
2026;PREMINI;Fase Regular;Torneo Reclasificatorio;RECLASIFICACION;NORTE;2B;7;03/05/2026;COOPERATIVA TORTUGUITAS;20;INDEPENDIENTE DE ESCOBAR;0
2026;PREMINI;Fase Regular;Torneo Reclasificatorio;RECLASIFICACION;NORTE;2B;7;03/05/2026;BANCO PROVINCIA A;0;SOCIAL BECCAR B;0
2026;PREMINI;Fase Regular;Torneo Reclasificatorio;RECLASIFICACION;NORTE;2B;8;10/05/2026;BANCO PROVINCIA A;16;CLUB SOCIAL Y DEPORTIVO ARENAL;26
2026;PREMINI;Fase Regular;Torneo Reclasificatorio;RECLASIFICACION;NORTE;2B;8;10/05/2026;CLUB ATENEO INGENIERO RAVER;25;COOPERATIVA TORTUGUITAS;18
2026;PREMINI;Fase Regular;Torneo Reclasificatorio;RECLASIFICACION;NORTE;2B;8;10/05/2026;INDEPENDIENTE DE ESCOBAR;0;SPORTIVO PILAR B;0
2026;PREMINI;Fase Regular;Torneo Reclasificatorio;RECLASIFICACION;NORTE;2B;8;10/05/2026;BANCO NACION A;68;VICTORIA B;3
2026;PREMINI;Fase Regular;Torneo Reclasificatorio;RECLASIFICACION;NORTE;2B;9;17/05/2026;CLUB SOCIAL Y DEPORTIVO ARENAL;19;BANCO NACION A;42
2026;PREMINI;Fase Regular;Torneo Reclasificatorio;RECLASIFICACION;NORTE;2B;9;17/05/2026;VICTORIA B;0;INDEPENDIENTE DE ESCOBAR;0
2026;PREMINI;Fase Regular;Torneo Reclasificatorio;RECLASIFICACION;NORTE;2B;9;17/05/2026;SPORTIVO PILAR B;8;CLUB ATENEO INGENIERO RAVER;40
2026;PREMINI;Fase Regular;Torneo Reclasificatorio;RECLASIFICACION;NORTE;2B;9;17/05/2026;COOPERATIVA TORTUGUITAS;0;SOCIAL BECCAR B;0
2026;PREMINI;Fase Regular;Torneo Reclasificatorio;RECLASIFICACION;NORTE;2B;10;24/05/2026;COOPERATIVA TORTUGUITAS;10;BANCO PROVINCIA A;44
2026;PREMINI;Fase Regular;Torneo Reclasificatorio;RECLASIFICACION;NORTE;2B;10;24/05/2026;SPORTIVO PILAR B;0;SOCIAL BECCAR B;0
2026;PREMINI;Fase Regular;Torneo Reclasificatorio;RECLASIFICACION;NORTE;2B;10;24/05/2026;VICTORIA B;6;CLUB ATENEO INGENIERO RAVER;20
2026;PREMINI;Fase Regular;Torneo Reclasificatorio;RECLASIFICACION;NORTE;2B;10;24/05/2026;BANCO NACION A;0;INDEPENDIENTE DE ESCOBAR;0
2026;PREMINI;Fase Regular;Torneo Reclasificatorio;RECLASIFICACION;NORTE;3C;1;15/03/2026;BANCO NACION B;20;CLUB TRES DE FEBRERO C;0
2026;PREMINI;Fase Regular;Torneo Reclasificatorio;RECLASIFICACION;NORTE;3C;1;15/03/2026;VICTORIA A;20;SAN FERNANDO B;0
2026;PREMINI;Fase Regular;Torneo Reclasificatorio;RECLASIFICACION;NORTE;3C;1;15/03/2026;UNIVERSIDAD DE BUENOS AIRES;0;PLATENSE B;1
2026;PREMINI;Fase Regular;Torneo Reclasificatorio;RECLASIFICACION;NORTE;3C;1;15/03/2026;ATLETICO BOULOGNE A;0;NAUTICO BUCHARDO A;32
2026;PREMINI;Fase Regular;Torneo Reclasificatorio;RECLASIFICACION;NORTE;3C;2;22/03/2026;ATLETICO BOULOGNE A;0;BANCO NACION B;0
2026;PREMINI;Fase Regular;Torneo Reclasificatorio;RECLASIFICACION;NORTE;3C;2;22/03/2026;NAUTICO BUCHARDO A;20;UNIVERSIDAD DE BUENOS AIRES;0
2026;PREMINI;Fase Regular;Torneo Reclasificatorio;RECLASIFICACION;NORTE;3C;2;22/03/2026;PLATENSE B;0;VICTORIA A;20
2026;PREMINI;Fase Regular;Torneo Reclasificatorio;RECLASIFICACION;NORTE;3C;2;22/03/2026;SAN FERNANDO B;1;CLUB TRES DE FEBRERO C;0
2026;PREMINI;Fase Regular;Torneo Reclasificatorio;RECLASIFICACION;NORTE;3C;3;29/03/2026;BANCO NACION B;0;SAN FERNANDO B;0
2026;PREMINI;Fase Regular;Torneo Reclasificatorio;RECLASIFICACION;NORTE;3C;3;29/03/2026;CLUB TRES DE FEBRERO C;0;PLATENSE B;1
2026;PREMINI;Fase Regular;Torneo Reclasificatorio;RECLASIFICACION;NORTE;3C;3;29/03/2026;VICTORIA A;0;NAUTICO BUCHARDO A;0
2026;PREMINI;Fase Regular;Torneo Reclasificatorio;RECLASIFICACION;NORTE;3C;3;29/03/2026;UNIVERSIDAD DE BUENOS AIRES;0;ATLETICO BOULOGNE A;20
2026;PREMINI;Fase Regular;Torneo Reclasificatorio;RECLASIFICACION;NORTE;3C;4;12/04/2026;UNIVERSIDAD DE BUENOS AIRES;0;BANCO NACION B;20
2026;PREMINI;Fase Regular;Torneo Reclasificatorio;RECLASIFICACION;NORTE;3C;4;12/04/2026;ATLETICO BOULOGNE A;0;VICTORIA A;20
2026;PREMINI;Fase Regular;Torneo Reclasificatorio;RECLASIFICACION;NORTE;3C;4;12/04/2026;NAUTICO BUCHARDO A;20;CLUB TRES DE FEBRERO C;0
2026;PREMINI;Fase Regular;Torneo Reclasificatorio;RECLASIFICACION;NORTE;3C;4;12/04/2026;PLATENSE B;0;SAN FERNANDO B;20
2026;PREMINI;Fase Regular;Torneo Reclasificatorio;RECLASIFICACION;NORTE;3C;5;19/04/2026;BANCO NACION B;20;PLATENSE B;0
2026;PREMINI;Fase Regular;Torneo Reclasificatorio;RECLASIFICACION;NORTE;3C;5;19/04/2026;SAN FERNANDO B;6;NAUTICO BUCHARDO A;68
2026;PREMINI;Fase Regular;Torneo Reclasificatorio;RECLASIFICACION;NORTE;3C;5;19/04/2026;CLUB TRES DE FEBRERO C;0;ATLETICO BOULOGNE A;20
2026;PREMINI;Fase Regular;Torneo Reclasificatorio;RECLASIFICACION;NORTE;3C;5;19/04/2026;VICTORIA A;20;UNIVERSIDAD DE BUENOS AIRES;0
2026;PREMINI;Fase Regular;Torneo Reclasificatorio;RECLASIFICACION;NORTE;3C;6;26/04/2026;VICTORIA A;20;BANCO NACION B;0
2026;PREMINI;Fase Regular;Torneo Reclasificatorio;RECLASIFICACION;NORTE;3C;6;26/04/2026;UNIVERSIDAD DE BUENOS AIRES;0;CLUB TRES DE FEBRERO C;1
2026;PREMINI;Fase Regular;Torneo Reclasificatorio;RECLASIFICACION;NORTE;3C;6;26/04/2026;ATLETICO BOULOGNE A;0;SAN FERNANDO B;0
2026;PREMINI;Fase Regular;Torneo Reclasificatorio;RECLASIFICACION;NORTE;3C;6;26/04/2026;NAUTICO BUCHARDO A;20;PLATENSE B;0
2026;PREMINI;Fase Regular;Torneo Reclasificatorio;RECLASIFICACION;NORTE;3C;7;03/05/2026;BANCO NACION B;0;NAUTICO BUCHARDO A;0
2026;PREMINI;Fase Regular;Torneo Reclasificatorio;RECLASIFICACION;NORTE;3C;7;03/05/2026;PLATENSE B;0;ATLETICO BOULOGNE A;20
2026;PREMINI;Fase Regular;Torneo Reclasificatorio;RECLASIFICACION;NORTE;3C;7;03/05/2026;SAN FERNANDO B;20;UNIVERSIDAD DE BUENOS AIRES;0
2026;PREMINI;Fase Regular;Torneo Reclasificatorio;RECLASIFICACION;NORTE;3C;7;03/05/2026;CLUB TRES DE FEBRERO C;0;VICTORIA A;20
2026;PREMINI;Fase Regular;Torneo Reclasificatorio;RECLASIFICACION;NORTE;3C;8;10/05/2026;CLUB TRES DE FEBRERO C;0;BANCO NACION B;20
2026;PREMINI;Fase Regular;Torneo Reclasificatorio;RECLASIFICACION;NORTE;3C;8;10/05/2026;SAN FERNANDO B;6;VICTORIA A;54
2026;PREMINI;Fase Regular;Torneo Reclasificatorio;RECLASIFICACION;NORTE;3C;8;10/05/2026;PLATENSE B;1;UNIVERSIDAD DE BUENOS AIRES;0
2026;PREMINI;Fase Regular;Torneo Reclasificatorio;RECLASIFICACION;NORTE;3C;8;10/05/2026;NAUTICO BUCHARDO A;42;ATLETICO BOULOGNE A;1
2026;PREMINI;Fase Regular;Torneo Reclasificatorio;RECLASIFICACION;NORTE;3C;9;17/05/2026;BANCO NACION B;0;ATLETICO BOULOGNE A;0
2026;PREMINI;Fase Regular;Torneo Reclasificatorio;RECLASIFICACION;NORTE;3C;9;17/05/2026;UNIVERSIDAD DE BUENOS AIRES;0;NAUTICO BUCHARDO A;20
2026;PREMINI;Fase Regular;Torneo Reclasificatorio;RECLASIFICACION;NORTE;3C;9;17/05/2026;VICTORIA A;20;PLATENSE B;0
2026;PREMINI;Fase Regular;Torneo Reclasificatorio;RECLASIFICACION;NORTE;3C;9;17/05/2026;CLUB TRES DE FEBRERO C;0;SAN FERNANDO B;20
2026;PREMINI;Fase Regular;Torneo Reclasificatorio;RECLASIFICACION;NORTE;3C;10;24/05/2026;SAN FERNANDO B;0;BANCO NACION B;0
2026;PREMINI;Fase Regular;Torneo Reclasificatorio;RECLASIFICACION;NORTE;3C;10;24/05/2026;PLATENSE B;1;CLUB TRES DE FEBRERO C;0
2026;PREMINI;Fase Regular;Torneo Reclasificatorio;RECLASIFICACION;NORTE;3C;10;24/05/2026;NAUTICO BUCHARDO A;40;VICTORIA A;28
2026;PREMINI;Fase Regular;Torneo Reclasificatorio;RECLASIFICACION;NORTE;3C;10;24/05/2026;ATLETICO BOULOGNE A;20;UNIVERSIDAD DE BUENOS AIRES;0
2026;PREMINI;Fase Regular;Torneo Reclasificatorio;RECLASIFICACION;NORTE;3C;11;31/05/2026;BANCO NACION B;20;UNIVERSIDAD DE BUENOS AIRES;0
2026;PREMINI;Fase Regular;Torneo Reclasificatorio;RECLASIFICACION;NORTE;3C;11;31/05/2026;CLUB TRES DE FEBRERO C;0;NAUTICO BUCHARDO A;20
2026;PREMINI;Fase Regular;Torneo Reclasificatorio;RECLASIFICACION;NORTE;3C;11;31/05/2026;SAN FERNANDO B;20;PLATENSE B;0
2026;PREMINI;Fase Regular;Torneo Reclasificatorio;RECLASIFICACION;NORTE;3C;12;07/06/2026;PLATENSE B;0;BANCO NACION B;20
2026;PREMINI;Fase Regular;Torneo Reclasificatorio;RECLASIFICACION;NORTE;3C;12;07/06/2026;ATLETICO BOULOGNE A;20;CLUB TRES DE FEBRERO C;0
2026;PREMINI;Fase Regular;Torneo Reclasificatorio;RECLASIFICACION;NORTE;3C;12;07/06/2026;UNIVERSIDAD DE BUENOS AIRES;0;VICTORIA A;20
2026;PREMINI;Fase Regular;Torneo Reclasificatorio;RECLASIFICACION;NORTE;3C;13;14/06/2026;CLUB TRES DE FEBRERO C;1;UNIVERSIDAD DE BUENOS AIRES;0
2026;PREMINI;Fase Regular;Torneo Reclasificatorio;RECLASIFICACION;NORTE;3C;13;14/06/2026;PLATENSE B;0;NAUTICO BUCHARDO A;20
2026;PREMINI;Fase Regular;Torneo Reclasificatorio;RECLASIFICACION;NORTE;3C;14;21/06/2026;ATLETICO BOULOGNE A;20;PLATENSE B;0
2026;PREMINI;Fase Regular;Torneo Reclasificatorio;RECLASIFICACION;NORTE;3C;14;21/06/2026;UNIVERSIDAD DE BUENOS AIRES;0;SAN FERNANDO B;20
2026;PREMINI;Fase Regular;Torneo Reclasificatorio;RECLASIFICACION;NORTE;3C;14;21/06/2026;VICTORIA A;20;CLUB TRES DE FEBRERO C;0
2026;PREMINI;Fase Regular;Torneo Reclasificatorio;RECLASIFICACION;OESTE;2A;1;15/03/2026;NOLTING;12;DEFENSORES DE MORENO A;24
2026;PREMINI;Fase Regular;Torneo Reclasificatorio;RECLASIFICACION;OESTE;2A;1;15/03/2026;CENTRO ESPAÑOL;0;GIMNASIA Y ESGRIMA DE ITUZAINGO B;20
2026;PREMINI;Fase Regular;Torneo Reclasificatorio;RECLASIFICACION;OESTE;2A;1;15/03/2026;CLUB CEPA;24;CLUB PORTUGUES DEL GRAN BUENOS AIRES;10
2026;PREMINI;Fase Regular;Torneo Reclasificatorio;RECLASIFICACION;OESTE;2A;1;15/03/2026;DEP. MORON B;0;SITAS B;0
2026;PREMINI;Fase Regular;Torneo Reclasificatorio;RECLASIFICACION;OESTE;2A;2;22/03/2026;DEP. MORON B;0;RAMOS MEJIA LTC;0
2026;PREMINI;Fase Regular;Torneo Reclasificatorio;RECLASIFICACION;OESTE;2A;2;22/03/2026;SITAS B;0;CLUB CEPA;20
2026;PREMINI;Fase Regular;Torneo Reclasificatorio;RECLASIFICACION;OESTE;2A;2;22/03/2026;CLUB PORTUGUES DEL GRAN BUENOS AIRES;0;CENTRO ESPAÑOL;0
2026;PREMINI;Fase Regular;Torneo Reclasificatorio;RECLASIFICACION;OESTE;2A;2;22/03/2026;GIMNASIA Y ESGRIMA DE ITUZAINGO B;0;NOLTING;8
2026;PREMINI;Fase Regular;Torneo Reclasificatorio;RECLASIFICACION;OESTE;2A;3;29/03/2026;RAMOS MEJIA LTC;2;DEFENSORES DE MORENO A;10
2026;PREMINI;Fase Regular;Torneo Reclasificatorio;RECLASIFICACION;OESTE;2A;3;29/03/2026;NOLTING;10;CLUB PORTUGUES DEL GRAN BUENOS AIRES;4
2026;PREMINI;Fase Regular;Torneo Reclasificatorio;RECLASIFICACION;OESTE;2A;3;29/03/2026;CENTRO ESPAÑOL;0;SITAS B;0
2026;PREMINI;Fase Regular;Torneo Reclasificatorio;RECLASIFICACION;OESTE;2A;3;29/03/2026;CLUB CEPA;0;DEP. MORON B;0
2026;PREMINI;Fase Regular;Torneo Reclasificatorio;RECLASIFICACION;OESTE;2A;4;12/04/2026;CLUB CEPA;20;RAMOS MEJIA LTC;0
2026;PREMINI;Fase Regular;Torneo Reclasificatorio;RECLASIFICACION;OESTE;2A;4;12/04/2026;DEP. MORON B;0;CENTRO ESPAÑOL;0
2026;PREMINI;Fase Regular;Torneo Reclasificatorio;RECLASIFICACION;OESTE;2A;4;12/04/2026;CLUB PORTUGUES DEL GRAN BUENOS AIRES;0;FERROCARRIL OESTE C;20
2026;PREMINI;Fase Regular;Torneo Reclasificatorio;RECLASIFICACION;OESTE;2A;4;12/04/2026;GIMNASIA Y ESGRIMA DE ITUZAINGO B;0;DEFENSORES DE MORENO A;0
2026;PREMINI;Fase Regular;Torneo Reclasificatorio;RECLASIFICACION;OESTE;2A;5;19/04/2026;RAMOS MEJIA LTC;0;GIMNASIA Y ESGRIMA DE ITUZAINGO B;0
2026;PREMINI;Fase Regular;Torneo Reclasificatorio;RECLASIFICACION;OESTE;2A;5;19/04/2026;DEFENSORES DE MORENO A;0;CLUB PORTUGUES DEL GRAN BUENOS AIRES;20
2026;PREMINI;Fase Regular;Torneo Reclasificatorio;RECLASIFICACION;OESTE;2A;5;19/04/2026;FERROCARRIL OESTE C;0;SITAS B;0
2026;PREMINI;Fase Regular;Torneo Reclasificatorio;RECLASIFICACION;OESTE;2A;5;19/04/2026;NOLTING;0;DEP. MORON B;0
2026;PREMINI;Fase Regular;Torneo Reclasificatorio;RECLASIFICACION;OESTE;2A;5;19/04/2026;CENTRO ESPAÑOL;0;CLUB CEPA;20
2026;PREMINI;Fase Regular;Torneo Reclasificatorio;RECLASIFICACION;OESTE;2A;6;26/04/2026;CENTRO ESPAÑOL;8;RAMOS MEJIA LTC;10
2026;PREMINI;Fase Regular;Torneo Reclasificatorio;RECLASIFICACION;OESTE;2A;6;26/04/2026;CLUB CEPA;14;NOLTING;5
2026;PREMINI;Fase Regular;Torneo Reclasificatorio;RECLASIFICACION;OESTE;2A;6;26/04/2026;SITAS B;0;DEFENSORES DE MORENO A;0
2026;PREMINI;Fase Regular;Torneo Reclasificatorio;RECLASIFICACION;OESTE;2A;6;26/04/2026;CLUB PORTUGUES DEL GRAN BUENOS AIRES;20;GIMNASIA Y ESGRIMA DE ITUZAINGO B;0
2026;PREMINI;Fase Regular;Torneo Reclasificatorio;RECLASIFICACION;OESTE;2A;7;03/05/2026;RAMOS MEJIA LTC;0;CLUB PORTUGUES DEL GRAN BUENOS AIRES;0
2026;PREMINI;Fase Regular;Torneo Reclasificatorio;RECLASIFICACION;OESTE;2A;7;03/05/2026;GIMNASIA Y ESGRIMA DE ITUZAINGO B;4;SITAS B;48
2026;PREMINI;Fase Regular;Torneo Reclasificatorio;RECLASIFICACION;OESTE;2A;7;03/05/2026;DEFENSORES DE MORENO A;0;DEP. MORON B;0
2026;PREMINI;Fase Regular;Torneo Reclasificatorio;RECLASIFICACION;OESTE;2A;7;03/05/2026;FERROCARRIL OESTE C;20;CLUB CEPA;0
2026;PREMINI;Fase Regular;Torneo Reclasificatorio;RECLASIFICACION;OESTE;2A;7;03/05/2026;NOLTING;0;CENTRO ESPAÑOL;0
2026;PREMINI;Fase Regular;Torneo Reclasificatorio;RECLASIFICACION;OESTE;2A;8;10/05/2026;NOLTING;0;RAMOS MEJIA LTC;10
2026;PREMINI;Fase Regular;Torneo Reclasificatorio;RECLASIFICACION;OESTE;2A;8;10/05/2026;CENTRO ESPAÑOL;6;FERROCARRIL OESTE C;14
2026;PREMINI;Fase Regular;Torneo Reclasificatorio;RECLASIFICACION;OESTE;2A;8;10/05/2026;CLUB CEPA;16;DEFENSORES DE MORENO A;31
2026;PREMINI;Fase Regular;Torneo Reclasificatorio;RECLASIFICACION;OESTE;2A;8;10/05/2026;DEP. MORON B;0;GIMNASIA Y ESGRIMA DE ITUZAINGO B;0
2026;PREMINI;Fase Regular;Torneo Reclasificatorio;RECLASIFICACION;OESTE;2A;8;10/05/2026;SITAS B;27;CLUB PORTUGUES DEL GRAN BUENOS AIRES;9
2026;PREMINI;Fase Regular;Torneo Reclasificatorio;RECLASIFICACION;OESTE;2A;9;17/05/2026;RAMOS MEJIA LTC;0;SITAS B;0
2026;PREMINI;Fase Regular;Torneo Reclasificatorio;RECLASIFICACION;OESTE;2A;9;17/05/2026;CLUB PORTUGUES DEL GRAN BUENOS AIRES;0;DEP. MORON B;0
2026;PREMINI;Fase Regular;Torneo Reclasificatorio;RECLASIFICACION;OESTE;2A;9;17/05/2026;DEFENSORES DE MORENO A;0;CENTRO ESPAÑOL;0
2026;PREMINI;Fase Regular;Torneo Reclasificatorio;RECLASIFICACION;OESTE;2A;9;17/05/2026;FERROCARRIL OESTE C;6;NOLTING;0
2026;PREMINI;Fase Regular;Torneo Reclasificatorio;RECLASIFICACION;OESTE;2A;10;24/05/2026;DEFENSORES DE MORENO A;30;NOLTING;28
2026;PREMINI;Fase Regular;Torneo Reclasificatorio;RECLASIFICACION;OESTE;2A;10;24/05/2026;CLUB PORTUGUES DEL GRAN BUENOS AIRES;10;CLUB CEPA;12
2026;PREMINI;Fase Regular;Torneo Reclasificatorio;RECLASIFICACION;OESTE;2A;10;24/05/2026;SITAS B;0;DEP. MORON B;0
2026;PREMINI;Fase Regular;Torneo Reclasificatorio;RECLASIFICACION;OESTE;2A;13;14/06/2026;NOLTING;0;SITAS B;0
2026;PREMINI;Fase Regular;Torneo Reclasificatorio;RECLASIFICACION;OESTE;2B;1;15/03/2026;SITAS A;0;VELEZ SARSFIELD B;0
2026;PREMINI;Fase Regular;Torneo Reclasificatorio;RECLASIFICACION;OESTE;2B;1;15/03/2026;DEFENSORES DE SANTOS LUGARES;20;MORON B;0
2026;PREMINI;Fase Regular;Torneo Reclasificatorio;RECLASIFICACION;OESTE;2B;1;15/03/2026;CEDEM;26;PASO DEL REY;8
2026;PREMINI;Fase Regular;Torneo Reclasificatorio;RECLASIFICACION;OESTE;2B;1;15/03/2026;UNITARIOS DE MARCOS PAZ;20;SAN MIGUEL A;0
2026;PREMINI;Fase Regular;Torneo Reclasificatorio;RECLASIFICACION;OESTE;2B;1;15/03/2026;ESTUDIANTIL PORTEÑO B;0;DEFENSORES DE HURLINGHAM B;20
2026;PREMINI;Fase Regular;Torneo Reclasificatorio;RECLASIFICACION;OESTE;2B;2;22/03/2026;ESTUDIANTIL PORTEÑO B;0;SITAS A;20
2026;PREMINI;Fase Regular;Torneo Reclasificatorio;RECLASIFICACION;OESTE;2B;2;22/03/2026;DEFENSORES DE HURLINGHAM B;0;UNITARIOS DE MARCOS PAZ;20
2026;PREMINI;Fase Regular;Torneo Reclasificatorio;RECLASIFICACION;OESTE;2B;2;22/03/2026;SAN MIGUEL A;0;CEDEM;20
2026;PREMINI;Fase Regular;Torneo Reclasificatorio;RECLASIFICACION;OESTE;2B;2;22/03/2026;PASO DEL REY;14;DEFENSORES DE SANTOS LUGARES;10
2026;PREMINI;Fase Regular;Torneo Reclasificatorio;RECLASIFICACION;OESTE;2B;2;22/03/2026;MORON B;0;VELEZ SARSFIELD B;20
2026;PREMINI;Fase Regular;Torneo Reclasificatorio;RECLASIFICACION;OESTE;2B;3;29/03/2026;SITAS A;32;MORON B;18
2026;PREMINI;Fase Regular;Torneo Reclasificatorio;RECLASIFICACION;OESTE;2B;3;29/03/2026;VELEZ SARSFIELD B;25;PASO DEL REY;10
2026;PREMINI;Fase Regular;Torneo Reclasificatorio;RECLASIFICACION;OESTE;2B;3;29/03/2026;DEFENSORES DE SANTOS LUGARES;20;SAN MIGUEL A;0
2026;PREMINI;Fase Regular;Torneo Reclasificatorio;RECLASIFICACION;OESTE;2B;3;29/03/2026;UNITARIOS DE MARCOS PAZ;20;ESTUDIANTIL PORTEÑO B;0
2026;PREMINI;Fase Regular;Torneo Reclasificatorio;RECLASIFICACION;OESTE;2B;4;12/04/2026;UNITARIOS DE MARCOS PAZ;23;SITAS A;42
2026;PREMINI;Fase Regular;Torneo Reclasificatorio;RECLASIFICACION;OESTE;2B;4;12/04/2026;ESTUDIANTIL PORTEÑO B;0;CEDEM;20
2026;PREMINI;Fase Regular;Torneo Reclasificatorio;RECLASIFICACION;OESTE;2B;4;12/04/2026;DEFENSORES DE HURLINGHAM B;0;DEFENSORES DE SANTOS LUGARES;20
2026;PREMINI;Fase Regular;Torneo Reclasificatorio;RECLASIFICACION;OESTE;2B;4;12/04/2026;SAN MIGUEL A;0;VELEZ SARSFIELD B;20
2026;PREMINI;Fase Regular;Torneo Reclasificatorio;RECLASIFICACION;OESTE;2B;4;12/04/2026;PASO DEL REY;14;MORON B;12
2026;PREMINI;Fase Regular;Torneo Reclasificatorio;RECLASIFICACION;OESTE;2B;5;19/04/2026;SITAS A;32;PASO DEL REY;14
2026;PREMINI;Fase Regular;Torneo Reclasificatorio;RECLASIFICACION;OESTE;2B;5;19/04/2026;MORON B;20;SAN MIGUEL A;0
2026;PREMINI;Fase Regular;Torneo Reclasificatorio;RECLASIFICACION;OESTE;2B;5;19/04/2026;VELEZ SARSFIELD B;0;DEFENSORES DE HURLINGHAM B;0
2026;PREMINI;Fase Regular;Torneo Reclasificatorio;RECLASIFICACION;OESTE;2B;5;19/04/2026;DEFENSORES DE SANTOS LUGARES;20;ESTUDIANTIL PORTEÑO B;0
2026;PREMINI;Fase Regular;Torneo Reclasificatorio;RECLASIFICACION;OESTE;2B;5;19/04/2026;CEDEM;36;UNITARIOS DE MARCOS PAZ;28
2026;PREMINI;Fase Regular;Torneo Reclasificatorio;RECLASIFICACION;OESTE;2B;6;26/04/2026;CEDEM;36;SITAS A;30
2026;PREMINI;Fase Regular;Torneo Reclasificatorio;RECLASIFICACION;OESTE;2B;6;26/04/2026;UNITARIOS DE MARCOS PAZ;0;DEFENSORES DE SANTOS LUGARES;0
2026;PREMINI;Fase Regular;Torneo Reclasificatorio;RECLASIFICACION;OESTE;2B;6;26/04/2026;ESTUDIANTIL PORTEÑO B;0;VELEZ SARSFIELD B;20
2026;PREMINI;Fase Regular;Torneo Reclasificatorio;RECLASIFICACION;OESTE;2B;6;26/04/2026;DEFENSORES DE HURLINGHAM B;0;MORON B;0
2026;PREMINI;Fase Regular;Torneo Reclasificatorio;RECLASIFICACION;OESTE;2B;6;26/04/2026;SAN MIGUEL A;0;PASO DEL REY;20
2026;PREMINI;Fase Regular;Torneo Reclasificatorio;RECLASIFICACION;OESTE;2B;7;03/05/2026;SITAS A;20;SAN MIGUEL A;0
2026;PREMINI;Fase Regular;Torneo Reclasificatorio;RECLASIFICACION;OESTE;2B;7;03/05/2026;PASO DEL REY;26;DEFENSORES DE HURLINGHAM B;16
2026;PREMINI;Fase Regular;Torneo Reclasificatorio;RECLASIFICACION;OESTE;2B;7;03/05/2026;MORON B;20;ESTUDIANTIL PORTEÑO B;0
2026;PREMINI;Fase Regular;Torneo Reclasificatorio;RECLASIFICACION;OESTE;2B;7;03/05/2026;VELEZ SARSFIELD B;16;UNITARIOS DE MARCOS PAZ;22
2026;PREMINI;Fase Regular;Torneo Reclasificatorio;RECLASIFICACION;OESTE;2B;7;03/05/2026;DEFENSORES DE SANTOS LUGARES;8;CEDEM;18
2026;PREMINI;Fase Regular;Torneo Reclasificatorio;RECLASIFICACION;OESTE;2B;8;10/05/2026;DEFENSORES DE SANTOS LUGARES;20;SITAS A;54
2026;PREMINI;Fase Regular;Torneo Reclasificatorio;RECLASIFICACION;OESTE;2B;8;10/05/2026;CEDEM;26;VELEZ SARSFIELD B;12
2026;PREMINI;Fase Regular;Torneo Reclasificatorio;RECLASIFICACION;OESTE;2B;8;10/05/2026;UNITARIOS DE MARCOS PAZ;0;MORON B;0
2026;PREMINI;Fase Regular;Torneo Reclasificatorio;RECLASIFICACION;OESTE;2B;8;10/05/2026;ESTUDIANTIL PORTEÑO B;0;PASO DEL REY;20
2026;PREMINI;Fase Regular;Torneo Reclasificatorio;RECLASIFICACION;OESTE;2B;8;10/05/2026;DEFENSORES DE HURLINGHAM B;0;SAN MIGUEL A;0
2026;PREMINI;Fase Regular;Torneo Reclasificatorio;RECLASIFICACION;OESTE;2B;9;17/05/2026;SITAS A;30;DEFENSORES DE HURLINGHAM B;6
2026;PREMINI;Fase Regular;Torneo Reclasificatorio;RECLASIFICACION;OESTE;2B;9;17/05/2026;SAN MIGUEL A;20;ESTUDIANTIL PORTEÑO B;0
2026;PREMINI;Fase Regular;Torneo Reclasificatorio;RECLASIFICACION;OESTE;2B;9;17/05/2026;PASO DEL REY;0;UNITARIOS DE MARCOS PAZ;30
2026;PREMINI;Fase Regular;Torneo Reclasificatorio;RECLASIFICACION;OESTE;2B;9;17/05/2026;MORON B;4;CEDEM;24
2026;PREMINI;Fase Regular;Torneo Reclasificatorio;RECLASIFICACION;OESTE;2B;9;17/05/2026;VELEZ SARSFIELD B;14;DEFENSORES DE SANTOS LUGARES;13
2026;PREMINI;Fase Regular;Torneo Reclasificatorio;RECLASIFICACION;OESTE;2B;10;24/05/2026;VELEZ SARSFIELD B;22;SITAS A;10
2026;PREMINI;Fase Regular;Torneo Reclasificatorio;RECLASIFICACION;OESTE;2B;10;24/05/2026;MORON B;8;DEFENSORES DE SANTOS LUGARES;28
2026;PREMINI;Fase Regular;Torneo Reclasificatorio;RECLASIFICACION;OESTE;2B;10;24/05/2026;PASO DEL REY;2;CEDEM;25
2026;PREMINI;Fase Regular;Torneo Reclasificatorio;RECLASIFICACION;OESTE;2B;10;24/05/2026;SAN MIGUEL A;0;UNITARIOS DE MARCOS PAZ;20
2026;PREMINI;Fase Regular;Torneo Reclasificatorio;RECLASIFICACION;OESTE;2B;10;24/05/2026;DEFENSORES DE HURLINGHAM B;20;ESTUDIANTIL PORTEÑO B;0
2026;PREMINI;Fase Regular;Torneo Reclasificatorio;RECLASIFICACION;OESTE;2B;11;31/05/2026;SITAS A;20;ESTUDIANTIL PORTEÑO B;0
2026;PREMINI;Fase Regular;Torneo Reclasificatorio;RECLASIFICACION;OESTE;2B;11;31/05/2026;CEDEM;20;SAN MIGUEL A;0
2026;PREMINI;Fase Regular;Torneo Reclasificatorio;RECLASIFICACION;OESTE;2B;12;07/06/2026;SAN MIGUEL A;0;DEFENSORES DE SANTOS LUGARES;20
2026;PREMINI;Fase Regular;Torneo Reclasificatorio;RECLASIFICACION;OESTE;2B;12;07/06/2026;ESTUDIANTIL PORTEÑO B;0;UNITARIOS DE MARCOS PAZ;20
2026;PREMINI;Fase Regular;Torneo Reclasificatorio;RECLASIFICACION;OESTE;2B;13;14/06/2026;CEDEM;20;ESTUDIANTIL PORTEÑO B;0
2026;PREMINI;Fase Regular;Torneo Reclasificatorio;RECLASIFICACION;OESTE;2B;13;14/06/2026;VELEZ SARSFIELD B;20;SAN MIGUEL A;0
2026;PREMINI;Fase Regular;Torneo Reclasificatorio;RECLASIFICACION;OESTE;2B;14;21/06/2026;SAN MIGUEL A;0;MORON B;20
2026;PREMINI;Fase Regular;Torneo Reclasificatorio;RECLASIFICACION;OESTE;2B;14;21/06/2026;ESTUDIANTIL PORTEÑO B;0;DEFENSORES DE SANTOS LUGARES;20
2026;PREMINI;Fase Regular;Torneo Reclasificatorio;RECLASIFICACION;OESTE;2B;15;28/06/2026;VELEZ SARSFIELD B;20;ESTUDIANTIL PORTEÑO B;0
2026;PREMINI;Fase Regular;Torneo Reclasificatorio;RECLASIFICACION;OESTE;2B;15;28/06/2026;PASO DEL REY;20;SAN MIGUEL A;0
2026;PREMINI;Fase Regular;Torneo Reclasificatorio;RECLASIFICACION;OESTE;2B;16;05/07/2026;SAN MIGUEL A;0;SITAS A;20
2026;PREMINI;Fase Regular;Torneo Reclasificatorio;RECLASIFICACION;OESTE;2B;16;05/07/2026;ESTUDIANTIL PORTEÑO B;0;MORON B;20
2026;PREMINI;Fase Regular;Torneo Reclasificatorio;RECLASIFICACION;OESTE;2B;17;12/07/2026;PASO DEL REY;20;ESTUDIANTIL PORTEÑO B;0
2026;PREMINI;Fase Regular;Torneo Reclasificatorio;RECLASIFICACION;OESTE;2B;17;12/07/2026;SAN MIGUEL A;0;DEFENSORES DE HURLINGHAM B;20
2026;PREMINI;Fase Regular;Torneo Reclasificatorio;RECLASIFICACION;OESTE;2B;18;19/07/2026;ESTUDIANTIL PORTEÑO B;1;SAN MIGUEL A;0
2026;PREMINI;Fase Regular;Torneo Reclasificatorio;RECLASIFICACION;OESTE;3C;1;15/03/2026;HURACAN DE SAN JUSTO B;1;GIMNASIA Y ESGRIMA DE ITUZAINGO C;0
2026;PREMINI;Fase Regular;Torneo Reclasificatorio;RECLASIFICACION;OESTE;3C;1;15/03/2026;EL PALOMAR;20;ARGENTINO DE CASTELAR C;0
2026;PREMINI;Fase Regular;Torneo Reclasificatorio;RECLASIFICACION;OESTE;3C;1;15/03/2026;SPORTIVO HAEDO;0;MUNICIPALIDAD DE HURLINGHAM;0
2026;PREMINI;Fase Regular;Torneo Reclasificatorio;RECLASIFICACION;OESTE;3C;1;15/03/2026;ITALIANO DE JOSE C PAZ;0;PORTEÑO ATHLETIC CLUB B;0
2026;PREMINI;Fase Regular;Torneo Reclasificatorio;RECLASIFICACION;OESTE;3C;1;15/03/2026;CIUDADELA NORTE;20;C.A.S.A PADUA B;0
2026;PREMINI;Fase Regular;Torneo Reclasificatorio;RECLASIFICACION;OESTE;3C;2;22/03/2026;CIUDADELA NORTE;20;HURACAN DE SAN JUSTO B;0
2026;PREMINI;Fase Regular;Torneo Reclasificatorio;RECLASIFICACION;OESTE;3C;2;22/03/2026;C.A.S.A PADUA B;0;ITALIANO DE JOSE C PAZ;0
2026;PREMINI;Fase Regular;Torneo Reclasificatorio;RECLASIFICACION;OESTE;3C;2;22/03/2026;PORTEÑO ATHLETIC CLUB B;0;SPORTIVO HAEDO;28
2026;PREMINI;Fase Regular;Torneo Reclasificatorio;RECLASIFICACION;OESTE;3C;2;22/03/2026;MUNICIPALIDAD DE HURLINGHAM;0;EL PALOMAR;0
2026;PREMINI;Fase Regular;Torneo Reclasificatorio;RECLASIFICACION;OESTE;3C;2;22/03/2026;ARGENTINO DE CASTELAR C;0;GIMNASIA Y ESGRIMA DE ITUZAINGO C;1
2026;PREMINI;Fase Regular;Torneo Reclasificatorio;RECLASIFICACION;OESTE;3C;3;29/03/2026;HURACAN DE SAN JUSTO B;1;ARGENTINO DE CASTELAR C;0
2026;PREMINI;Fase Regular;Torneo Reclasificatorio;RECLASIFICACION;OESTE;3C;3;29/03/2026;GIMNASIA Y ESGRIMA DE ITUZAINGO C;0;MUNICIPALIDAD DE HURLINGHAM;20
2026;PREMINI;Fase Regular;Torneo Reclasificatorio;RECLASIFICACION;OESTE;3C;3;29/03/2026;EL PALOMAR;0;PORTEÑO ATHLETIC CLUB B;0
2026;PREMINI;Fase Regular;Torneo Reclasificatorio;RECLASIFICACION;OESTE;3C;3;29/03/2026;SPORTIVO HAEDO;20;C.A.S.A PADUA B;0
2026;PREMINI;Fase Regular;Torneo Reclasificatorio;RECLASIFICACION;OESTE;3C;4;12/04/2026;ITALIANO DE JOSE C PAZ;20;HURACAN DE SAN JUSTO B;0
2026;PREMINI;Fase Regular;Torneo Reclasificatorio;RECLASIFICACION;OESTE;3C;4;12/04/2026;CIUDADELA NORTE;0;SPORTIVO HAEDO;0
2026;PREMINI;Fase Regular;Torneo Reclasificatorio;RECLASIFICACION;OESTE;3C;4;12/04/2026;C.A.S.A PADUA B;0;EL PALOMAR;20
2026;PREMINI;Fase Regular;Torneo Reclasificatorio;RECLASIFICACION;OESTE;3C;4;12/04/2026;PORTEÑO ATHLETIC CLUB B;20;GIMNASIA Y ESGRIMA DE ITUZAINGO C;0
2026;PREMINI;Fase Regular;Torneo Reclasificatorio;RECLASIFICACION;OESTE;3C;4;12/04/2026;MUNICIPALIDAD DE HURLINGHAM;20;ARGENTINO DE CASTELAR C;0
2026;PREMINI;Fase Regular;Torneo Reclasificatorio;RECLASIFICACION;OESTE;3C;5;19/04/2026;HURACAN DE SAN JUSTO B;0;MUNICIPALIDAD DE HURLINGHAM;20
2026;PREMINI;Fase Regular;Torneo Reclasificatorio;RECLASIFICACION;OESTE;3C;5;19/04/2026;ARGENTINO DE CASTELAR C;0;PORTEÑO ATHLETIC CLUB B;20
2026;PREMINI;Fase Regular;Torneo Reclasificatorio;RECLASIFICACION;OESTE;3C;5;19/04/2026;GIMNASIA Y ESGRIMA DE ITUZAINGO C;0;C.A.S.A PADUA B;20
2026;PREMINI;Fase Regular;Torneo Reclasificatorio;RECLASIFICACION;OESTE;3C;5;19/04/2026;EL PALOMAR;0;CIUDADELA NORTE;20
2026;PREMINI;Fase Regular;Torneo Reclasificatorio;RECLASIFICACION;OESTE;3C;5;19/04/2026;SPORTIVO HAEDO;35;ITALIANO DE JOSE C PAZ;13
2026;PREMINI;Fase Regular;Torneo Reclasificatorio;RECLASIFICACION;OESTE;3C;6;26/04/2026;SPORTIVO HAEDO;20;HURACAN DE SAN JUSTO B;0
2026;PREMINI;Fase Regular;Torneo Reclasificatorio;RECLASIFICACION;OESTE;3C;6;26/04/2026;ITALIANO DE JOSE C PAZ;20;EL PALOMAR;0
2026;PREMINI;Fase Regular;Torneo Reclasificatorio;RECLASIFICACION;OESTE;3C;6;26/04/2026;CIUDADELA NORTE;20;GIMNASIA Y ESGRIMA DE ITUZAINGO C;0
2026;PREMINI;Fase Regular;Torneo Reclasificatorio;RECLASIFICACION;OESTE;3C;6;26/04/2026;C.A.S.A PADUA B;20;ARGENTINO DE CASTELAR C;0
2026;PREMINI;Fase Regular;Torneo Reclasificatorio;RECLASIFICACION;OESTE;3C;6;26/04/2026;PORTEÑO ATHLETIC CLUB B;0;MUNICIPALIDAD DE HURLINGHAM;0
2026;PREMINI;Fase Regular;Torneo Reclasificatorio;RECLASIFICACION;OESTE;3C;7;03/05/2026;HURACAN DE SAN JUSTO B;0;PORTEÑO ATHLETIC CLUB B;20
2026;PREMINI;Fase Regular;Torneo Reclasificatorio;RECLASIFICACION;OESTE;3C;7;03/05/2026;MUNICIPALIDAD DE HURLINGHAM;0;C.A.S.A PADUA B;0
2026;PREMINI;Fase Regular;Torneo Reclasificatorio;RECLASIFICACION;OESTE;3C;7;03/05/2026;ARGENTINO DE CASTELAR C;0;CIUDADELA NORTE;20
2026;PREMINI;Fase Regular;Torneo Reclasificatorio;RECLASIFICACION;OESTE;3C;7;03/05/2026;GIMNASIA Y ESGRIMA DE ITUZAINGO C;0;ITALIANO DE JOSE C PAZ;20
2026;PREMINI;Fase Regular;Torneo Reclasificatorio;RECLASIFICACION;OESTE;3C;7;03/05/2026;EL PALOMAR;0;SPORTIVO HAEDO;0
2026;PREMINI;Fase Regular;Torneo Reclasificatorio;RECLASIFICACION;OESTE;3C;8;10/05/2026;EL PALOMAR;20;HURACAN DE SAN JUSTO B;0
2026;PREMINI;Fase Regular;Torneo Reclasificatorio;RECLASIFICACION;OESTE;3C;8;10/05/2026;SPORTIVO HAEDO;20;GIMNASIA Y ESGRIMA DE ITUZAINGO C;0
2026;PREMINI;Fase Regular;Torneo Reclasificatorio;RECLASIFICACION;OESTE;3C;8;10/05/2026;ITALIANO DE JOSE C PAZ;20;ARGENTINO DE CASTELAR C;0
2026;PREMINI;Fase Regular;Torneo Reclasificatorio;RECLASIFICACION;OESTE;3C;8;10/05/2026;CIUDADELA NORTE;12;MUNICIPALIDAD DE HURLINGHAM;40
2026;PREMINI;Fase Regular;Torneo Reclasificatorio;RECLASIFICACION;OESTE;3C;8;10/05/2026;C.A.S.A PADUA B;0;PORTEÑO ATHLETIC CLUB B;0
2026;PREMINI;Fase Regular;Torneo Reclasificatorio;RECLASIFICACION;OESTE;3C;9;17/05/2026;HURACAN DE SAN JUSTO B;0;C.A.S.A PADUA B;20
2026;PREMINI;Fase Regular;Torneo Reclasificatorio;RECLASIFICACION;OESTE;3C;9;17/05/2026;PORTEÑO ATHLETIC CLUB B;0;CIUDADELA NORTE;0
2026;PREMINI;Fase Regular;Torneo Reclasificatorio;RECLASIFICACION;OESTE;3C;9;17/05/2026;MUNICIPALIDAD DE HURLINGHAM;12;ITALIANO DE JOSE C PAZ;20
2026;PREMINI;Fase Regular;Torneo Reclasificatorio;RECLASIFICACION;OESTE;3C;9;17/05/2026;ARGENTINO DE CASTELAR C;0;SPORTIVO HAEDO;20
2026;PREMINI;Fase Regular;Torneo Reclasificatorio;RECLASIFICACION;OESTE;3C;9;17/05/2026;GIMNASIA Y ESGRIMA DE ITUZAINGO C;0;EL PALOMAR;20
2026;PREMINI;Fase Regular;Torneo Reclasificatorio;RECLASIFICACION;OESTE;3C;10;24/05/2026;GIMNASIA Y ESGRIMA DE ITUZAINGO C;1;HURACAN DE SAN JUSTO B;0
2026;PREMINI;Fase Regular;Torneo Reclasificatorio;RECLASIFICACION;OESTE;3C;10;24/05/2026;ARGENTINO DE CASTELAR C;0;EL PALOMAR;20
2026;PREMINI;Fase Regular;Torneo Reclasificatorio;RECLASIFICACION;OESTE;3C;10;24/05/2026;MUNICIPALIDAD DE HURLINGHAM;0;SPORTIVO HAEDO;0
2026;PREMINI;Fase Regular;Torneo Reclasificatorio;RECLASIFICACION;OESTE;3C;10;24/05/2026;PORTEÑO ATHLETIC CLUB B;3;ITALIANO DE JOSE C PAZ;13
2026;PREMINI;Fase Regular;Torneo Reclasificatorio;RECLASIFICACION;OESTE;3C;10;24/05/2026;C.A.S.A PADUA B;5;CIUDADELA NORTE;14
2026;PREMINI;Fase Regular;Torneo Reclasificatorio;RECLASIFICACION;OESTE;3C;11;31/05/2026;HURACAN DE SAN JUSTO B;0;CIUDADELA NORTE;20
2026;PREMINI;Fase Regular;Torneo Reclasificatorio;RECLASIFICACION;OESTE;3C;11;31/05/2026;GIMNASIA Y ESGRIMA DE ITUZAINGO C;1;ARGENTINO DE CASTELAR C;0
2026;PREMINI;Fase Regular;Torneo Reclasificatorio;RECLASIFICACION;OESTE;3C;12;07/06/2026;ARGENTINO DE CASTELAR C;1;HURACAN DE SAN JUSTO B;0
2026;PREMINI;Fase Regular;Torneo Reclasificatorio;RECLASIFICACION;OESTE;3C;12;07/06/2026;MUNICIPALIDAD DE HURLINGHAM;20;GIMNASIA Y ESGRIMA DE ITUZAINGO C;0
2026;PREMINI;Fase Regular;Torneo Reclasificatorio;RECLASIFICACION;OESTE;3C;13;14/06/2026;HURACAN DE SAN JUSTO B;0;ITALIANO DE JOSE C PAZ;20
2026;PREMINI;Fase Regular;Torneo Reclasificatorio;RECLASIFICACION;OESTE;3C;13;14/06/2026;GIMNASIA Y ESGRIMA DE ITUZAINGO C;0;PORTEÑO ATHLETIC CLUB B;20
2026;PREMINI;Fase Regular;Torneo Reclasificatorio;RECLASIFICACION;OESTE;3C;13;14/06/2026;ARGENTINO DE CASTELAR C;0;MUNICIPALIDAD DE HURLINGHAM;20
2026;PREMINI;Fase Regular;Torneo Reclasificatorio;RECLASIFICACION;OESTE;3C;14;21/06/2026;MUNICIPALIDAD DE HURLINGHAM;20;HURACAN DE SAN JUSTO B;0
2026;PREMINI;Fase Regular;Torneo Reclasificatorio;RECLASIFICACION;OESTE;3C;14;21/06/2026;PORTEÑO ATHLETIC CLUB B;20;ARGENTINO DE CASTELAR C;0
2026;PREMINI;Fase Regular;Torneo Reclasificatorio;RECLASIFICACION;OESTE;3C;14;21/06/2026;C.A.S.A PADUA B;20;GIMNASIA Y ESGRIMA DE ITUZAINGO C;0
2026;PREMINI;Fase Regular;Torneo Reclasificatorio;RECLASIFICACION;OESTE;3C;15;28/06/2026;HURACAN DE SAN JUSTO B;0;SPORTIVO HAEDO;20
2026;PREMINI;Fase Regular;Torneo Reclasificatorio;RECLASIFICACION;OESTE;3C;15;28/06/2026;GIMNASIA Y ESGRIMA DE ITUZAINGO C;0;CIUDADELA NORTE;20
2026;PREMINI;Fase Regular;Torneo Reclasificatorio;RECLASIFICACION;OESTE;3C;15;28/06/2026;ARGENTINO DE CASTELAR C;0;C.A.S.A PADUA B;20
2026;PREMINI;Fase Regular;Torneo Reclasificatorio;RECLASIFICACION;OESTE;3C;16;05/07/2026;PORTEÑO ATHLETIC CLUB B;20;HURACAN DE SAN JUSTO B;0
2026;PREMINI;Fase Regular;Torneo Reclasificatorio;RECLASIFICACION;OESTE;3C;16;05/07/2026;CIUDADELA NORTE;20;ARGENTINO DE CASTELAR C;0
2026;PREMINI;Fase Regular;Torneo Reclasificatorio;RECLASIFICACION;OESTE;3C;16;05/07/2026;ITALIANO DE JOSE C PAZ;20;GIMNASIA Y ESGRIMA DE ITUZAINGO C;0
2026;PREMINI;Fase Regular;Torneo Reclasificatorio;RECLASIFICACION;OESTE;3C;17;12/07/2026;HURACAN DE SAN JUSTO B;0;EL PALOMAR;20
2026;PREMINI;Fase Regular;Torneo Reclasificatorio;RECLASIFICACION;OESTE;3C;17;12/07/2026;GIMNASIA Y ESGRIMA DE ITUZAINGO C;0;SPORTIVO HAEDO;20
2026;PREMINI;Fase Regular;Torneo Reclasificatorio;RECLASIFICACION;OESTE;3C;17;12/07/2026;ARGENTINO DE CASTELAR C;0;ITALIANO DE JOSE C PAZ;20
2026;PREMINI;Fase Regular;Torneo Reclasificatorio;RECLASIFICACION;OESTE;3C;18;19/07/2026;C.A.S.A PADUA B;20;HURACAN DE SAN JUSTO B;0
2026;PREMINI;Fase Regular;Torneo Reclasificatorio;RECLASIFICACION;OESTE;3C;18;19/07/2026;SPORTIVO HAEDO;20;ARGENTINO DE CASTELAR C;0
2026;PREMINI;Fase Regular;Torneo Reclasificatorio;RECLASIFICACION;OESTE;3C;18;19/07/2026;EL PALOMAR;20;GIMNASIA Y ESGRIMA DE ITUZAINGO C;0
2026;PREMINI;Fase Regular;Torneo Reclasificatorio;RECLASIFICACION;SUR;2A;1;15/03/2026;LA UNION;0;LANUS B;0
2026;PREMINI;Fase Regular;Torneo Reclasificatorio;RECLASIFICACION;SUR;2A;1;15/03/2026;CLUB ATLETICO PAMPERO;16;TAMBEROS UNIDOS;24
2026;PREMINI;Fase Regular;Torneo Reclasificatorio;RECLASIFICACION;SUR;2A;1;15/03/2026;CLUB ATLETICO BERNAL;32;GUILLON BASQUET;16
2026;PREMINI;Fase Regular;Torneo Reclasificatorio;RECLASIFICACION;SUR;2A;2;22/03/2026;GUILLON BASQUET;34;CLUB ATLETICO PAMPERO;12
2026;PREMINI;Fase Regular;Torneo Reclasificatorio;RECLASIFICACION;SUR;2A;2;22/03/2026;TAMBEROS UNIDOS;8;LA UNION;10
2026;PREMINI;Fase Regular;Torneo Reclasificatorio;RECLASIFICACION;SUR;2A;2;22/03/2026;LANUS B;2;JUVENTUD UNIDA;8
2026;PREMINI;Fase Regular;Torneo Reclasificatorio;RECLASIFICACION;SUR;2A;3;29/03/2026;JUVENTUD UNIDA;20;TAMBEROS UNIDOS;12
2026;PREMINI;Fase Regular;Torneo Reclasificatorio;RECLASIFICACION;SUR;2A;3;29/03/2026;LA UNION;10;GUILLON BASQUET;16
2026;PREMINI;Fase Regular;Torneo Reclasificatorio;RECLASIFICACION;SUR;2A;3;29/03/2026;CLUB ATLETICO PAMPERO;12;CLUB ATLETICO BERNAL;42
2026;PREMINI;Fase Regular;Torneo Reclasificatorio;RECLASIFICACION;SUR;2A;4;12/04/2026;CLUB ATLETICO BERNAL;0;LA UNION;0
2026;PREMINI;Fase Regular;Torneo Reclasificatorio;RECLASIFICACION;SUR;2A;4;12/04/2026;GUILLON BASQUET;11;JUVENTUD UNIDA;50
2026;PREMINI;Fase Regular;Torneo Reclasificatorio;RECLASIFICACION;SUR;2A;4;12/04/2026;TAMBEROS UNIDOS;20;LANUS B;0
2026;PREMINI;Fase Regular;Torneo Reclasificatorio;RECLASIFICACION;SUR;2A;5;19/04/2026;LANUS B;20;GUILLON BASQUET;0
2026;PREMINI;Fase Regular;Torneo Reclasificatorio;RECLASIFICACION;SUR;2A;5;19/04/2026;JUVENTUD UNIDA;20;CLUB ATLETICO BERNAL;0
2026;PREMINI;Fase Regular;Torneo Reclasificatorio;RECLASIFICACION;SUR;2A;5;19/04/2026;LA UNION;0;CLUB ATLETICO PAMPERO;0
2026;PREMINI;Fase Regular;Torneo Reclasificatorio;RECLASIFICACION;SUR;2A;6;26/04/2026;CLUB ATLETICO PAMPERO;8;JUVENTUD UNIDA;82
2026;PREMINI;Fase Regular;Torneo Reclasificatorio;RECLASIFICACION;SUR;2A;6;26/04/2026;CLUB ATLETICO BERNAL;0;LANUS B;0
2026;PREMINI;Fase Regular;Torneo Reclasificatorio;RECLASIFICACION;SUR;2A;6;26/04/2026;GUILLON BASQUET;24;TAMBEROS UNIDOS;14
2026;PREMINI;Fase Regular;Torneo Reclasificatorio;RECLASIFICACION;SUR;2A;7;03/05/2026;TAMBEROS UNIDOS;20;CLUB ATLETICO BERNAL;0
2026;PREMINI;Fase Regular;Torneo Reclasificatorio;RECLASIFICACION;SUR;2A;7;03/05/2026;LANUS B;0;CLUB ATLETICO PAMPERO;0
2026;PREMINI;Fase Regular;Torneo Reclasificatorio;RECLASIFICACION;SUR;2A;7;03/05/2026;JUVENTUD UNIDA;20;LA UNION;0
2026;PREMINI;Fase Regular;Torneo Reclasificatorio;RECLASIFICACION;SUR;2A;8;10/05/2026;LANUS B;28;LA UNION;22
2026;PREMINI;Fase Regular;Torneo Reclasificatorio;RECLASIFICACION;SUR;2A;8;10/05/2026;TAMBEROS UNIDOS;18;CLUB ATLETICO PAMPERO;28
2026;PREMINI;Fase Regular;Torneo Reclasificatorio;RECLASIFICACION;SUR;2A;8;10/05/2026;GUILLON BASQUET;20;CLUB ATLETICO BERNAL;10
2026;PREMINI;Fase Regular;Torneo Reclasificatorio;RECLASIFICACION;SUR;2A;9;17/05/2026;CLUB ATLETICO PAMPERO;14;GUILLON BASQUET;44
2026;PREMINI;Fase Regular;Torneo Reclasificatorio;RECLASIFICACION;SUR;2A;9;17/05/2026;LA UNION;26;TAMBEROS UNIDOS;32
2026;PREMINI;Fase Regular;Torneo Reclasificatorio;RECLASIFICACION;SUR;2A;9;17/05/2026;JUVENTUD UNIDA;56;LANUS B;4
2026;PREMINI;Fase Regular;Torneo Reclasificatorio;RECLASIFICACION;SUR;2A;10;24/05/2026;TAMBEROS UNIDOS;16;JUVENTUD UNIDA;52
2026;PREMINI;Fase Regular;Torneo Reclasificatorio;RECLASIFICACION;SUR;2A;10;24/05/2026;GUILLON BASQUET;44;LA UNION;12
2026;PREMINI;Fase Regular;Torneo Reclasificatorio;RECLASIFICACION;SUR;2A;10;24/05/2026;CLUB ATLETICO BERNAL;34;CLUB ATLETICO PAMPERO;0
2026;PREMINI;Fase Regular;Torneo Reclasificatorio;RECLASIFICACION;SUR;2B;1;15/03/2026;DEFENSORES DE GLEW;0;COUNTRY BANFIELD B;0
2026;PREMINI;Fase Regular;Torneo Reclasificatorio;RECLASIFICACION;SUR;2B;1;15/03/2026;LUZ Y ARTE;0;CLUB ATLETICO 9 DE JULIO DE LANUS;0
2026;PREMINI;Fase Regular;Torneo Reclasificatorio;RECLASIFICACION;SUR;2B;1;15/03/2026;MORENO DE QUILMES;0;CLUB  ATLETICO Y PROGRESO DE BRANDSEN;0
2026;PREMINI;Fase Regular;Torneo Reclasificatorio;RECLASIFICACION;SUR;2B;1;15/03/2026;COOPERARIOS;24;TALLERES;6
2026;PREMINI;Fase Regular;Torneo Reclasificatorio;RECLASIFICACION;SUR;2B;1;15/03/2026;DEFENSORES DE BANFIELD;26;MONTE GRANDE B;2
2026;PREMINI;Fase Regular;Torneo Reclasificatorio;RECLASIFICACION;SUR;2B;2;22/03/2026;DEFENSORES DE BANFIELD;12;DEFENSORES DE GLEW;16
2026;PREMINI;Fase Regular;Torneo Reclasificatorio;RECLASIFICACION;SUR;2B;2;22/03/2026;MONTE GRANDE B;10;COOPERARIOS;36
2026;PREMINI;Fase Regular;Torneo Reclasificatorio;RECLASIFICACION;SUR;2B;2;22/03/2026;TALLERES;2;MORENO DE QUILMES;22
2026;PREMINI;Fase Regular;Torneo Reclasificatorio;RECLASIFICACION;SUR;2B;2;22/03/2026;CLUB  ATLETICO Y PROGRESO DE BRANDSEN;20;LUZ Y ARTE;16
2026;PREMINI;Fase Regular;Torneo Reclasificatorio;RECLASIFICACION;SUR;2B;2;22/03/2026;CLUB ATLETICO 9 DE JULIO DE LANUS;0;COUNTRY BANFIELD B;0
2026;PREMINI;Fase Regular;Torneo Reclasificatorio;RECLASIFICACION;SUR;2B;3;29/03/2026;DEFENSORES DE GLEW;30;CLUB ATLETICO 9 DE JULIO DE LANUS;16
2026;PREMINI;Fase Regular;Torneo Reclasificatorio;RECLASIFICACION;SUR;2B;3;29/03/2026;COUNTRY BANFIELD B;0;CLUB  ATLETICO Y PROGRESO DE BRANDSEN;20
2026;PREMINI;Fase Regular;Torneo Reclasificatorio;RECLASIFICACION;SUR;2B;3;29/03/2026;LUZ Y ARTE;20;TALLERES;0
2026;PREMINI;Fase Regular;Torneo Reclasificatorio;RECLASIFICACION;SUR;2B;3;29/03/2026;MORENO DE QUILMES;41;MONTE GRANDE B;10
2026;PREMINI;Fase Regular;Torneo Reclasificatorio;RECLASIFICACION;SUR;2B;3;29/03/2026;COOPERARIOS;24;DEFENSORES DE BANFIELD;20
2026;PREMINI;Fase Regular;Torneo Reclasificatorio;RECLASIFICACION;SUR;2B;4;12/04/2026;COOPERARIOS;20;DEFENSORES DE GLEW;0
2026;PREMINI;Fase Regular;Torneo Reclasificatorio;RECLASIFICACION;SUR;2B;4;12/04/2026;DEFENSORES DE BANFIELD;8;MORENO DE QUILMES;20
2026;PREMINI;Fase Regular;Torneo Reclasificatorio;RECLASIFICACION;SUR;2B;4;12/04/2026;MONTE GRANDE B;0;LUZ Y ARTE;0
2026;PREMINI;Fase Regular;Torneo Reclasificatorio;RECLASIFICACION;SUR;2B;4;12/04/2026;TALLERES;0;COUNTRY BANFIELD B;0
2026;PREMINI;Fase Regular;Torneo Reclasificatorio;RECLASIFICACION;SUR;2B;4;12/04/2026;CLUB  ATLETICO Y PROGRESO DE BRANDSEN;0;CLUB ATLETICO 9 DE JULIO DE LANUS;0
2026;PREMINI;Fase Regular;Torneo Reclasificatorio;RECLASIFICACION;SUR;2B;5;19/04/2026;DEFENSORES DE GLEW;44;CLUB  ATLETICO Y PROGRESO DE BRANDSEN;4
2026;PREMINI;Fase Regular;Torneo Reclasificatorio;RECLASIFICACION;SUR;2B;5;19/04/2026;CLUB ATLETICO 9 DE JULIO DE LANUS;0;TALLERES;20
2026;PREMINI;Fase Regular;Torneo Reclasificatorio;RECLASIFICACION;SUR;2B;5;19/04/2026;COUNTRY BANFIELD B;0;MONTE GRANDE B;20
2026;PREMINI;Fase Regular;Torneo Reclasificatorio;RECLASIFICACION;SUR;2B;5;19/04/2026;LUZ Y ARTE;0;DEFENSORES DE BANFIELD;0
2026;PREMINI;Fase Regular;Torneo Reclasificatorio;RECLASIFICACION;SUR;2B;5;19/04/2026;MORENO DE QUILMES;20;COOPERARIOS;0
2026;PREMINI;Fase Regular;Torneo Reclasificatorio;RECLASIFICACION;SUR;2B;6;26/04/2026;MORENO DE QUILMES;20;DEFENSORES DE GLEW;0
2026;PREMINI;Fase Regular;Torneo Reclasificatorio;RECLASIFICACION;SUR;2B;6;26/04/2026;COOPERARIOS;20;LUZ Y ARTE;0
2026;PREMINI;Fase Regular;Torneo Reclasificatorio;RECLASIFICACION;SUR;2B;6;26/04/2026;DEFENSORES DE BANFIELD;0;COUNTRY BANFIELD B;0
2026;PREMINI;Fase Regular;Torneo Reclasificatorio;RECLASIFICACION;SUR;2B;6;26/04/2026;MONTE GRANDE B;0;CLUB ATLETICO 9 DE JULIO DE LANUS;0
2026;PREMINI;Fase Regular;Torneo Reclasificatorio;RECLASIFICACION;SUR;2B;6;26/04/2026;TALLERES;0;CLUB  ATLETICO Y PROGRESO DE BRANDSEN;0
2026;PREMINI;Fase Regular;Torneo Reclasificatorio;RECLASIFICACION;SUR;2B;7;03/05/2026;DEFENSORES DE GLEW;20;TALLERES;0
2026;PREMINI;Fase Regular;Torneo Reclasificatorio;RECLASIFICACION;SUR;2B;7;03/05/2026;CLUB  ATLETICO Y PROGRESO DE BRANDSEN;20;MONTE GRANDE B;0
2026;PREMINI;Fase Regular;Torneo Reclasificatorio;RECLASIFICACION;SUR;2B;7;03/05/2026;CLUB ATLETICO 9 DE JULIO DE LANUS;0;DEFENSORES DE BANFIELD;0
2026;PREMINI;Fase Regular;Torneo Reclasificatorio;RECLASIFICACION;SUR;2B;7;03/05/2026;COUNTRY BANFIELD B;0;COOPERARIOS;0
2026;PREMINI;Fase Regular;Torneo Reclasificatorio;RECLASIFICACION;SUR;2B;7;03/05/2026;LUZ Y ARTE;0;MORENO DE QUILMES;0
2026;PREMINI;Fase Regular;Torneo Reclasificatorio;RECLASIFICACION;SUR;2B;8;10/05/2026;LUZ Y ARTE;3;DEFENSORES DE GLEW;34
2026;PREMINI;Fase Regular;Torneo Reclasificatorio;RECLASIFICACION;SUR;2B;8;10/05/2026;MORENO DE QUILMES;0;COUNTRY BANFIELD B;0
2026;PREMINI;Fase Regular;Torneo Reclasificatorio;RECLASIFICACION;SUR;2B;8;10/05/2026;COOPERARIOS;22;CLUB ATLETICO 9 DE JULIO DE LANUS;10
2026;PREMINI;Fase Regular;Torneo Reclasificatorio;RECLASIFICACION;SUR;2B;8;10/05/2026;DEFENSORES DE BANFIELD;11;CLUB  ATLETICO Y PROGRESO DE BRANDSEN;12
2026;PREMINI;Fase Regular;Torneo Reclasificatorio;RECLASIFICACION;SUR;2B;8;10/05/2026;MONTE GRANDE B;12;TALLERES;32
2026;PREMINI;Fase Regular;Torneo Reclasificatorio;RECLASIFICACION;SUR;2B;9;17/05/2026;DEFENSORES DE GLEW;33;MONTE GRANDE B;2
2026;PREMINI;Fase Regular;Torneo Reclasificatorio;RECLASIFICACION;SUR;2B;9;17/05/2026;TALLERES;16;DEFENSORES DE BANFIELD;31
2026;PREMINI;Fase Regular;Torneo Reclasificatorio;RECLASIFICACION;SUR;2B;9;17/05/2026;CLUB  ATLETICO Y PROGRESO DE BRANDSEN;20;COOPERARIOS;28
2026;PREMINI;Fase Regular;Torneo Reclasificatorio;RECLASIFICACION;SUR;2B;9;17/05/2026;CLUB ATLETICO 9 DE JULIO DE LANUS;4;MORENO DE QUILMES;36
2026;PREMINI;Fase Regular;Torneo Reclasificatorio;RECLASIFICACION;SUR;2B;9;17/05/2026;COUNTRY BANFIELD B;12;LUZ Y ARTE;40
2026;PREMINI;Fase Regular;Torneo Reclasificatorio;RECLASIFICACION;SUR;2B;10;24/05/2026;COUNTRY BANFIELD B;0;DEFENSORES DE GLEW;0
2026;PREMINI;Fase Regular;Torneo Reclasificatorio;RECLASIFICACION;SUR;2B;10;24/05/2026;CLUB ATLETICO 9 DE JULIO DE LANUS;8;LUZ Y ARTE;24
2026;PREMINI;Fase Regular;Torneo Reclasificatorio;RECLASIFICACION;SUR;2B;10;24/05/2026;CLUB  ATLETICO Y PROGRESO DE BRANDSEN;6;MORENO DE QUILMES;26
2026;PREMINI;Fase Regular;Torneo Reclasificatorio;RECLASIFICACION;SUR;2B;10;24/05/2026;TALLERES;12;COOPERARIOS;32
2026;PREMINI;Fase Regular;Torneo Reclasificatorio;RECLASIFICACION;SUR;2B;10;24/05/2026;MONTE GRANDE B;10;DEFENSORES DE BANFIELD;28
2026;PREMINI;Fase Regular;Torneo Reclasificatorio;RECLASIFICACION;SUR;2C;1;15/03/2026;CLUB EL FOGON;10;TAPONAZO  FUTBOL CLUB;16
2026;PREMINI;Fase Regular;Torneo Reclasificatorio;RECLASIFICACION;SUR;2C;1;15/03/2026;VILLA ESPAÑA;42;SOCIAL LANUS;20
2026;PREMINI;Fase Regular;Torneo Reclasificatorio;RECLASIFICACION;SUR;2C;1;15/03/2026;BERAZATEGUI;20;GIMNASIA y ESGRIMA DE LOMAS DE ZAMORA B;0
2026;PREMINI;Fase Regular;Torneo Reclasificatorio;RECLASIFICACION;SUR;2C;1;15/03/2026;SPORTIVO ALSINA;14;COLON FC;38
2026;PREMINI;Fase Regular;Torneo Reclasificatorio;RECLASIFICACION;SUR;2C;1;15/03/2026;MUNICIPALIDAD DE AVELLANEDA;20;GIMNASIA Y ESGRIMA DE LA PLATA B;0
2026;PREMINI;Fase Regular;Torneo Reclasificatorio;RECLASIFICACION;SUR;2C;2;22/03/2026;MUNICIPALIDAD DE AVELLANEDA;18;CLUB EL FOGON;22
2026;PREMINI;Fase Regular;Torneo Reclasificatorio;RECLASIFICACION;SUR;2C;2;22/03/2026;GIMNASIA Y ESGRIMA DE LA PLATA B;0;SPORTIVO ALSINA;20
2026;PREMINI;Fase Regular;Torneo Reclasificatorio;RECLASIFICACION;SUR;2C;2;22/03/2026;COLON FC;38;BERAZATEGUI;14
2026;PREMINI;Fase Regular;Torneo Reclasificatorio;RECLASIFICACION;SUR;2C;2;22/03/2026;GIMNASIA y ESGRIMA DE LOMAS DE ZAMORA B;0;VILLA ESPAÑA;0
2026;PREMINI;Fase Regular;Torneo Reclasificatorio;RECLASIFICACION;SUR;2C;2;22/03/2026;SOCIAL LANUS;32;TAPONAZO  FUTBOL CLUB;16
2026;PREMINI;Fase Regular;Torneo Reclasificatorio;RECLASIFICACION;SUR;2C;3;29/03/2026;CLUB EL FOGON;6;SOCIAL LANUS;42
2026;PREMINI;Fase Regular;Torneo Reclasificatorio;RECLASIFICACION;SUR;2C;3;29/03/2026;TAPONAZO  FUTBOL CLUB;0;GIMNASIA y ESGRIMA DE LOMAS DE ZAMORA B;0
2026;PREMINI;Fase Regular;Torneo Reclasificatorio;RECLASIFICACION;SUR;2C;3;29/03/2026;VILLA ESPAÑA;57;COLON FC;17
2026;PREMINI;Fase Regular;Torneo Reclasificatorio;RECLASIFICACION;SUR;2C;3;29/03/2026;BERAZATEGUI;20;GIMNASIA Y ESGRIMA DE LA PLATA B;0
2026;PREMINI;Fase Regular;Torneo Reclasificatorio;RECLASIFICACION;SUR;2C;3;29/03/2026;SPORTIVO ALSINA;30;MUNICIPALIDAD DE AVELLANEDA;18
2026;PREMINI;Fase Regular;Torneo Reclasificatorio;RECLASIFICACION;SUR;2C;4;12/04/2026;SPORTIVO ALSINA;20;CLUB EL FOGON;0
2026;PREMINI;Fase Regular;Torneo Reclasificatorio;RECLASIFICACION;SUR;2C;4;12/04/2026;MUNICIPALIDAD DE AVELLANEDA;6;BERAZATEGUI;28
2026;PREMINI;Fase Regular;Torneo Reclasificatorio;RECLASIFICACION;SUR;2C;4;12/04/2026;GIMNASIA Y ESGRIMA DE LA PLATA B;0;VILLA ESPAÑA;20
2026;PREMINI;Fase Regular;Torneo Reclasificatorio;RECLASIFICACION;SUR;2C;4;12/04/2026;COLON FC;0;TAPONAZO  FUTBOL CLUB;0
2026;PREMINI;Fase Regular;Torneo Reclasificatorio;RECLASIFICACION;SUR;2C;4;12/04/2026;GIMNASIA y ESGRIMA DE LOMAS DE ZAMORA B;0;SOCIAL LANUS;0
2026;PREMINI;Fase Regular;Torneo Reclasificatorio;RECLASIFICACION;SUR;2C;5;19/04/2026;CLUB EL FOGON;0;GIMNASIA y ESGRIMA DE LOMAS DE ZAMORA B;0
2026;PREMINI;Fase Regular;Torneo Reclasificatorio;RECLASIFICACION;SUR;2C;5;19/04/2026;SOCIAL LANUS;0;COLON FC;0
2026;PREMINI;Fase Regular;Torneo Reclasificatorio;RECLASIFICACION;SUR;2C;5;19/04/2026;TAPONAZO  FUTBOL CLUB;20;GIMNASIA Y ESGRIMA DE LA PLATA B;0
2026;PREMINI;Fase Regular;Torneo Reclasificatorio;RECLASIFICACION;SUR;2C;5;19/04/2026;VILLA ESPAÑA;0;MUNICIPALIDAD DE AVELLANEDA;0
2026;PREMINI;Fase Regular;Torneo Reclasificatorio;RECLASIFICACION;SUR;2C;5;19/04/2026;BERAZATEGUI;24;SPORTIVO ALSINA;4
2026;PREMINI;Fase Regular;Torneo Reclasificatorio;RECLASIFICACION;SUR;2C;6;26/04/2026;BERAZATEGUI;18;CLUB EL FOGON;12
2026;PREMINI;Fase Regular;Torneo Reclasificatorio;RECLASIFICACION;SUR;2C;6;26/04/2026;SPORTIVO ALSINA;12;VILLA ESPAÑA;114
2026;PREMINI;Fase Regular;Torneo Reclasificatorio;RECLASIFICACION;SUR;2C;6;26/04/2026;MUNICIPALIDAD DE AVELLANEDA;0;TAPONAZO  FUTBOL CLUB;0
2026;PREMINI;Fase Regular;Torneo Reclasificatorio;RECLASIFICACION;SUR;2C;6;26/04/2026;GIMNASIA Y ESGRIMA DE LA PLATA B;0;SOCIAL LANUS;20
2026;PREMINI;Fase Regular;Torneo Reclasificatorio;RECLASIFICACION;SUR;2C;6;26/04/2026;COLON FC;31;GIMNASIA y ESGRIMA DE LOMAS DE ZAMORA B;0
2026;PREMINI;Fase Regular;Torneo Reclasificatorio;RECLASIFICACION;SUR;2C;7;03/05/2026;CLUB EL FOGON;20;COLON FC;0
2026;PREMINI;Fase Regular;Torneo Reclasificatorio;RECLASIFICACION;SUR;2C;7;03/05/2026;GIMNASIA y ESGRIMA DE LOMAS DE ZAMORA B;20;GIMNASIA Y ESGRIMA DE LA PLATA B;0
2026;PREMINI;Fase Regular;Torneo Reclasificatorio;RECLASIFICACION;SUR;2C;7;03/05/2026;SOCIAL LANUS;20;MUNICIPALIDAD DE AVELLANEDA;0
2026;PREMINI;Fase Regular;Torneo Reclasificatorio;RECLASIFICACION;SUR;2C;7;03/05/2026;TAPONAZO  FUTBOL CLUB;0;SPORTIVO ALSINA;0
2026;PREMINI;Fase Regular;Torneo Reclasificatorio;RECLASIFICACION;SUR;2C;7;03/05/2026;VILLA ESPAÑA;0;BERAZATEGUI;0
2026;PREMINI;Fase Regular;Torneo Reclasificatorio;RECLASIFICACION;SUR;2C;8;10/05/2026;VILLA ESPAÑA;84;CLUB EL FOGON;4
2026;PREMINI;Fase Regular;Torneo Reclasificatorio;RECLASIFICACION;SUR;2C;8;10/05/2026;BERAZATEGUI;38;TAPONAZO  FUTBOL CLUB;14
2026;PREMINI;Fase Regular;Torneo Reclasificatorio;RECLASIFICACION;SUR;2C;8;10/05/2026;SPORTIVO ALSINA;24;SOCIAL LANUS;8
2026;PREMINI;Fase Regular;Torneo Reclasificatorio;RECLASIFICACION;SUR;2C;8;10/05/2026;MUNICIPALIDAD DE AVELLANEDA;0;GIMNASIA y ESGRIMA DE LOMAS DE ZAMORA B;0
2026;PREMINI;Fase Regular;Torneo Reclasificatorio;RECLASIFICACION;SUR;2C;8;10/05/2026;GIMNASIA Y ESGRIMA DE LA PLATA B;0;COLON FC;20
2026;PREMINI;Fase Regular;Torneo Reclasificatorio;RECLASIFICACION;SUR;2C;9;17/05/2026;CLUB EL FOGON;20;GIMNASIA Y ESGRIMA DE LA PLATA B;0
2026;PREMINI;Fase Regular;Torneo Reclasificatorio;RECLASIFICACION;SUR;2C;9;17/05/2026;COLON FC;32;MUNICIPALIDAD DE AVELLANEDA;14
2026;PREMINI;Fase Regular;Torneo Reclasificatorio;RECLASIFICACION;SUR;2C;9;17/05/2026;GIMNASIA y ESGRIMA DE LOMAS DE ZAMORA B;0;SPORTIVO ALSINA;0
2026;PREMINI;Fase Regular;Torneo Reclasificatorio;RECLASIFICACION;SUR;2C;9;17/05/2026;SOCIAL LANUS;24;BERAZATEGUI;14
2026;PREMINI;Fase Regular;Torneo Reclasificatorio;RECLASIFICACION;SUR;2C;9;17/05/2026;TAPONAZO  FUTBOL CLUB;5;VILLA ESPAÑA;52
2026;PREMINI;Fase Regular;Torneo Reclasificatorio;RECLASIFICACION;SUR;2C;10;24/05/2026;TAPONAZO  FUTBOL CLUB;22;CLUB EL FOGON;10
2026;PREMINI;Fase Regular;Torneo Reclasificatorio;RECLASIFICACION;SUR;2C;10;24/05/2026;SOCIAL LANUS;18;VILLA ESPAÑA;78
2026;PREMINI;Fase Regular;Torneo Reclasificatorio;RECLASIFICACION;SUR;2C;10;24/05/2026;GIMNASIA y ESGRIMA DE LOMAS DE ZAMORA B;4;BERAZATEGUI;46
2026;PREMINI;Fase Regular;Torneo Reclasificatorio;RECLASIFICACION;SUR;2C;10;24/05/2026;COLON FC;34;SPORTIVO ALSINA;26
2026;PREMINI;Fase Regular;Torneo Reclasificatorio;RECLASIFICACION;SUR;2C;10;24/05/2026;GIMNASIA Y ESGRIMA DE LA PLATA B;0;MUNICIPALIDAD DE AVELLANEDA;20
2026;PREMINI;Fase Regular;Torneo Reclasificatorio;RECLASIFICACION;SUR;2C;11;31/05/2026;SPORTIVO ALSINA;20;GIMNASIA Y ESGRIMA DE LA PLATA B;0
2026;PREMINI;Fase Regular;Torneo Reclasificatorio;RECLASIFICACION;SUR;2C;12;07/06/2026;GIMNASIA Y ESGRIMA DE LA PLATA B;0;BERAZATEGUI;20
2026;PREMINI;Fase Regular;Torneo Reclasificatorio;RECLASIFICACION;SUR;2C;13;14/06/2026;VILLA ESPAÑA;20;GIMNASIA Y ESGRIMA DE LA PLATA B;0
2026;PREMINI;Fase Regular;Torneo Reclasificatorio;RECLASIFICACION;SUR;2C;14;21/06/2026;GIMNASIA Y ESGRIMA DE LA PLATA B;0;TAPONAZO  FUTBOL CLUB;20
2026;PREMINI;Fase Regular;Torneo Reclasificatorio;RECLASIFICACION;SUR;2C;15;28/06/2026;SOCIAL LANUS;20;GIMNASIA Y ESGRIMA DE LA PLATA B;0
2026;PREMINI;Fase Regular;Torneo Reclasificatorio;RECLASIFICACION;SUR;2C;16;05/07/2026;GIMNASIA Y ESGRIMA DE LA PLATA B;0;GIMNASIA y ESGRIMA DE LOMAS DE ZAMORA B;20
2026;PREMINI;Fase Regular;Torneo Reclasificatorio;RECLASIFICACION;SUR;2C;17;12/07/2026;COLON FC;20;GIMNASIA Y ESGRIMA DE LA PLATA B;0
2026;PREMINI;Fase Regular;Torneo Reclasificatorio;RECLASIFICACION;SUR;2C;18;19/07/2026;GIMNASIA Y ESGRIMA DE LA PLATA B;0;CLUB EL FOGON;20
2026;PREMINI;Fase Regular;Torneo Clasificacion;CLASIFICACION;NORTE;1A;1;15/03/2026;SPORTIVO PILAR A;38;PLATENSE A;4
2026;PREMINI;Fase Regular;Torneo Clasificacion;CLASIFICACION;NORTE;1A;1;15/03/2026;EL TALAR;44;SPORTIVO ESCOBAR;30
2026;PREMINI;Fase Regular;Torneo Clasificacion;CLASIFICACION;NORTE;1A;1;15/03/2026;CAZA Y PESCA A;24;PRESIDENTE DERQUI;32
2026;PREMINI;Fase Regular;Torneo Clasificacion;CLASIFICACION;NORTE;1A;1;15/03/2026;SAN FERNANDO A;0;CLUB ATLETICO PILAR;0
2026;PREMINI;Fase Regular;Torneo Clasificacion;CLASIFICACION;NORTE;1A;2;22/03/2026;SAN FERNANDO A;0;SPORTIVO PILAR A;0
2026;PREMINI;Fase Regular;Torneo Clasificacion;CLASIFICACION;NORTE;1A;2;22/03/2026;CLUB ATLETICO PILAR;0;CAZA Y PESCA A;0
2026;PREMINI;Fase Regular;Torneo Clasificacion;CLASIFICACION;NORTE;1A;2;22/03/2026;PRESIDENTE DERQUI;56;EL TALAR;15
2026;PREMINI;Fase Regular;Torneo Clasificacion;CLASIFICACION;NORTE;1A;2;22/03/2026;SPORTIVO ESCOBAR;0;PLATENSE A;0
2026;PREMINI;Fase Regular;Torneo Clasificacion;CLASIFICACION;NORTE;1A;3;29/03/2026;SPORTIVO PILAR A;52;SPORTIVO ESCOBAR;32
2026;PREMINI;Fase Regular;Torneo Clasificacion;CLASIFICACION;NORTE;1A;3;29/03/2026;PLATENSE A;10;PRESIDENTE DERQUI;22
2026;PREMINI;Fase Regular;Torneo Clasificacion;CLASIFICACION;NORTE;1A;3;29/03/2026;EL TALAR;0;CLUB ATLETICO PILAR;0
2026;PREMINI;Fase Regular;Torneo Clasificacion;CLASIFICACION;NORTE;1A;3;29/03/2026;CAZA Y PESCA A;60;SAN FERNANDO A;2
2026;PREMINI;Fase Regular;Torneo Clasificacion;CLASIFICACION;NORTE;1A;4;12/04/2026;CAZA Y PESCA A;33;SPORTIVO PILAR A;20
2026;PREMINI;Fase Regular;Torneo Clasificacion;CLASIFICACION;NORTE;1A;4;12/04/2026;SAN FERNANDO A;0;EL TALAR;20
2026;PREMINI;Fase Regular;Torneo Clasificacion;CLASIFICACION;NORTE;1A;4;12/04/2026;CLUB ATLETICO PILAR;0;PLATENSE A;0
2026;PREMINI;Fase Regular;Torneo Clasificacion;CLASIFICACION;NORTE;1A;4;12/04/2026;PRESIDENTE DERQUI;20;SPORTIVO ESCOBAR;0
2026;PREMINI;Fase Regular;Torneo Clasificacion;CLASIFICACION;NORTE;1A;5;19/04/2026;SPORTIVO PILAR A;34;PRESIDENTE DERQUI;22
2026;PREMINI;Fase Regular;Torneo Clasificacion;CLASIFICACION;NORTE;1A;5;19/04/2026;SPORTIVO ESCOBAR;20;CLUB ATLETICO PILAR;0
2026;PREMINI;Fase Regular;Torneo Clasificacion;CLASIFICACION;NORTE;1A;5;19/04/2026;PLATENSE A;20;SAN FERNANDO A;0
2026;PREMINI;Fase Regular;Torneo Clasificacion;CLASIFICACION;NORTE;1A;5;19/04/2026;EL TALAR;10;CAZA Y PESCA A;36
2026;PREMINI;Fase Regular;Torneo Clasificacion;CLASIFICACION;NORTE;1A;6;26/04/2026;EL TALAR;6;SPORTIVO PILAR A;57
2026;PREMINI;Fase Regular;Torneo Clasificacion;CLASIFICACION;NORTE;1A;6;26/04/2026;CAZA Y PESCA A;55;PLATENSE A;6
2026;PREMINI;Fase Regular;Torneo Clasificacion;CLASIFICACION;NORTE;1A;6;26/04/2026;SAN FERNANDO A;0;SPORTIVO ESCOBAR;20
2026;PREMINI;Fase Regular;Torneo Clasificacion;CLASIFICACION;NORTE;1A;6;26/04/2026;CLUB ATLETICO PILAR;0;PRESIDENTE DERQUI;20
2026;PREMINI;Fase Regular;Torneo Clasificacion;CLASIFICACION;NORTE;1A;7;03/05/2026;SPORTIVO PILAR A;20;CLUB ATLETICO PILAR;0
2026;PREMINI;Fase Regular;Torneo Clasificacion;CLASIFICACION;NORTE;1A;7;03/05/2026;PRESIDENTE DERQUI;20;SAN FERNANDO A;0
2026;PREMINI;Fase Regular;Torneo Clasificacion;CLASIFICACION;NORTE;1A;7;03/05/2026;SPORTIVO ESCOBAR;0;CAZA Y PESCA A;20
2026;PREMINI;Fase Regular;Torneo Clasificacion;CLASIFICACION;NORTE;1A;7;03/05/2026;PLATENSE A;24;EL TALAR;44
2026;PREMINI;Fase Regular;Torneo Clasificacion;CLASIFICACION;NORTE;1A;8;10/05/2026;PLATENSE A;4;SPORTIVO PILAR A;78
2026;PREMINI;Fase Regular;Torneo Clasificacion;CLASIFICACION;NORTE;1A;8;10/05/2026;SPORTIVO ESCOBAR;38;EL TALAR;22
2026;PREMINI;Fase Regular;Torneo Clasificacion;CLASIFICACION;NORTE;1A;8;10/05/2026;PRESIDENTE DERQUI;24;CAZA Y PESCA A;33
2026;PREMINI;Fase Regular;Torneo Clasificacion;CLASIFICACION;NORTE;1A;8;10/05/2026;CLUB ATLETICO PILAR;0;SAN FERNANDO A;0
2026;PREMINI;Fase Regular;Torneo Clasificacion;CLASIFICACION;NORTE;1A;9;17/05/2026;SPORTIVO PILAR A;58;SAN FERNANDO A;7
2026;PREMINI;Fase Regular;Torneo Clasificacion;CLASIFICACION;NORTE;1A;9;17/05/2026;CAZA Y PESCA A;0;CLUB ATLETICO PILAR;0
2026;PREMINI;Fase Regular;Torneo Clasificacion;CLASIFICACION;NORTE;1A;9;17/05/2026;EL TALAR;6;PRESIDENTE DERQUI;36
2026;PREMINI;Fase Regular;Torneo Clasificacion;CLASIFICACION;NORTE;1A;9;17/05/2026;PLATENSE A;20;SPORTIVO ESCOBAR;39
2026;PREMINI;Fase Regular;Torneo Clasificacion;CLASIFICACION;NORTE;1A;10;24/05/2026;SPORTIVO ESCOBAR;10;SPORTIVO PILAR A;48
2026;PREMINI;Fase Regular;Torneo Clasificacion;CLASIFICACION;NORTE;1A;10;24/05/2026;PRESIDENTE DERQUI;56;PLATENSE A;12
2026;PREMINI;Fase Regular;Torneo Clasificacion;CLASIFICACION;NORTE;1A;10;24/05/2026;CLUB ATLETICO PILAR;0;EL TALAR;0
2026;PREMINI;Fase Regular;Torneo Clasificacion;CLASIFICACION;NORTE;1A;10;24/05/2026;SAN FERNANDO A;4;CAZA Y PESCA A;74
2026;PREMINI;Fase Regular;Torneo Clasificacion;CLASIFICACION;CENTRO;1A;1;15/03/2026;IMPERIO A;22;YUPANQUI;0
2026;PREMINI;Fase Regular;Torneo Clasificacion;CLASIFICACION;CENTRO;1A;1;15/03/2026;DEPORTIVO CROVARA A;26;COLEGIALES A;22
2026;PREMINI;Fase Regular;Torneo Clasificacion;CLASIFICACION;CENTRO;1A;1;15/03/2026;COMUNICACIONES A;12;COPELLO;22
2026;PREMINI;Fase Regular;Torneo Clasificacion;CLASIFICACION;CENTRO;1A;1;15/03/2026;ARQUITECTURA A;22;SAN LORENZO A;18
2026;PREMINI;Fase Regular;Torneo Clasificacion;CLASIFICACION;CENTRO;1A;2;22/03/2026;ARQUITECTURA A;12;IMPERIO A;22
2026;PREMINI;Fase Regular;Torneo Clasificacion;CLASIFICACION;CENTRO;1A;2;22/03/2026;SAN LORENZO A;8;COMUNICACIONES A;16
2026;PREMINI;Fase Regular;Torneo Clasificacion;CLASIFICACION;CENTRO;1A;2;22/03/2026;COPELLO;30;DEPORTIVO CROVARA A;14
2026;PREMINI;Fase Regular;Torneo Clasificacion;CLASIFICACION;CENTRO;1A;2;22/03/2026;COLEGIALES A;36;YUPANQUI;4
2026;PREMINI;Fase Regular;Torneo Clasificacion;CLASIFICACION;CENTRO;1A;3;29/03/2026;IMPERIO A;28;COLEGIALES A;12
2026;PREMINI;Fase Regular;Torneo Clasificacion;CLASIFICACION;CENTRO;1A;3;29/03/2026;YUPANQUI;4;COPELLO;58
2026;PREMINI;Fase Regular;Torneo Clasificacion;CLASIFICACION;CENTRO;1A;3;29/03/2026;DEPORTIVO CROVARA A;20;SAN LORENZO A;40
2026;PREMINI;Fase Regular;Torneo Clasificacion;CLASIFICACION;CENTRO;1A;3;29/03/2026;COMUNICACIONES A;16;ARQUITECTURA A;15
2026;PREMINI;Fase Regular;Torneo Clasificacion;CLASIFICACION;CENTRO;1A;4;12/04/2026;COMUNICACIONES A;14;IMPERIO A;8
2026;PREMINI;Fase Regular;Torneo Clasificacion;CLASIFICACION;CENTRO;1A;4;12/04/2026;ARQUITECTURA A;32;DEPORTIVO CROVARA A;20
2026;PREMINI;Fase Regular;Torneo Clasificacion;CLASIFICACION;CENTRO;1A;4;12/04/2026;SAN LORENZO A;40;YUPANQUI;0
2026;PREMINI;Fase Regular;Torneo Clasificacion;CLASIFICACION;CENTRO;1A;4;12/04/2026;COPELLO;44;COLEGIALES A;14
2026;PREMINI;Fase Regular;Torneo Clasificacion;CLASIFICACION;CENTRO;1A;5;19/04/2026;IMPERIO A;20;COPELLO;24
2026;PREMINI;Fase Regular;Torneo Clasificacion;CLASIFICACION;CENTRO;1A;5;19/04/2026;COLEGIALES A;0;SAN LORENZO A;0
2026;PREMINI;Fase Regular;Torneo Clasificacion;CLASIFICACION;CENTRO;1A;5;19/04/2026;YUPANQUI;0;ARQUITECTURA A;52
2026;PREMINI;Fase Regular;Torneo Clasificacion;CLASIFICACION;CENTRO;1A;5;19/04/2026;DEPORTIVO CROVARA A;20;COMUNICACIONES A;0
2026;PREMINI;Fase Regular;Torneo Clasificacion;CLASIFICACION;CENTRO;1A;6;26/04/2026;DEPORTIVO CROVARA A;20;IMPERIO A;22
2026;PREMINI;Fase Regular;Torneo Clasificacion;CLASIFICACION;CENTRO;1A;6;26/04/2026;COMUNICACIONES A;20;YUPANQUI;0
2026;PREMINI;Fase Regular;Torneo Clasificacion;CLASIFICACION;CENTRO;1A;6;26/04/2026;ARQUITECTURA A;20;COLEGIALES A;0
2026;PREMINI;Fase Regular;Torneo Clasificacion;CLASIFICACION;CENTRO;1A;6;26/04/2026;SAN LORENZO A;16;COPELLO;27
2026;PREMINI;Fase Regular;Torneo Clasificacion;CLASIFICACION;CENTRO;1A;7;03/05/2026;IMPERIO A;0;SAN LORENZO A;0
2026;PREMINI;Fase Regular;Torneo Clasificacion;CLASIFICACION;CENTRO;1A;7;03/05/2026;COPELLO;20;ARQUITECTURA A;0
2026;PREMINI;Fase Regular;Torneo Clasificacion;CLASIFICACION;CENTRO;1A;7;03/05/2026;COLEGIALES A;0;COMUNICACIONES A;0
2026;PREMINI;Fase Regular;Torneo Clasificacion;CLASIFICACION;CENTRO;1A;7;03/05/2026;YUPANQUI;10;DEPORTIVO CROVARA A;48
2026;PREMINI;Fase Regular;Torneo Clasificacion;CLASIFICACION;CENTRO;1A;8;10/05/2026;YUPANQUI;1;IMPERIO A;57
2026;PREMINI;Fase Regular;Torneo Clasificacion;CLASIFICACION;CENTRO;1A;8;10/05/2026;COLEGIALES A;20;DEPORTIVO CROVARA A;44
2026;PREMINI;Fase Regular;Torneo Clasificacion;CLASIFICACION;CENTRO;1A;8;10/05/2026;COPELLO;32;COMUNICACIONES A;9
2026;PREMINI;Fase Regular;Torneo Clasificacion;CLASIFICACION;CENTRO;1A;8;10/05/2026;SAN LORENZO A;17;ARQUITECTURA A;26
2026;PREMINI;Fase Regular;Torneo Clasificacion;CLASIFICACION;CENTRO;1A;9;17/05/2026;IMPERIO A;26;ARQUITECTURA A;16
2026;PREMINI;Fase Regular;Torneo Clasificacion;CLASIFICACION;CENTRO;1A;9;17/05/2026;COMUNICACIONES A;29;SAN LORENZO A;22
2026;PREMINI;Fase Regular;Torneo Clasificacion;CLASIFICACION;CENTRO;1A;9;17/05/2026;DEPORTIVO CROVARA A;4;COPELLO;35
2026;PREMINI;Fase Regular;Torneo Clasificacion;CLASIFICACION;CENTRO;1A;9;17/05/2026;YUPANQUI;0;COLEGIALES A;56
2026;PREMINI;Fase Regular;Torneo Clasificacion;CLASIFICACION;CENTRO;1A;10;24/05/2026;COLEGIALES A;16;IMPERIO A;38
2026;PREMINI;Fase Regular;Torneo Clasificacion;CLASIFICACION;CENTRO;1A;10;24/05/2026;COPELLO;42;YUPANQUI;0
2026;PREMINI;Fase Regular;Torneo Clasificacion;CLASIFICACION;CENTRO;1A;10;24/05/2026;SAN LORENZO A;30;DEPORTIVO CROVARA A;20
2026;PREMINI;Fase Regular;Torneo Clasificacion;CLASIFICACION;CENTRO;1A;10;24/05/2026;ARQUITECTURA A;16;COMUNICACIONES A;16
2026;PREMINI;Fase Regular;Torneo Clasificacion;CLASIFICACION;CENTRO;1A;12;07/06/2026;COMUNICACIONES A;12;DEPORTIVO CROVARA A;18
2026;PREMINI;Fase Regular;Torneo Clasificacion;CLASIFICACION;OESTE;1A;1;15/03/2026;C.A.S.A PADUA A;20;LOS INDIOS DE MORENO A;2
2026;PREMINI;Fase Regular;Torneo Clasificacion;CLASIFICACION;OESTE;1A;1;15/03/2026;ARGENTINO DE CASTELAR A;19;A.F.A.L.P. A;18
2026;PREMINI;Fase Regular;Torneo Clasificacion;CLASIFICACION;OESTE;1A;1;15/03/2026;CLARIDAD;62;DEP. MORON A;10
2026;PREMINI;Fase Regular;Torneo Clasificacion;CLASIFICACION;OESTE;1A;2;22/03/2026;CLARIDAD;58;ESTUDIANTIL PORTEÑO A;4
2026;PREMINI;Fase Regular;Torneo Clasificacion;CLASIFICACION;OESTE;1A;2;22/03/2026;DEP. MORON A;8;ARGENTINO DE CASTELAR A;14
2026;PREMINI;Fase Regular;Torneo Clasificacion;CLASIFICACION;OESTE;1A;2;22/03/2026;A.F.A.L.P. A;14;C.A.S.A PADUA A;34
2026;PREMINI;Fase Regular;Torneo Clasificacion;CLASIFICACION;OESTE;1A;3;29/03/2026;ESTUDIANTIL PORTEÑO A;16;LOS INDIOS DE MORENO A;8
2026;PREMINI;Fase Regular;Torneo Clasificacion;CLASIFICACION;OESTE;1A;3;29/03/2026;C.A.S.A PADUA A;40;DEP. MORON A;4
2026;PREMINI;Fase Regular;Torneo Clasificacion;CLASIFICACION;OESTE;1A;3;29/03/2026;ARGENTINO DE CASTELAR A;13;CLARIDAD;36
2026;PREMINI;Fase Regular;Torneo Clasificacion;CLASIFICACION;OESTE;1A;4;12/04/2026;ARGENTINO DE CASTELAR A;0;ESTUDIANTIL PORTEÑO A;0
2026;PREMINI;Fase Regular;Torneo Clasificacion;CLASIFICACION;OESTE;1A;4;12/04/2026;CLARIDAD;46;C.A.S.A PADUA A;24
2026;PREMINI;Fase Regular;Torneo Clasificacion;CLASIFICACION;OESTE;1A;4;12/04/2026;A.F.A.L.P. A;26;LOS INDIOS DE MORENO A;16
2026;PREMINI;Fase Regular;Torneo Clasificacion;CLASIFICACION;OESTE;1A;5;19/04/2026;ESTUDIANTIL PORTEÑO A;10;A.F.A.L.P. A;18
2026;PREMINI;Fase Regular;Torneo Clasificacion;CLASIFICACION;OESTE;1A;5;19/04/2026;LOS INDIOS DE MORENO A;31;DEP. MORON A;29
2026;PREMINI;Fase Regular;Torneo Clasificacion;CLASIFICACION;OESTE;1A;5;19/04/2026;C.A.S.A PADUA A;20;ARGENTINO DE CASTELAR A;0
2026;PREMINI;Fase Regular;Torneo Clasificacion;CLASIFICACION;OESTE;1A;6;26/04/2026;C.A.S.A PADUA A;20;ESTUDIANTIL PORTEÑO A;0
2026;PREMINI;Fase Regular;Torneo Clasificacion;CLASIFICACION;OESTE;1A;6;26/04/2026;CLARIDAD;20;LOS INDIOS DE MORENO A;0
2026;PREMINI;Fase Regular;Torneo Clasificacion;CLASIFICACION;OESTE;1A;6;26/04/2026;DEP. MORON A;0;A.F.A.L.P. A;20
2026;PREMINI;Fase Regular;Torneo Clasificacion;CLASIFICACION;OESTE;1A;7;03/05/2026;ESTUDIANTIL PORTEÑO A;20;DEP. MORON A;0
2026;PREMINI;Fase Regular;Torneo Clasificacion;CLASIFICACION;OESTE;1A;7;03/05/2026;A.F.A.L.P. A;22;CLARIDAD;52
2026;PREMINI;Fase Regular;Torneo Clasificacion;CLASIFICACION;OESTE;1A;7;03/05/2026;LOS INDIOS DE MORENO A;20;ARGENTINO DE CASTELAR A;0
2026;PREMINI;Fase Regular;Torneo Clasificacion;CLASIFICACION;OESTE;1A;8;10/05/2026;LOS INDIOS DE MORENO A;6;C.A.S.A PADUA A;28
2026;PREMINI;Fase Regular;Torneo Clasificacion;CLASIFICACION;OESTE;1A;8;10/05/2026;A.F.A.L.P. A;24;ARGENTINO DE CASTELAR A;10
2026;PREMINI;Fase Regular;Torneo Clasificacion;CLASIFICACION;OESTE;1A;8;10/05/2026;DEP. MORON A;12;CLARIDAD;64
2026;PREMINI;Fase Regular;Torneo Clasificacion;CLASIFICACION;OESTE;1A;9;17/05/2026;ESTUDIANTIL PORTEÑO A;8;CLARIDAD;66
2026;PREMINI;Fase Regular;Torneo Clasificacion;CLASIFICACION;OESTE;1A;9;17/05/2026;ARGENTINO DE CASTELAR A;22;DEP. MORON A;13
2026;PREMINI;Fase Regular;Torneo Clasificacion;CLASIFICACION;OESTE;1A;9;17/05/2026;C.A.S.A PADUA A;30;A.F.A.L.P. A;20
2026;PREMINI;Fase Regular;Torneo Clasificacion;CLASIFICACION;OESTE;1A;10;24/05/2026;LOS INDIOS DE MORENO A;26;ESTUDIANTIL PORTEÑO A;10
2026;PREMINI;Fase Regular;Torneo Clasificacion;CLASIFICACION;OESTE;1A;10;24/05/2026;DEP. MORON A;8;C.A.S.A PADUA A;56
2026;PREMINI;Fase Regular;Torneo Clasificacion;CLASIFICACION;OESTE;1A;10;24/05/2026;CLARIDAD;48;ARGENTINO DE CASTELAR A;16
2026;PREMINI;Fase Regular;Torneo Clasificacion;CLASIFICACION;SUR;1A;1;15/03/2026;QUILMES A.C.;18;INDEPENDIENTE A;20
2026;PREMINI;Fase Regular;Torneo Clasificacion;CLASIFICACION;SUR;1A;1;15/03/2026;WILDE SPORTING;0;CLUB SOCIAL EZEIZA;0
2026;PREMINI;Fase Regular;Torneo Clasificacion;CLASIFICACION;SUR;1A;1;15/03/2026;VARELA JRS;12;GIMNASIA Y ESGRIMA DE LOMAS DE ZAMORA A;52
2026;PREMINI;Fase Regular;Torneo Clasificacion;CLASIFICACION;SUR;1A;2;22/03/2026;VARELA JRS;16;MONTE GRANDE A;36
2026;PREMINI;Fase Regular;Torneo Clasificacion;CLASIFICACION;SUR;1A;2;22/03/2026;GIMNASIA Y ESGRIMA DE LOMAS DE ZAMORA A;28;WILDE SPORTING;23
2026;PREMINI;Fase Regular;Torneo Clasificacion;CLASIFICACION;SUR;1A;2;22/03/2026;CLUB SOCIAL EZEIZA;31;QUILMES A.C.;36
2026;PREMINI;Fase Regular;Torneo Clasificacion;CLASIFICACION;SUR;1A;3;29/03/2026;MONTE GRANDE A;27;INDEPENDIENTE A;35
2026;PREMINI;Fase Regular;Torneo Clasificacion;CLASIFICACION;SUR;1A;3;29/03/2026;QUILMES A.C.;18;GIMNASIA Y ESGRIMA DE LOMAS DE ZAMORA A;34
2026;PREMINI;Fase Regular;Torneo Clasificacion;CLASIFICACION;SUR;1A;3;29/03/2026;WILDE SPORTING;40;VARELA JRS;16
2026;PREMINI;Fase Regular;Torneo Clasificacion;CLASIFICACION;SUR;1A;4;12/04/2026;WILDE SPORTING;12;MONTE GRANDE A;24
2026;PREMINI;Fase Regular;Torneo Clasificacion;CLASIFICACION;SUR;1A;4;12/04/2026;VARELA JRS;20;QUILMES A.C.;0
2026;PREMINI;Fase Regular;Torneo Clasificacion;CLASIFICACION;SUR;1A;4;12/04/2026;CLUB SOCIAL EZEIZA;23;INDEPENDIENTE A;38
2026;PREMINI;Fase Regular;Torneo Clasificacion;CLASIFICACION;SUR;1A;5;19/04/2026;MONTE GRANDE A;39;CLUB SOCIAL EZEIZA;30
2026;PREMINI;Fase Regular;Torneo Clasificacion;CLASIFICACION;SUR;1A;5;19/04/2026;INDEPENDIENTE A;36;GIMNASIA Y ESGRIMA DE LOMAS DE ZAMORA A;32
2026;PREMINI;Fase Regular;Torneo Clasificacion;CLASIFICACION;SUR;1A;5;19/04/2026;QUILMES A.C.;0;WILDE SPORTING;20
2026;PREMINI;Fase Regular;Torneo Clasificacion;CLASIFICACION;SUR;1A;6;26/04/2026;QUILMES A.C.;17;MONTE GRANDE A;34
2026;PREMINI;Fase Regular;Torneo Clasificacion;CLASIFICACION;SUR;1A;6;26/04/2026;VARELA JRS;16;INDEPENDIENTE A;38
2026;PREMINI;Fase Regular;Torneo Clasificacion;CLASIFICACION;SUR;1A;6;26/04/2026;GIMNASIA Y ESGRIMA DE LOMAS DE ZAMORA A;35;CLUB SOCIAL EZEIZA;31
2026;PREMINI;Fase Regular;Torneo Clasificacion;CLASIFICACION;SUR;1A;7;03/05/2026;MONTE GRANDE A;20;GIMNASIA Y ESGRIMA DE LOMAS DE ZAMORA A;32
2026;PREMINI;Fase Regular;Torneo Clasificacion;CLASIFICACION;SUR;1A;7;03/05/2026;CLUB SOCIAL EZEIZA;34;VARELA JRS;24
2026;PREMINI;Fase Regular;Torneo Clasificacion;CLASIFICACION;SUR;1A;7;03/05/2026;INDEPENDIENTE A;42;WILDE SPORTING;24
2026;PREMINI;Fase Regular;Torneo Clasificacion;CLASIFICACION;SUR;1A;8;10/05/2026;INDEPENDIENTE A;28;QUILMES A.C.;4
2026;PREMINI;Fase Regular;Torneo Clasificacion;CLASIFICACION;SUR;1A;8;10/05/2026;CLUB SOCIAL EZEIZA;20;WILDE SPORTING;22
2026;PREMINI;Fase Regular;Torneo Clasificacion;CLASIFICACION;SUR;1A;8;10/05/2026;GIMNASIA Y ESGRIMA DE LOMAS DE ZAMORA A;36;VARELA JRS;14
2026;PREMINI;Fase Regular;Torneo Clasificacion;CLASIFICACION;SUR;1A;9;17/05/2026;MONTE GRANDE A;24;VARELA JRS;30
2026;PREMINI;Fase Regular;Torneo Clasificacion;CLASIFICACION;SUR;1A;9;17/05/2026;WILDE SPORTING;20;GIMNASIA Y ESGRIMA DE LOMAS DE ZAMORA A;30
2026;PREMINI;Fase Regular;Torneo Clasificacion;CLASIFICACION;SUR;1A;9;17/05/2026;QUILMES A.C.;24;CLUB SOCIAL EZEIZA;24
2026;PREMINI;Fase Regular;Torneo Clasificacion;CLASIFICACION;SUR;1A;10;24/05/2026;INDEPENDIENTE A;28;MONTE GRANDE A;20
2026;PREMINI;Fase Regular;Torneo Clasificacion;CLASIFICACION;SUR;1A;10;24/05/2026;GIMNASIA Y ESGRIMA DE LOMAS DE ZAMORA A;0;QUILMES A.C.;0
2026;PREMINI;Fase Regular;Torneo Clasificacion;CLASIFICACION;SUR;1A;10;24/05/2026;VARELA JRS;26;WILDE SPORTING;34
2026;PREMINI;Fase Regular;Torneo Clasificacion;CLASIFICACION;CENTRO;2B;1;15/03/2026;ATENEO POPULAR VERSAILLES;0;ESTRELLA DE BOEDO;0
2026;PREMINI;Fase Regular;Torneo Clasificacion;CLASIFICACION;CENTRO;2B;1;15/03/2026;FERROCARRIL OESTE A;10;VELEZ SARSFIELD A;36
2026;PREMINI;Fase Regular;Torneo Clasificacion;CLASIFICACION;CENTRO;2B;1;15/03/2026;PINOCHO B;0;CIUDAD DE BUENOS AIRES A;0
2026;PREMINI;Fase Regular;Torneo Clasificacion;CLASIFICACION;CENTRO;2B;1;15/03/2026;VILLA MITRE;20;JOSE HERNANDEZ A;20
2026;PREMINI;Fase Regular;Torneo Clasificacion;CLASIFICACION;CENTRO;2B;2;22/03/2026;VILLA MITRE;8;ATENEO POPULAR VERSAILLES;16
2026;PREMINI;Fase Regular;Torneo Clasificacion;CLASIFICACION;CENTRO;2B;2;22/03/2026;JOSE HERNANDEZ A;0;PINOCHO B;0
2026;PREMINI;Fase Regular;Torneo Clasificacion;CLASIFICACION;CENTRO;2B;2;22/03/2026;CIUDAD DE BUENOS AIRES A;12;FERROCARRIL OESTE A;46
2026;PREMINI;Fase Regular;Torneo Clasificacion;CLASIFICACION;CENTRO;2B;2;22/03/2026;VELEZ SARSFIELD A;0;ESTRELLA DE BOEDO;0
2026;PREMINI;Fase Regular;Torneo Clasificacion;CLASIFICACION;CENTRO;2B;3;29/03/2026;ATENEO POPULAR VERSAILLES;8;VELEZ SARSFIELD A;52
2026;PREMINI;Fase Regular;Torneo Clasificacion;CLASIFICACION;CENTRO;2B;3;29/03/2026;ESTRELLA DE BOEDO;0;CIUDAD DE BUENOS AIRES A;0
2026;PREMINI;Fase Regular;Torneo Clasificacion;CLASIFICACION;CENTRO;2B;3;29/03/2026;FERROCARRIL OESTE A;64;JOSE HERNANDEZ A;6
2026;PREMINI;Fase Regular;Torneo Clasificacion;CLASIFICACION;CENTRO;2B;3;29/03/2026;PINOCHO B;0;VILLA MITRE;16
2026;PREMINI;Fase Regular;Torneo Clasificacion;CLASIFICACION;CENTRO;2B;4;12/04/2026;PINOCHO B;2;ATENEO POPULAR VERSAILLES;36
2026;PREMINI;Fase Regular;Torneo Clasificacion;CLASIFICACION;CENTRO;2B;4;12/04/2026;VILLA MITRE;2;FERROCARRIL OESTE A;32
2026;PREMINI;Fase Regular;Torneo Clasificacion;CLASIFICACION;CENTRO;2B;4;12/04/2026;JOSE HERNANDEZ A;0;ESTRELLA DE BOEDO;0
2026;PREMINI;Fase Regular;Torneo Clasificacion;CLASIFICACION;CENTRO;2B;4;12/04/2026;CIUDAD DE BUENOS AIRES A;20;VELEZ SARSFIELD A;63
2026;PREMINI;Fase Regular;Torneo Clasificacion;CLASIFICACION;CENTRO;2B;5;19/04/2026;ATENEO POPULAR VERSAILLES;18;CIUDAD DE BUENOS AIRES A;24
2026;PREMINI;Fase Regular;Torneo Clasificacion;CLASIFICACION;CENTRO;2B;5;19/04/2026;VELEZ SARSFIELD A;66;JOSE HERNANDEZ A;2
2026;PREMINI;Fase Regular;Torneo Clasificacion;CLASIFICACION;CENTRO;2B;5;19/04/2026;ESTRELLA DE BOEDO;0;VILLA MITRE;20
2026;PREMINI;Fase Regular;Torneo Clasificacion;CLASIFICACION;CENTRO;2B;5;19/04/2026;FERROCARRIL OESTE A;20;PINOCHO B;0
2026;PREMINI;Fase Regular;Torneo Clasificacion;CLASIFICACION;CENTRO;2B;6;26/04/2026;FERROCARRIL OESTE A;25;ATENEO POPULAR VERSAILLES;5
2026;PREMINI;Fase Regular;Torneo Clasificacion;CLASIFICACION;CENTRO;2B;6;26/04/2026;PINOCHO B;20;ESTRELLA DE BOEDO;0
2026;PREMINI;Fase Regular;Torneo Clasificacion;CLASIFICACION;CENTRO;2B;6;26/04/2026;VILLA MITRE;6;VELEZ SARSFIELD A;62
2026;PREMINI;Fase Regular;Torneo Clasificacion;CLASIFICACION;CENTRO;2B;6;26/04/2026;JOSE HERNANDEZ A;20;CIUDAD DE BUENOS AIRES A;0
2026;PREMINI;Fase Regular;Torneo Clasificacion;CLASIFICACION;CENTRO;2B;7;03/05/2026;ATENEO POPULAR VERSAILLES;20;JOSE HERNANDEZ A;0
2026;PREMINI;Fase Regular;Torneo Clasificacion;CLASIFICACION;CENTRO;2B;7;03/05/2026;CIUDAD DE BUENOS AIRES A;28;VILLA MITRE;24
2026;PREMINI;Fase Regular;Torneo Clasificacion;CLASIFICACION;CENTRO;2B;7;03/05/2026;VELEZ SARSFIELD A;20;PINOCHO B;0
2026;PREMINI;Fase Regular;Torneo Clasificacion;CLASIFICACION;CENTRO;2B;7;03/05/2026;ESTRELLA DE BOEDO;0;FERROCARRIL OESTE A;20
2026;PREMINI;Fase Regular;Torneo Clasificacion;CLASIFICACION;CENTRO;2B;8;10/05/2026;VELEZ SARSFIELD A;50;FERROCARRIL OESTE A;26
2026;PREMINI;Fase Regular;Torneo Clasificacion;CLASIFICACION;CENTRO;2B;8;10/05/2026;CIUDAD DE BUENOS AIRES A;36;PINOCHO B;6
2026;PREMINI;Fase Regular;Torneo Clasificacion;CLASIFICACION;CENTRO;2B;8;10/05/2026;JOSE HERNANDEZ A;16;VILLA MITRE;18
2026;PREMINI;Fase Regular;Torneo Clasificacion;CLASIFICACION;CENTRO;2B;9;17/05/2026;ATENEO POPULAR VERSAILLES;24;VILLA MITRE;6
2026;PREMINI;Fase Regular;Torneo Clasificacion;CLASIFICACION;CENTRO;2B;9;17/05/2026;PINOCHO B;4;JOSE HERNANDEZ A;36
2026;PREMINI;Fase Regular;Torneo Clasificacion;CLASIFICACION;CENTRO;2B;9;17/05/2026;FERROCARRIL OESTE A;42;CIUDAD DE BUENOS AIRES A;12
2026;PREMINI;Fase Regular;Torneo Clasificacion;CLASIFICACION;CENTRO;2B;9;17/05/2026;ESTRELLA DE BOEDO;0;VELEZ SARSFIELD A;0
2026;PREMINI;Fase Regular;Torneo Clasificacion;CLASIFICACION;CENTRO;2B;10;24/05/2026;CIUDAD DE BUENOS AIRES A;20;ESTRELLA DE BOEDO;0
2026;PREMINI;Fase Regular;Torneo Clasificacion;CLASIFICACION;CENTRO;2B;10;24/05/2026;JOSE HERNANDEZ A;16;FERROCARRIL OESTE A;48
2026;PREMINI;Fase Regular;Torneo Clasificacion;CLASIFICACION;CENTRO;2B;10;24/05/2026;VILLA MITRE;43;PINOCHO B;0
2026;PREMINI;Fase Regular;Torneo Clasificacion;CLASIFICACION;OESTE;2B;1;15/03/2026;PORTEÑO ATHLETIC CLUB A;0;ARGENTINO DE CASTELAR B;0
2026;PREMINI;Fase Regular;Torneo Clasificacion;CLASIFICACION;OESTE;2B;1;15/03/2026;LOS INDIOS DE MORENO B;0;INSTITUCION SARMIENTO B;20
2026;PREMINI;Fase Regular;Torneo Clasificacion;CLASIFICACION;OESTE;2B;1;15/03/2026;LEANDRO N ALEM;16;MORON A;24
2026;PREMINI;Fase Regular;Torneo Clasificacion;CLASIFICACION;OESTE;2B;2;22/03/2026;MORON A;20;LOS INDIOS DE MORENO B;0
2026;PREMINI;Fase Regular;Torneo Clasificacion;CLASIFICACION;OESTE;2B;2;22/03/2026;INSTITUCION SARMIENTO B;2;PORTEÑO ATHLETIC CLUB A;20
2026;PREMINI;Fase Regular;Torneo Clasificacion;CLASIFICACION;OESTE;2B;2;22/03/2026;ARGENTINO DE CASTELAR B;0;GIMNASIA Y ESGRIMA DE ITUZAINGO A;0
2026;PREMINI;Fase Regular;Torneo Clasificacion;CLASIFICACION;OESTE;2B;3;29/03/2026;GIMNASIA Y ESGRIMA DE ITUZAINGO A;20;INSTITUCION SARMIENTO B;0
2026;PREMINI;Fase Regular;Torneo Clasificacion;CLASIFICACION;OESTE;2B;3;29/03/2026;PORTEÑO ATHLETIC CLUB A;0;MORON A;20
2026;PREMINI;Fase Regular;Torneo Clasificacion;CLASIFICACION;OESTE;2B;3;29/03/2026;LOS INDIOS DE MORENO B;20;LEANDRO N ALEM;14
2026;PREMINI;Fase Regular;Torneo Clasificacion;CLASIFICACION;OESTE;2B;4;12/04/2026;LEANDRO N ALEM;0;PORTEÑO ATHLETIC CLUB A;0
2026;PREMINI;Fase Regular;Torneo Clasificacion;CLASIFICACION;OESTE;2B;4;12/04/2026;MORON A;18;GIMNASIA Y ESGRIMA DE ITUZAINGO A;30
2026;PREMINI;Fase Regular;Torneo Clasificacion;CLASIFICACION;OESTE;2B;4;12/04/2026;INSTITUCION SARMIENTO B;0;ARGENTINO DE CASTELAR B;0
2026;PREMINI;Fase Regular;Torneo Clasificacion;CLASIFICACION;OESTE;2B;5;19/04/2026;ARGENTINO DE CASTELAR B;0;MORON A;20
2026;PREMINI;Fase Regular;Torneo Clasificacion;CLASIFICACION;OESTE;2B;5;19/04/2026;GIMNASIA Y ESGRIMA DE ITUZAINGO A;0;LEANDRO N ALEM;0
2026;PREMINI;Fase Regular;Torneo Clasificacion;CLASIFICACION;OESTE;2B;5;19/04/2026;PORTEÑO ATHLETIC CLUB A;0;LOS INDIOS DE MORENO B;0
2026;PREMINI;Fase Regular;Torneo Clasificacion;CLASIFICACION;OESTE;2B;6;26/04/2026;LOS INDIOS DE MORENO B;8;GIMNASIA Y ESGRIMA DE ITUZAINGO A;26
2026;PREMINI;Fase Regular;Torneo Clasificacion;CLASIFICACION;OESTE;2B;6;26/04/2026;LEANDRO N ALEM;20;ARGENTINO DE CASTELAR B;0
2026;PREMINI;Fase Regular;Torneo Clasificacion;CLASIFICACION;OESTE;2B;6;26/04/2026;MORON A;20;INSTITUCION SARMIENTO B;0
2026;PREMINI;Fase Regular;Torneo Clasificacion;CLASIFICACION;OESTE;2B;7;03/05/2026;INSTITUCION SARMIENTO B;0;LEANDRO N ALEM;0
2026;PREMINI;Fase Regular;Torneo Clasificacion;CLASIFICACION;OESTE;2B;7;03/05/2026;ARGENTINO DE CASTELAR B;0;LOS INDIOS DE MORENO B;0
2026;PREMINI;Fase Regular;Torneo Clasificacion;CLASIFICACION;OESTE;2B;7;03/05/2026;GIMNASIA Y ESGRIMA DE ITUZAINGO A;12;PORTEÑO ATHLETIC CLUB A;14
2026;PREMINI;Fase Regular;Torneo Clasificacion;CLASIFICACION;OESTE;2B;8;10/05/2026;ARGENTINO DE CASTELAR B;6;PORTEÑO ATHLETIC CLUB A;39
2026;PREMINI;Fase Regular;Torneo Clasificacion;CLASIFICACION;OESTE;2B;8;10/05/2026;INSTITUCION SARMIENTO B;14;LOS INDIOS DE MORENO B;20
2026;PREMINI;Fase Regular;Torneo Clasificacion;CLASIFICACION;OESTE;2B;8;10/05/2026;MORON A;0;LEANDRO N ALEM;0
2026;PREMINI;Fase Regular;Torneo Clasificacion;CLASIFICACION;OESTE;2B;9;17/05/2026;LOS INDIOS DE MORENO B;18;MORON A;20
2026;PREMINI;Fase Regular;Torneo Clasificacion;CLASIFICACION;OESTE;2B;9;17/05/2026;PORTEÑO ATHLETIC CLUB A;0;INSTITUCION SARMIENTO B;0
2026;PREMINI;Fase Regular;Torneo Clasificacion;CLASIFICACION;OESTE;2B;9;17/05/2026;GIMNASIA Y ESGRIMA DE ITUZAINGO A;0;ARGENTINO DE CASTELAR B;0
2026;PREMINI;Fase Regular;Torneo Clasificacion;CLASIFICACION;OESTE;2B;10;24/05/2026;INSTITUCION SARMIENTO B;12;GIMNASIA Y ESGRIMA DE ITUZAINGO A;26
2026;PREMINI;Fase Regular;Torneo Clasificacion;CLASIFICACION;OESTE;2B;10;24/05/2026;MORON A;8;PORTEÑO ATHLETIC CLUB A;32
2026;PREMINI;Fase Regular;Torneo Clasificacion;CLASIFICACION;OESTE;2B;10;24/05/2026;LEANDRO N ALEM;4;LOS INDIOS DE MORENO B;14
2026;PREMINI;Fase Regular;Torneo Clasificacion;CLASIFICACION;OESTE;2B;12;07/06/2026;MORON A;24;ARGENTINO DE CASTELAR B;12
2026;PREMINI;Fase Regular;Torneo Clasificacion;CLASIFICACION;SUR;2B;1;15/03/2026;BOCA JUNIORS A;32;OLIMPO A;28
2026;PREMINI;Fase Regular;Torneo Clasificacion;CLASIFICACION;SUR;2B;1;15/03/2026;BURZACO FC A;26;LOS ANDES;32
2026;PREMINI;Fase Regular;Torneo Clasificacion;CLASIFICACION;SUR;2B;1;15/03/2026;COUNTRY BANFIELD A;20;LOBOS ATHLETIC CLUB;0
2026;PREMINI;Fase Regular;Torneo Clasificacion;CLASIFICACION;SUR;2B;1;15/03/2026;TRISTAN SUAREZ;28;CLUB SOCIAL ALEJANDRO KORN;16
2026;PREMINI;Fase Regular;Torneo Clasificacion;CLASIFICACION;SUR;2B;2;22/03/2026;TRISTAN SUAREZ;10;BOCA JUNIORS A;24
2026;PREMINI;Fase Regular;Torneo Clasificacion;CLASIFICACION;SUR;2B;2;22/03/2026;CLUB SOCIAL ALEJANDRO KORN;14;COUNTRY BANFIELD A;24
2026;PREMINI;Fase Regular;Torneo Clasificacion;CLASIFICACION;SUR;2B;2;22/03/2026;LOBOS ATHLETIC CLUB;16;BURZACO FC A;40
2026;PREMINI;Fase Regular;Torneo Clasificacion;CLASIFICACION;SUR;2B;2;22/03/2026;LOS ANDES;26;OLIMPO A;22
2026;PREMINI;Fase Regular;Torneo Clasificacion;CLASIFICACION;SUR;2B;3;29/03/2026;BOCA JUNIORS A;18;LOS ANDES;26
2026;PREMINI;Fase Regular;Torneo Clasificacion;CLASIFICACION;SUR;2B;3;29/03/2026;OLIMPO A;34;LOBOS ATHLETIC CLUB;16
2026;PREMINI;Fase Regular;Torneo Clasificacion;CLASIFICACION;SUR;2B;3;29/03/2026;BURZACO FC A;30;CLUB SOCIAL ALEJANDRO KORN;16
2026;PREMINI;Fase Regular;Torneo Clasificacion;CLASIFICACION;SUR;2B;3;29/03/2026;COUNTRY BANFIELD A;38;TRISTAN SUAREZ;10
2026;PREMINI;Fase Regular;Torneo Clasificacion;CLASIFICACION;SUR;2B;4;12/04/2026;COUNTRY BANFIELD A;22;BOCA JUNIORS A;19
2026;PREMINI;Fase Regular;Torneo Clasificacion;CLASIFICACION;SUR;2B;4;12/04/2026;TRISTAN SUAREZ;31;BURZACO FC A;37
2026;PREMINI;Fase Regular;Torneo Clasificacion;CLASIFICACION;SUR;2B;4;12/04/2026;CLUB SOCIAL ALEJANDRO KORN;20;OLIMPO A;0
2026;PREMINI;Fase Regular;Torneo Clasificacion;CLASIFICACION;SUR;2B;4;12/04/2026;LOBOS ATHLETIC CLUB;0;LOS ANDES;20
2026;PREMINI;Fase Regular;Torneo Clasificacion;CLASIFICACION;SUR;2B;5;19/04/2026;BOCA JUNIORS A;0;LOBOS ATHLETIC CLUB;20
2026;PREMINI;Fase Regular;Torneo Clasificacion;CLASIFICACION;SUR;2B;5;19/04/2026;LOS ANDES;34;CLUB SOCIAL ALEJANDRO KORN;16
2026;PREMINI;Fase Regular;Torneo Clasificacion;CLASIFICACION;SUR;2B;5;19/04/2026;OLIMPO A;28;TRISTAN SUAREZ;14
2026;PREMINI;Fase Regular;Torneo Clasificacion;CLASIFICACION;SUR;2B;5;19/04/2026;BURZACO FC A;18;COUNTRY BANFIELD A;21
2026;PREMINI;Fase Regular;Torneo Clasificacion;CLASIFICACION;SUR;2B;6;26/04/2026;BURZACO FC A;20;BOCA JUNIORS A;0
2026;PREMINI;Fase Regular;Torneo Clasificacion;CLASIFICACION;SUR;2B;6;26/04/2026;COUNTRY BANFIELD A;41;OLIMPO A;14
2026;PREMINI;Fase Regular;Torneo Clasificacion;CLASIFICACION;SUR;2B;6;26/04/2026;TRISTAN SUAREZ;14;LOS ANDES;44
2026;PREMINI;Fase Regular;Torneo Clasificacion;CLASIFICACION;SUR;2B;6;26/04/2026;CLUB SOCIAL ALEJANDRO KORN;20;LOBOS ATHLETIC CLUB;0
2026;PREMINI;Fase Regular;Torneo Clasificacion;CLASIFICACION;SUR;2B;7;03/05/2026;BOCA JUNIORS A;10;CLUB SOCIAL ALEJANDRO KORN;16
2026;PREMINI;Fase Regular;Torneo Clasificacion;CLASIFICACION;SUR;2B;7;03/05/2026;LOBOS ATHLETIC CLUB;20;TRISTAN SUAREZ;14
2026;PREMINI;Fase Regular;Torneo Clasificacion;CLASIFICACION;SUR;2B;7;03/05/2026;LOS ANDES;16;COUNTRY BANFIELD A;21
2026;PREMINI;Fase Regular;Torneo Clasificacion;CLASIFICACION;SUR;2B;7;03/05/2026;OLIMPO A;20;BURZACO FC A;0
2026;PREMINI;Fase Regular;Torneo Clasificacion;CLASIFICACION;SUR;2B;8;10/05/2026;OLIMPO A;32;BOCA JUNIORS A;18
2026;PREMINI;Fase Regular;Torneo Clasificacion;CLASIFICACION;SUR;2B;8;10/05/2026;LOS ANDES;25;BURZACO FC A;48
2026;PREMINI;Fase Regular;Torneo Clasificacion;CLASIFICACION;SUR;2B;8;10/05/2026;LOBOS ATHLETIC CLUB;14;COUNTRY BANFIELD A;26
2026;PREMINI;Fase Regular;Torneo Clasificacion;CLASIFICACION;SUR;2B;8;10/05/2026;CLUB SOCIAL ALEJANDRO KORN;28;TRISTAN SUAREZ;18
2026;PREMINI;Fase Regular;Torneo Clasificacion;CLASIFICACION;SUR;2B;9;17/05/2026;BOCA JUNIORS A;38;TRISTAN SUAREZ;12
2026;PREMINI;Fase Regular;Torneo Clasificacion;CLASIFICACION;SUR;2B;9;17/05/2026;COUNTRY BANFIELD A;32;CLUB SOCIAL ALEJANDRO KORN;15
2026;PREMINI;Fase Regular;Torneo Clasificacion;CLASIFICACION;SUR;2B;9;17/05/2026;BURZACO FC A;0;LOBOS ATHLETIC CLUB;0
2026;PREMINI;Fase Regular;Torneo Clasificacion;CLASIFICACION;SUR;2B;9;17/05/2026;OLIMPO A;18;LOS ANDES;36
2026;PREMINI;Fase Regular;Torneo Clasificacion;CLASIFICACION;SUR;2B;10;24/05/2026;LOS ANDES;36;BOCA JUNIORS A;18
2026;PREMINI;Fase Regular;Torneo Clasificacion;CLASIFICACION;SUR;2B;10;24/05/2026;LOBOS ATHLETIC CLUB;22;OLIMPO A;16
2026;PREMINI;Fase Regular;Torneo Clasificacion;CLASIFICACION;SUR;2B;10;24/05/2026;CLUB SOCIAL ALEJANDRO KORN;12;BURZACO FC A;32
2026;PREMINI;Fase Regular;Torneo Clasificacion;CLASIFICACION;SUR;2B;10;24/05/2026;TRISTAN SUAREZ;10;COUNTRY BANFIELD A;34
2026;PREMINI;Fase Regular;Torneo Clasificacion;CLASIFICACION;NORTE;3C;1;15/03/2026;BELLA VISTA;20;CAZA Y PESCA B;0
2026;PREMINI;Fase Regular;Torneo Clasificacion;CLASIFICACION;NORTE;3C;1;15/03/2026;GEVP A;24;SOCIAL BECCAR A;19
2026;PREMINI;Fase Regular;Torneo Clasificacion;CLASIFICACION;NORTE;3C;1;15/03/2026;BANADE A;28;CLUB TRES DE FEBRERO B;4
2026;PREMINI;Fase Regular;Torneo Clasificacion;CLASIFICACION;NORTE;3C;2;22/03/2026;BANADE A;10;CENTRO GALICIA;22
2026;PREMINI;Fase Regular;Torneo Clasificacion;CLASIFICACION;NORTE;3C;2;22/03/2026;CLUB TRES DE FEBRERO B;7;GEVP A;32
2026;PREMINI;Fase Regular;Torneo Clasificacion;CLASIFICACION;NORTE;3C;2;22/03/2026;SOCIAL BECCAR A;12;BELLA VISTA;6
2026;PREMINI;Fase Regular;Torneo Clasificacion;CLASIFICACION;NORTE;3C;3;29/03/2026;CENTRO GALICIA;32;CAZA Y PESCA B;8
2026;PREMINI;Fase Regular;Torneo Clasificacion;CLASIFICACION;NORTE;3C;3;29/03/2026;BELLA VISTA;30;CLUB TRES DE FEBRERO B;28
2026;PREMINI;Fase Regular;Torneo Clasificacion;CLASIFICACION;NORTE;3C;3;29/03/2026;GEVP A;18;BANADE A;28
2026;PREMINI;Fase Regular;Torneo Clasificacion;CLASIFICACION;NORTE;3C;4;12/04/2026;GEVP A;0;CENTRO GALICIA;20
2026;PREMINI;Fase Regular;Torneo Clasificacion;CLASIFICACION;NORTE;3C;4;12/04/2026;BANADE A;20;BELLA VISTA;0
2026;PREMINI;Fase Regular;Torneo Clasificacion;CLASIFICACION;NORTE;3C;4;12/04/2026;SOCIAL BECCAR A;24;CAZA Y PESCA B;8
2026;PREMINI;Fase Regular;Torneo Clasificacion;CLASIFICACION;NORTE;3C;5;19/04/2026;CENTRO GALICIA;20;SOCIAL BECCAR A;0
2026;PREMINI;Fase Regular;Torneo Clasificacion;CLASIFICACION;NORTE;3C;5;19/04/2026;CAZA Y PESCA B;0;CLUB TRES DE FEBRERO B;0
2026;PREMINI;Fase Regular;Torneo Clasificacion;CLASIFICACION;NORTE;3C;5;19/04/2026;BELLA VISTA;14;GEVP A;46
2026;PREMINI;Fase Regular;Torneo Clasificacion;CLASIFICACION;NORTE;3C;6;26/04/2026;BELLA VISTA;0;CENTRO GALICIA;20
2026;PREMINI;Fase Regular;Torneo Clasificacion;CLASIFICACION;NORTE;3C;6;26/04/2026;BANADE A;20;CAZA Y PESCA B;0
2026;PREMINI;Fase Regular;Torneo Clasificacion;CLASIFICACION;NORTE;3C;6;26/04/2026;CLUB TRES DE FEBRERO B;6;SOCIAL BECCAR A;35
2026;PREMINI;Fase Regular;Torneo Clasificacion;CLASIFICACION;NORTE;3C;7;03/05/2026;CENTRO GALICIA;0;CLUB TRES DE FEBRERO B;0
2026;PREMINI;Fase Regular;Torneo Clasificacion;CLASIFICACION;NORTE;3C;7;03/05/2026;SOCIAL BECCAR A;0;BANADE A;0
2026;PREMINI;Fase Regular;Torneo Clasificacion;CLASIFICACION;NORTE;3C;7;03/05/2026;CAZA Y PESCA B;0;GEVP A;0
2026;PREMINI;Fase Regular;Torneo Clasificacion;CLASIFICACION;NORTE;3C;8;10/05/2026;CAZA Y PESCA B;18;BELLA VISTA;26
2026;PREMINI;Fase Regular;Torneo Clasificacion;CLASIFICACION;NORTE;3C;8;10/05/2026;SOCIAL BECCAR A;29;GEVP A;18
2026;PREMINI;Fase Regular;Torneo Clasificacion;CLASIFICACION;NORTE;3C;8;10/05/2026;CLUB TRES DE FEBRERO B;8;BANADE A;44
2026;PREMINI;Fase Regular;Torneo Clasificacion;CLASIFICACION;NORTE;3C;9;17/05/2026;CENTRO GALICIA;30;BANADE A;18
2026;PREMINI;Fase Regular;Torneo Clasificacion;CLASIFICACION;NORTE;3C;9;17/05/2026;GEVP A;50;CLUB TRES DE FEBRERO B;6
2026;PREMINI;Fase Regular;Torneo Clasificacion;CLASIFICACION;NORTE;3C;9;17/05/2026;BELLA VISTA;12;SOCIAL BECCAR A;38
2026;PREMINI;Fase Regular;Torneo Clasificacion;CLASIFICACION;NORTE;3C;10;24/05/2026;CAZA Y PESCA B;4;CENTRO GALICIA;48
2026;PREMINI;Fase Regular;Torneo Clasificacion;CLASIFICACION;NORTE;3C;10;24/05/2026;CLUB TRES DE FEBRERO B;14;BELLA VISTA;12
2026;PREMINI;Fase Regular;Torneo Clasificacion;CLASIFICACION;NORTE;3C;10;24/05/2026;BANADE A;26;GEVP A;36
2026;PREMINI;Fase Regular;Torneo Clasificacion;CLASIFICACION;CENTRO;3C;1;15/03/2026;ITALIANO A;38;ARQUITECTURA B;8
2026;PREMINI;Fase Regular;Torneo Clasificacion;CLASIFICACION;CENTRO;3C;1;15/03/2026;PINOCHO A;0;GEVP B;0
2026;PREMINI;Fase Regular;Torneo Clasificacion;CLASIFICACION;CENTRO;3C;1;15/03/2026;ARMENIA;12;ALL BOYS A;30
2026;PREMINI;Fase Regular;Torneo Clasificacion;CLASIFICACION;CENTRO;3C;1;15/03/2026;FERROCARRIL OESTE B;0;PEDRO ECHAGUE A;0
2026;PREMINI;Fase Regular;Torneo Clasificacion;CLASIFICACION;CENTRO;3C;2;22/03/2026;FERROCARRIL OESTE B;0;ITALIANO A;1
2026;PREMINI;Fase Regular;Torneo Clasificacion;CLASIFICACION;CENTRO;3C;2;22/03/2026;PEDRO ECHAGUE A;58;ARMENIA;10
2026;PREMINI;Fase Regular;Torneo Clasificacion;CLASIFICACION;CENTRO;3C;2;22/03/2026;ALL BOYS A;18;PINOCHO A;8
2026;PREMINI;Fase Regular;Torneo Clasificacion;CLASIFICACION;CENTRO;3C;2;22/03/2026;GEVP B;16;ARQUITECTURA B;12
2026;PREMINI;Fase Regular;Torneo Clasificacion;CLASIFICACION;CENTRO;3C;3;29/03/2026;ITALIANO A;32;GEVP B;12
2026;PREMINI;Fase Regular;Torneo Clasificacion;CLASIFICACION;CENTRO;3C;3;29/03/2026;ARQUITECTURA B;2;ALL BOYS A;32
2026;PREMINI;Fase Regular;Torneo Clasificacion;CLASIFICACION;CENTRO;3C;3;29/03/2026;PINOCHO A;10;PEDRO ECHAGUE A;51
2026;PREMINI;Fase Regular;Torneo Clasificacion;CLASIFICACION;CENTRO;3C;3;29/03/2026;ARMENIA;4;FERROCARRIL OESTE B;12
2026;PREMINI;Fase Regular;Torneo Clasificacion;CLASIFICACION;CENTRO;3C;4;12/04/2026;ARMENIA;0;ITALIANO A;20
2026;PREMINI;Fase Regular;Torneo Clasificacion;CLASIFICACION;CENTRO;3C;4;12/04/2026;FERROCARRIL OESTE B;14;PINOCHO A;28
2026;PREMINI;Fase Regular;Torneo Clasificacion;CLASIFICACION;CENTRO;3C;4;12/04/2026;PEDRO ECHAGUE A;20;ARQUITECTURA B;0
2026;PREMINI;Fase Regular;Torneo Clasificacion;CLASIFICACION;CENTRO;3C;4;12/04/2026;ALL BOYS A;24;GEVP B;16
2026;PREMINI;Fase Regular;Torneo Clasificacion;CLASIFICACION;CENTRO;3C;5;19/04/2026;ITALIANO A;18;ALL BOYS A;30
2026;PREMINI;Fase Regular;Torneo Clasificacion;CLASIFICACION;CENTRO;3C;5;19/04/2026;GEVP B;4;PEDRO ECHAGUE A;36
2026;PREMINI;Fase Regular;Torneo Clasificacion;CLASIFICACION;CENTRO;3C;5;19/04/2026;ARQUITECTURA B;2;FERROCARRIL OESTE B;26
2026;PREMINI;Fase Regular;Torneo Clasificacion;CLASIFICACION;CENTRO;3C;5;19/04/2026;PINOCHO A;44;ARMENIA;23
2026;PREMINI;Fase Regular;Torneo Clasificacion;CLASIFICACION;CENTRO;3C;6;26/04/2026;PINOCHO A;20;ITALIANO A;0
2026;PREMINI;Fase Regular;Torneo Clasificacion;CLASIFICACION;CENTRO;3C;6;26/04/2026;ARMENIA;20;ARQUITECTURA B;0
2026;PREMINI;Fase Regular;Torneo Clasificacion;CLASIFICACION;CENTRO;3C;6;26/04/2026;FERROCARRIL OESTE B;0;GEVP B;20
2026;PREMINI;Fase Regular;Torneo Clasificacion;CLASIFICACION;CENTRO;3C;6;26/04/2026;PEDRO ECHAGUE A;32;ALL BOYS A;17
2026;PREMINI;Fase Regular;Torneo Clasificacion;CLASIFICACION;CENTRO;3C;7;03/05/2026;ITALIANO A;8;PEDRO ECHAGUE A;34
2026;PREMINI;Fase Regular;Torneo Clasificacion;CLASIFICACION;CENTRO;3C;7;03/05/2026;ALL BOYS A;20;FERROCARRIL OESTE B;0
2026;PREMINI;Fase Regular;Torneo Clasificacion;CLASIFICACION;CENTRO;3C;7;03/05/2026;GEVP B;6;ARMENIA;6
2026;PREMINI;Fase Regular;Torneo Clasificacion;CLASIFICACION;CENTRO;3C;7;03/05/2026;ARQUITECTURA B;6;PINOCHO A;50
2026;PREMINI;Fase Regular;Torneo Clasificacion;CLASIFICACION;CENTRO;3C;8;10/05/2026;ARQUITECTURA B;6;ITALIANO A;28
2026;PREMINI;Fase Regular;Torneo Clasificacion;CLASIFICACION;CENTRO;3C;8;10/05/2026;GEVP B;14;PINOCHO A;32
2026;PREMINI;Fase Regular;Torneo Clasificacion;CLASIFICACION;CENTRO;3C;8;10/05/2026;ALL BOYS A;16;ARMENIA;2
2026;PREMINI;Fase Regular;Torneo Clasificacion;CLASIFICACION;CENTRO;3C;8;10/05/2026;PEDRO ECHAGUE A;52;FERROCARRIL OESTE B;2
2026;PREMINI;Fase Regular;Torneo Clasificacion;CLASIFICACION;CENTRO;3C;9;17/05/2026;ITALIANO A;22;FERROCARRIL OESTE B;24
2026;PREMINI;Fase Regular;Torneo Clasificacion;CLASIFICACION;CENTRO;3C;9;17/05/2026;ARMENIA;11;PEDRO ECHAGUE A;84
2026;PREMINI;Fase Regular;Torneo Clasificacion;CLASIFICACION;CENTRO;3C;9;17/05/2026;PINOCHO A;13;ALL BOYS A;26
2026;PREMINI;Fase Regular;Torneo Clasificacion;CLASIFICACION;CENTRO;3C;9;17/05/2026;ARQUITECTURA B;0;GEVP B;0
2026;PREMINI;Fase Regular;Torneo Clasificacion;CLASIFICACION;CENTRO;3C;10;24/05/2026;GEVP B;0;ITALIANO A;10
2026;PREMINI;Fase Regular;Torneo Clasificacion;CLASIFICACION;CENTRO;3C;10;24/05/2026;ALL BOYS A;0;ARQUITECTURA B;0
2026;PREMINI;Fase Regular;Torneo Clasificacion;CLASIFICACION;CENTRO;3C;10;24/05/2026;PEDRO ECHAGUE A;43;PINOCHO A;14
2026;PREMINI;Fase Regular;Torneo Clasificacion;CLASIFICACION;CENTRO;3C;10;24/05/2026;FERROCARRIL OESTE B;20;ARMENIA;14
2026;PREMINI;Fase Regular;Torneo Clasificacion;CLASIFICACION;OESTE;3C;1;15/03/2026;SAN MIGUEL B;24;DEFENSORES DE HURLINGHAM A;15
2026;PREMINI;Fase Regular;Torneo Clasificacion;CLASIFICACION;OESTE;3C;1;15/03/2026;UNIVERSIDAD DE LA MATANZA;16;EL PORVENIR;8
2026;PREMINI;Fase Regular;Torneo Clasificacion;CLASIFICACION;OESTE;3C;1;15/03/2026;MIDLAND;18;HURACAN DE SAN JUSTO A;12
2026;PREMINI;Fase Regular;Torneo Clasificacion;CLASIFICACION;OESTE;3C;2;22/03/2026;MIDLAND;14;SAN MIGUEL B;2
2026;PREMINI;Fase Regular;Torneo Clasificacion;CLASIFICACION;OESTE;3C;2;22/03/2026;HURACAN DE SAN JUSTO A;14;UNIVERSIDAD DE LA MATANZA;56
2026;PREMINI;Fase Regular;Torneo Clasificacion;CLASIFICACION;OESTE;3C;2;22/03/2026;EL PORVENIR;8;INSTITUCION SARMIENTO B;20
2026;PREMINI;Fase Regular;Torneo Clasificacion;CLASIFICACION;OESTE;3C;3;29/03/2026;DEFENSORES DE HURLINGHAM A;14;EL PORVENIR;13
2026;PREMINI;Fase Regular;Torneo Clasificacion;CLASIFICACION;OESTE;3C;3;29/03/2026;INSTITUCION SARMIENTO B;52;HURACAN DE SAN JUSTO A;4
2026;PREMINI;Fase Regular;Torneo Clasificacion;CLASIFICACION;OESTE;3C;3;29/03/2026;UNIVERSIDAD DE LA MATANZA;16;MIDLAND;18
2026;PREMINI;Fase Regular;Torneo Clasificacion;CLASIFICACION;OESTE;3C;4;12/04/2026;UNIVERSIDAD DE LA MATANZA;0;SAN MIGUEL B;0
2026;PREMINI;Fase Regular;Torneo Clasificacion;CLASIFICACION;OESTE;3C;4;12/04/2026;MIDLAND;0;INSTITUCION SARMIENTO B;20
2026;PREMINI;Fase Regular;Torneo Clasificacion;CLASIFICACION;OESTE;3C;4;12/04/2026;HURACAN DE SAN JUSTO A;20;DEFENSORES DE HURLINGHAM A;0
2026;PREMINI;Fase Regular;Torneo Clasificacion;CLASIFICACION;OESTE;3C;5;19/04/2026;SAN MIGUEL B;0;EL PORVENIR;0
2026;PREMINI;Fase Regular;Torneo Clasificacion;CLASIFICACION;OESTE;3C;5;19/04/2026;DEFENSORES DE HURLINGHAM A;20;MIDLAND;0
2026;PREMINI;Fase Regular;Torneo Clasificacion;CLASIFICACION;OESTE;3C;5;19/04/2026;INSTITUCION SARMIENTO B;52;UNIVERSIDAD DE LA MATANZA;17
2026;PREMINI;Fase Regular;Torneo Clasificacion;CLASIFICACION;OESTE;3C;6;26/04/2026;INSTITUCION SARMIENTO B;20;SAN MIGUEL B;0
2026;PREMINI;Fase Regular;Torneo Clasificacion;CLASIFICACION;OESTE;3C;6;26/04/2026;UNIVERSIDAD DE LA MATANZA;0;DEFENSORES DE HURLINGHAM A;20
2026;PREMINI;Fase Regular;Torneo Clasificacion;CLASIFICACION;OESTE;3C;6;26/04/2026;HURACAN DE SAN JUSTO A;0;EL PORVENIR;0
2026;PREMINI;Fase Regular;Torneo Clasificacion;CLASIFICACION;OESTE;3C;7;03/05/2026;SAN MIGUEL B;0;HURACAN DE SAN JUSTO A;0
2026;PREMINI;Fase Regular;Torneo Clasificacion;CLASIFICACION;OESTE;3C;7;03/05/2026;EL PORVENIR;0;MIDLAND;0
2026;PREMINI;Fase Regular;Torneo Clasificacion;CLASIFICACION;OESTE;3C;7;03/05/2026;DEFENSORES DE HURLINGHAM A;16;INSTITUCION SARMIENTO B;24
2026;PREMINI;Fase Regular;Torneo Clasificacion;CLASIFICACION;OESTE;3C;8;10/05/2026;DEFENSORES DE HURLINGHAM A;0;SAN MIGUEL B;0
2026;PREMINI;Fase Regular;Torneo Clasificacion;CLASIFICACION;OESTE;3C;8;10/05/2026;EL PORVENIR;15;UNIVERSIDAD DE LA MATANZA;20
2026;PREMINI;Fase Regular;Torneo Clasificacion;CLASIFICACION;OESTE;3C;8;10/05/2026;HURACAN DE SAN JUSTO A;10;MIDLAND;14
2026;PREMINI;Fase Regular;Torneo Clasificacion;CLASIFICACION;OESTE;3C;9;17/05/2026;SAN MIGUEL B;0;MIDLAND;0
2026;PREMINI;Fase Regular;Torneo Clasificacion;CLASIFICACION;OESTE;3C;9;17/05/2026;UNIVERSIDAD DE LA MATANZA;21;HURACAN DE SAN JUSTO A;10
2026;PREMINI;Fase Regular;Torneo Clasificacion;CLASIFICACION;OESTE;3C;9;17/05/2026;INSTITUCION SARMIENTO B;0;EL PORVENIR;0
2026;PREMINI;Fase Regular;Torneo Clasificacion;CLASIFICACION;OESTE;3C;10;24/05/2026;EL PORVENIR;0;DEFENSORES DE HURLINGHAM A;0
2026;PREMINI;Fase Regular;Torneo Clasificacion;CLASIFICACION;OESTE;3C;10;24/05/2026;HURACAN DE SAN JUSTO A;15;INSTITUCION SARMIENTO B;50
2026;PREMINI;Fase Regular;Torneo Clasificacion;CLASIFICACION;OESTE;3C;10;24/05/2026;MIDLAND;4;UNIVERSIDAD DE LA MATANZA;22
2026;PREMINI;Fase Regular;Torneo Clasificacion;CLASIFICACION;SUR;3C;1;15/03/2026;GIMNASIA Y ESGRIMA DE LA PLATA A;8;LANUS A;16
2026;PREMINI;Fase Regular;Torneo Clasificacion;CLASIFICACION;SUR;3C;1;15/03/2026;INDEPENDIENTE de BURZACO;26;TEMPERLEY;14
2026;PREMINI;Fase Regular;Torneo Clasificacion;CLASIFICACION;SUR;3C;1;15/03/2026;RACING CLUB;0;UNION VILLEGAS;0
2026;PREMINI;Fase Regular;Torneo Clasificacion;CLASIFICACION;SUR;3C;1;15/03/2026;CAÑUELAS FC;20;BOCA JUNIORS B;8
2026;PREMINI;Fase Regular;Torneo Clasificacion;CLASIFICACION;SUR;3C;2;22/03/2026;CAÑUELAS FC;0;GIMNASIA Y ESGRIMA DE LA PLATA A;0
2026;PREMINI;Fase Regular;Torneo Clasificacion;CLASIFICACION;SUR;3C;2;22/03/2026;BOCA JUNIORS B;0;RACING CLUB;0
2026;PREMINI;Fase Regular;Torneo Clasificacion;CLASIFICACION;SUR;3C;2;22/03/2026;UNION VILLEGAS;18;INDEPENDIENTE de BURZACO;36
2026;PREMINI;Fase Regular;Torneo Clasificacion;CLASIFICACION;SUR;3C;2;22/03/2026;TEMPERLEY;0;LANUS A;51
2026;PREMINI;Fase Regular;Torneo Clasificacion;CLASIFICACION;SUR;3C;3;29/03/2026;GIMNASIA Y ESGRIMA DE LA PLATA A;18;TEMPERLEY;2
2026;PREMINI;Fase Regular;Torneo Clasificacion;CLASIFICACION;SUR;3C;3;29/03/2026;LANUS A;34;UNION VILLEGAS;12
2026;PREMINI;Fase Regular;Torneo Clasificacion;CLASIFICACION;SUR;3C;3;29/03/2026;INDEPENDIENTE de BURZACO;26;BOCA JUNIORS B;36
2026;PREMINI;Fase Regular;Torneo Clasificacion;CLASIFICACION;SUR;3C;3;29/03/2026;RACING CLUB;0;CAÑUELAS FC;0
2026;PREMINI;Fase Regular;Torneo Clasificacion;CLASIFICACION;SUR;3C;4;12/04/2026;RACING CLUB;0;GIMNASIA Y ESGRIMA DE LA PLATA A;0
2026;PREMINI;Fase Regular;Torneo Clasificacion;CLASIFICACION;SUR;3C;4;12/04/2026;CAÑUELAS FC;20;INDEPENDIENTE de BURZACO;0
2026;PREMINI;Fase Regular;Torneo Clasificacion;CLASIFICACION;SUR;3C;4;12/04/2026;BOCA JUNIORS B;16;LANUS A;22
2026;PREMINI;Fase Regular;Torneo Clasificacion;CLASIFICACION;SUR;3C;4;12/04/2026;UNION VILLEGAS;20;TEMPERLEY;0
2026;PREMINI;Fase Regular;Torneo Clasificacion;CLASIFICACION;SUR;3C;5;19/04/2026;GIMNASIA Y ESGRIMA DE LA PLATA A;0;UNION VILLEGAS;20
2026;PREMINI;Fase Regular;Torneo Clasificacion;CLASIFICACION;SUR;3C;5;19/04/2026;TEMPERLEY;0;BOCA JUNIORS B;0
2026;PREMINI;Fase Regular;Torneo Clasificacion;CLASIFICACION;SUR;3C;5;19/04/2026;LANUS A;10;CAÑUELAS FC;38
2026;PREMINI;Fase Regular;Torneo Clasificacion;CLASIFICACION;SUR;3C;5;19/04/2026;INDEPENDIENTE de BURZACO;20;RACING CLUB;0
2026;PREMINI;Fase Regular;Torneo Clasificacion;CLASIFICACION;SUR;3C;6;26/04/2026;INDEPENDIENTE de BURZACO;24;GIMNASIA Y ESGRIMA DE LA PLATA A;14
2026;PREMINI;Fase Regular;Torneo Clasificacion;CLASIFICACION;SUR;3C;6;26/04/2026;RACING CLUB;0;LANUS A;20
2026;PREMINI;Fase Regular;Torneo Clasificacion;CLASIFICACION;SUR;3C;6;26/04/2026;CAÑUELAS FC;20;TEMPERLEY;0
2026;PREMINI;Fase Regular;Torneo Clasificacion;CLASIFICACION;SUR;3C;6;26/04/2026;BOCA JUNIORS B;28;UNION VILLEGAS;27
2026;PREMINI;Fase Regular;Torneo Clasificacion;CLASIFICACION;SUR;3C;7;03/05/2026;GIMNASIA Y ESGRIMA DE LA PLATA A;20;BOCA JUNIORS B;12
2026;PREMINI;Fase Regular;Torneo Clasificacion;CLASIFICACION;SUR;3C;7;03/05/2026;UNION VILLEGAS;27;CAÑUELAS FC;50
2026;PREMINI;Fase Regular;Torneo Clasificacion;CLASIFICACION;SUR;3C;7;03/05/2026;TEMPERLEY;20;RACING CLUB;0
2026;PREMINI;Fase Regular;Torneo Clasificacion;CLASIFICACION;SUR;3C;7;03/05/2026;LANUS A;55;INDEPENDIENTE de BURZACO;20
2026;PREMINI;Fase Regular;Torneo Clasificacion;CLASIFICACION;SUR;3C;8;10/05/2026;LANUS A;30;GIMNASIA Y ESGRIMA DE LA PLATA A;22
2026;PREMINI;Fase Regular;Torneo Clasificacion;CLASIFICACION;SUR;3C;8;10/05/2026;TEMPERLEY;21;INDEPENDIENTE de BURZACO;36
2026;PREMINI;Fase Regular;Torneo Clasificacion;CLASIFICACION;SUR;3C;8;10/05/2026;UNION VILLEGAS;19;RACING CLUB;18
2026;PREMINI;Fase Regular;Torneo Clasificacion;CLASIFICACION;SUR;3C;8;10/05/2026;BOCA JUNIORS B;20;CAÑUELAS FC;38
2026;PREMINI;Fase Regular;Torneo Clasificacion;CLASIFICACION;SUR;3C;9;17/05/2026;GIMNASIA Y ESGRIMA DE LA PLATA A;23;CAÑUELAS FC;38
2026;PREMINI;Fase Regular;Torneo Clasificacion;CLASIFICACION;SUR;3C;9;17/05/2026;RACING CLUB;10;BOCA JUNIORS B;10
2026;PREMINI;Fase Regular;Torneo Clasificacion;CLASIFICACION;SUR;3C;9;17/05/2026;INDEPENDIENTE de BURZACO;67;UNION VILLEGAS;10
2026;PREMINI;Fase Regular;Torneo Clasificacion;CLASIFICACION;SUR;3C;9;17/05/2026;LANUS A;48;TEMPERLEY;6
2026;PREMINI;Fase Regular;Torneo Clasificacion;CLASIFICACION;SUR;3C;10;24/05/2026;TEMPERLEY;10;GIMNASIA Y ESGRIMA DE LA PLATA A;18
2026;PREMINI;Fase Regular;Torneo Clasificacion;CLASIFICACION;SUR;3C;10;24/05/2026;UNION VILLEGAS;22;LANUS A;36
2026;PREMINI;Fase Regular;Torneo Clasificacion;CLASIFICACION;SUR;3C;10;24/05/2026;BOCA JUNIORS B;17;INDEPENDIENTE de BURZACO;26
2026;PREMINI;Fase Regular;Torneo Clasificacion;CLASIFICACION;SUR;3C;10;24/05/2026;CAÑUELAS FC;74;RACING CLUB;8
2026;PREMINI;Fase Regular;Torneo Clasificacion;CLASIFICACION;NORTE;2B;1;15/03/2026;CLUB TRES DE FEBRERO A;26;NAUTICO HACOAJ A;42
2026;PREMINI;Fase Regular;Torneo Clasificacion;CLASIFICACION;NORTE;2B;1;15/03/2026;UNION FLORIDA;32;RIVER PLATE;0
2026;PREMINI;Fase Regular;Torneo Clasificacion;CLASIFICACION;NORTE;2B;1;15/03/2026;SPORTIVO VILLA BALLESTER;4;UNION VECINAL DE MUNRO;44
2026;PREMINI;Fase Regular;Torneo Clasificacion;CLASIFICACION;NORTE;2B;1;15/03/2026;U.V.V.ADELINA;12;OBRAS SANITARIAS A;26
2026;PREMINI;Fase Regular;Torneo Clasificacion;CLASIFICACION;NORTE;2B;2;22/03/2026;U.V.V.ADELINA;18;CLUB TRES DE FEBRERO A;14
2026;PREMINI;Fase Regular;Torneo Clasificacion;CLASIFICACION;NORTE;2B;2;22/03/2026;OBRAS SANITARIAS A;30;SPORTIVO VILLA BALLESTER;14
2026;PREMINI;Fase Regular;Torneo Clasificacion;CLASIFICACION;NORTE;2B;2;22/03/2026;UNION VECINAL DE MUNRO;20;UNION FLORIDA;6
2026;PREMINI;Fase Regular;Torneo Clasificacion;CLASIFICACION;NORTE;2B;2;22/03/2026;RIVER PLATE;2;NAUTICO HACOAJ A;61
2026;PREMINI;Fase Regular;Torneo Clasificacion;CLASIFICACION;NORTE;2B;3;29/03/2026;CLUB TRES DE FEBRERO A;52;RIVER PLATE;0
2026;PREMINI;Fase Regular;Torneo Clasificacion;CLASIFICACION;NORTE;2B;3;29/03/2026;NAUTICO HACOAJ A;32;UNION VECINAL DE MUNRO;12
2026;PREMINI;Fase Regular;Torneo Clasificacion;CLASIFICACION;NORTE;2B;3;29/03/2026;UNION FLORIDA;12;OBRAS SANITARIAS A;28
2026;PREMINI;Fase Regular;Torneo Clasificacion;CLASIFICACION;NORTE;2B;3;29/03/2026;SPORTIVO VILLA BALLESTER;30;U.V.V.ADELINA;18
2026;PREMINI;Fase Regular;Torneo Clasificacion;CLASIFICACION;NORTE;2B;4;12/04/2026;SPORTIVO VILLA BALLESTER;14;CLUB TRES DE FEBRERO A;24
2026;PREMINI;Fase Regular;Torneo Clasificacion;CLASIFICACION;NORTE;2B;4;12/04/2026;U.V.V.ADELINA;20;UNION FLORIDA;0
2026;PREMINI;Fase Regular;Torneo Clasificacion;CLASIFICACION;NORTE;2B;4;12/04/2026;OBRAS SANITARIAS A;8;NAUTICO HACOAJ A;24
2026;PREMINI;Fase Regular;Torneo Clasificacion;CLASIFICACION;NORTE;2B;4;12/04/2026;UNION VECINAL DE MUNRO;31;RIVER PLATE;9
2026;PREMINI;Fase Regular;Torneo Clasificacion;CLASIFICACION;NORTE;2B;5;19/04/2026;CLUB TRES DE FEBRERO A;20;UNION VECINAL DE MUNRO;0
2026;PREMINI;Fase Regular;Torneo Clasificacion;CLASIFICACION;NORTE;2B;5;19/04/2026;RIVER PLATE;4;OBRAS SANITARIAS A;60
2026;PREMINI;Fase Regular;Torneo Clasificacion;CLASIFICACION;NORTE;2B;5;19/04/2026;NAUTICO HACOAJ A;20;U.V.V.ADELINA;0
2026;PREMINI;Fase Regular;Torneo Clasificacion;CLASIFICACION;NORTE;2B;5;19/04/2026;UNION FLORIDA;20;SPORTIVO VILLA BALLESTER;0
2026;PREMINI;Fase Regular;Torneo Clasificacion;CLASIFICACION;NORTE;2B;6;26/04/2026;UNION FLORIDA;16;CLUB TRES DE FEBRERO A;34
2026;PREMINI;Fase Regular;Torneo Clasificacion;CLASIFICACION;NORTE;2B;6;26/04/2026;SPORTIVO VILLA BALLESTER;8;NAUTICO HACOAJ A;42
2026;PREMINI;Fase Regular;Torneo Clasificacion;CLASIFICACION;NORTE;2B;6;26/04/2026;U.V.V.ADELINA;26;RIVER PLATE;10
2026;PREMINI;Fase Regular;Torneo Clasificacion;CLASIFICACION;NORTE;2B;6;26/04/2026;OBRAS SANITARIAS A;0;UNION VECINAL DE MUNRO;0
2026;PREMINI;Fase Regular;Torneo Clasificacion;CLASIFICACION;NORTE;2B;7;03/05/2026;CLUB TRES DE FEBRERO A;32;OBRAS SANITARIAS A;17
2026;PREMINI;Fase Regular;Torneo Clasificacion;CLASIFICACION;NORTE;2B;7;03/05/2026;UNION VECINAL DE MUNRO;0;U.V.V.ADELINA;0
2026;PREMINI;Fase Regular;Torneo Clasificacion;CLASIFICACION;NORTE;2B;7;03/05/2026;RIVER PLATE;16;SPORTIVO VILLA BALLESTER;26
2026;PREMINI;Fase Regular;Torneo Clasificacion;CLASIFICACION;NORTE;2B;7;03/05/2026;NAUTICO HACOAJ A;20;UNION FLORIDA;0
2026;PREMINI;Fase Regular;Torneo Clasificacion;CLASIFICACION;NORTE;2B;8;10/05/2026;NAUTICO HACOAJ A;42;CLUB TRES DE FEBRERO A;30
2026;PREMINI;Fase Regular;Torneo Clasificacion;CLASIFICACION;NORTE;2B;8;10/05/2026;RIVER PLATE;18;UNION FLORIDA;14
2026;PREMINI;Fase Regular;Torneo Clasificacion;CLASIFICACION;NORTE;2B;8;10/05/2026;UNION VECINAL DE MUNRO;32;SPORTIVO VILLA BALLESTER;18
2026;PREMINI;Fase Regular;Torneo Clasificacion;CLASIFICACION;NORTE;2B;8;10/05/2026;OBRAS SANITARIAS A;21;U.V.V.ADELINA;26
2026;PREMINI;Fase Regular;Torneo Clasificacion;CLASIFICACION;NORTE;2B;9;17/05/2026;CLUB TRES DE FEBRERO A;44;U.V.V.ADELINA;22
2026;PREMINI;Fase Regular;Torneo Clasificacion;CLASIFICACION;NORTE;2B;9;17/05/2026;SPORTIVO VILLA BALLESTER;16;OBRAS SANITARIAS A;40
2026;PREMINI;Fase Regular;Torneo Clasificacion;CLASIFICACION;NORTE;2B;9;17/05/2026;UNION FLORIDA;13;UNION VECINAL DE MUNRO;20
2026;PREMINI;Fase Regular;Torneo Clasificacion;CLASIFICACION;NORTE;2B;9;17/05/2026;NAUTICO HACOAJ A;54;RIVER PLATE;2
2026;PREMINI;Fase Regular;Torneo Clasificacion;CLASIFICACION;NORTE;2B;10;24/05/2026;RIVER PLATE;4;CLUB TRES DE FEBRERO A;28
2026;PREMINI;Fase Regular;Torneo Clasificacion;CLASIFICACION;NORTE;2B;10;24/05/2026;UNION VECINAL DE MUNRO;13;NAUTICO HACOAJ A;48
2026;PREMINI;Fase Regular;Torneo Clasificacion;CLASIFICACION;NORTE;2B;10;24/05/2026;OBRAS SANITARIAS A;30;UNION FLORIDA;16
2026;PREMINI;Fase Regular;Torneo Clasificacion;CLASIFICACION;NORTE;2B;10;24/05/2026;U.V.V.ADELINA;18;SPORTIVO VILLA BALLESTER;10
2026;MOSQUITOS MASCULINO;Desconocida;;Desconocido;Desconocido;Desconocido;1;17/05/2026;CIUDAD DE BUENOS AIRES A;0;UNIVERSIDAD DE BUENOS AIRES;0
2026;MOSQUITOS MASCULINO;Desconocida;;Desconocido;Desconocido;Desconocido;1;17/05/2026;BECCAR;0;BANADE A;0
2026;MOSQUITOS MASCULINO;Desconocida;;Desconocido;Desconocido;Desconocido;1;17/05/2026;U.V.V.ADELINA;0;RIVER PLATE;0
2026;MOSQUITOS MASCULINO;Desconocida;;Desconocido;Desconocido;Desconocido;2;;CIUDAD DE BUENOS AIRES A;0;UNION FLORIDA;0
2026;MOSQUITOS MASCULINO;Desconocida;;Desconocido;Desconocido;Desconocido;1;17/05/2026;PORTEÑO ATHLETIC CLUB A;0;CLUB CEPA;0
2026;MOSQUITOS MASCULINO;Desconocida;;Desconocido;Desconocido;Desconocido;1;17/05/2026;MIDLAND;0;LOS INDIOS MOSQUITOS B;0
2026;MOSQUITOS MASCULINO;Desconocida;;Desconocido;Desconocido;Desconocido;1;17/05/2026;UNITARIOS DE MARCOS PAZ;0;PASO DEL REY;0
2026;MOSQUITOS MASCULINO;Desconocida;;Desconocido;Desconocido;Desconocido;1;17/05/2026;CLUB PORTUGUES DEL GRAN BUENOS AIRES;0;LEANDRO N ALEM;0
2026;MOSQUITOS MASCULINO;Desconocida;;Desconocido;Desconocido;Desconocido;2;;PORTEÑO ATHLETIC CLUB A;0;LOS INDIOS MOSQUITOS A;0
2026;MOSQUITOS MASCULINO;Desconocida;;Desconocido;Desconocido;Desconocido;1;17/05/2026;SITAS A;0;MORON B;0
2026;MOSQUITOS MASCULINO;Desconocida;;Desconocido;Desconocido;Desconocido;1;17/05/2026;DEP. MORON A;0;GIMNASIA Y ESGRIMA DE ITUZAINGO B;0
2026;MOSQUITOS MASCULINO;Desconocida;;Desconocido;Desconocido;Desconocido;1;17/05/2026;CLUB GEI GRIS (C);0;C.A.S.A PADUA A;0
2026;MOSQUITOS MASCULINO;Desconocida;;Desconocido;Desconocido;Desconocido;1;17/05/2026;C.A.S.A PADUA B;0;SITAS B;0
2026;MOSQUITOS MASCULINO;Desconocida;;Desconocido;Desconocido;Desconocido;1;17/05/2026;MOSQUITOS DEPORTIVO MORON B;0;ARGENTINO DE CASTELAR A;0
2026;MOSQUITOS MASCULINO;Desconocida;;Desconocido;Desconocido;Desconocido;1;17/05/2026;MORON A;0;GIMNASIA Y ESGRIMA DE ITUZAINGO A;0
2026;MOSQUITOS MASCULINO;Desconocida;;Desconocido;Desconocido;Desconocido;1;17/05/2026;DEFENSORES DE SANTOS LUGARES;0;HURACAN DE SAN JUSTO A;0
2026;MOSQUITOS MASCULINO;Desconocida;;Desconocido;Desconocido;Desconocido;1;17/05/2026;ESTUDIANTIL PORTEÑO A;0;INSTITUCION SARMIENTO B;0
2026;MOSQUITOS MASCULINO;Desconocida;;Desconocido;Desconocido;Desconocido;2;;DEFENSORES DE SANTOS LUGARES;0;INSTITUCION SARMIENTO B;0
2026;MOSQUITOS MASCULINO;Desconocida;;Desconocido;Desconocido;Desconocido;1;;SAN LORENZO AZUL A;0;PINOCHO B;0
2026;MOSQUITOS MASCULINO;Desconocida;;Desconocido;Desconocido;Desconocido;1;;ITALIANO A;0;FERROCARRIL OESTE A;0
2026;MOSQUITOS MASCULINO;Desconocida;;Desconocido;Desconocido;Desconocido;1;;ARQUITECTURA A;0;PINOCHO A;0
2026;MOSQUITOS MASCULINO;Desconocida;;Desconocido;Desconocido;Desconocido;1;;PINOCHO C;0;EL TALAR;0
2026;MOSQUITOS MASCULINO;Desconocida;;Desconocido;Desconocido;Desconocido;1;;GEBA;0;ITALIANO B;0
2026;MOSQUITOS MASCULINO;Desconocida;;Desconocido;Desconocido;Desconocido;2;;SAN LORENZO AZUL A;0;ARQUITECTURA B;0
2026;MOSQUITOS MASCULINO;Desconocida;;Desconocido;Desconocido;Desconocido;1;17/05/2026;GEVP A;0;VILLA MITRE;0
2026;MOSQUITOS MASCULINO;Desconocida;;Desconocido;Desconocido;Desconocido;1;17/05/2026;COPELLO;0;COLEGIALES A;0
2026;MOSQUITOS MASCULINO;Desconocida;;Desconocido;Desconocido;Desconocido;1;17/05/2026;HARRODS GATH Y CHAVES;0;17 DE AGOSTO;0
2026;MOSQUITOS MASCULINO;Desconocida;;Desconocido;Desconocido;Desconocido;1;17/05/2026;COLEGIALES B;0;ARMENIA;0
2026;MOSQUITOS MASCULINO;Desconocida;;Desconocido;Desconocido;Desconocido;1;17/05/2026;RACING ANEXO;0;GEVP B;0
2026;MOSQUITOS MASCULINO;Desconocida;;Desconocido;Desconocido;Desconocido;1;17/05/2026;VARELA JRS;0;COOPERARIOS;0
2026;MOSQUITOS MASCULINO;Desconocida;;Desconocido;Desconocido;Desconocido;1;17/05/2026;BERAZATEGUI;0;QUILMES A.C.;0
2026;MOSQUITOS MASCULINO;Desconocida;;Desconocido;Desconocido;Desconocido;1;17/05/2026;VECINAL LA UNION;0;GIMNASIA Y ESGRIMA DE LA PLATA A;0
2026;MOSQUITOS MASCULINO;Desconocida;;Desconocido;Desconocido;Desconocido;1;17/05/2026;LUZ Y ARTE;0;BOCA JUNIORS A;0
2026;MOSQUITOS MASCULINO;Desconocida;;Desconocido;Desconocido;Desconocido;1;17/05/2026;CLUB ATLETICO 9 DE JULIO DE LANUS;0;OLIMPO A;0
2026;MOSQUITOS MASCULINO;Desconocida;;Desconocido;Desconocido;Desconocido;1;17/05/2026;CLUB ATLETICO PAMPERO;0;SPORTIVO ALSINA;0
2026;MOSQUITOS MASCULINO;Desconocida;;Desconocido;Desconocido;Desconocido;2;;LUZ Y ARTE;0;BOCA JUNIORS B;0
2026;MOSQUITOS MASCULINO;Desconocida;;Desconocido;Desconocido;Desconocido;1;17/05/2026;INDEPENDIENTE de BURZACO;0;CLUB SOCIAL ALEJANDRO KORN;0
2026;MOSQUITOS MASCULINO;Desconocida;;Desconocido;Desconocido;Desconocido;1;17/05/2026;BURZACO FC A;0;TAPONAZO  FUTBOL CLUB;0
2026;MOSQUITOS MASCULINO;Desconocida;;Desconocido;Desconocido;Desconocido;1;17/05/2026;DEFENSORES DE BANFIELD;0;CLUB EL FOGON;0
