anio,categoria,zona,equipo,partidos
2025,CADETES MASCULINO,NORTE,CLUB 3 DE FEBRERO CELESTE C,28
2025,CADETES MASCULINO,NORTE,SAN ANDRES,28
2025,CADETES MASCULINO,CENTRO,ALL BOYS BLANCO,26
2025,CADETES MASCULINO,CENTRO,ITALIANO,26
2025,CADETES MASCULINO,OESTE,INSTITUCION SARMIENTO BLANCO B,28
2025,CADETES MASCULINO,NORTE,RIVER PLATE,27
2025,CADETES MASCULINO,OESTE,PASO DEL REY SOCIAL CLUB,28
2025,CADETES MASCULINO,CENTRO-OESTE,"JOSE HERNANDEZ ""A""",26
2025,CADETES MASCULINO,NORTE,SPORTIVO VILLA BALLESTER,27
2025,CADETES MASCULINO,NORTE,PLATENSE MARRON,27
2025,CADETES MASCULINO,NORTE,CAZA Y PESCA AZUL A,29
2025,CADETES MASCULINO,NORTE,CLUB SOCIAL Y DEPORTIVO ARENAL,29
2025,CADETES MASCULINO,CENTRO,PINOCHO BLANCO,27
2025,CADETES MASCULINO,NORTE,BELLA VISTA,30
2025,CADETES MASCULINO,SUR,GIMNASIA Y ESGRIMA DE LOMAS DE ZAMORA B,26
2025,CADETES MASCULINO,SUR,CLUB  ATLETICO Y PROGRESO DE BRANDSEN,24
2025,CADETES MASCULINO,OESTE,DEFENSORES DE SANTOS LUGARES,28
2025,CADETES MASCULINO,CENTRO-OESTE,VELEZ SARSFIELD AZUL - B,26
2025,CADETES MASCULINO,NORTE,UNION FLORIDA,28
2025,CADETES MASCULINO,NORTE,CENTRO GALICIA,28
2025,CADETES MASCULINO,SUR,TALLERES,26
2025,CADETES MASCULINO,OESTE,INDIOS U15 BLANCO,28
2025,CADETES MASCULINO,NORTE,CIUDAD DE BUENOS AIRES AZUL A,32
2025,CADETES MASCULINO,OESTE,GEVP CELESTE B,26
2025,CADETES MASCULINO,CENTRO,FERROCARRIL OESTE NARANJA (C),26
2025,CADETES MASCULINO,CENTRO,CIRCULO URQUIZA,29
2025,CADETES MASCULINO,SUR,CLUB SOCIAL EZEIZA,26
2025,CADETES MASCULINO,SUR,JUVENTUD UNIDA,28
2025,CADETES MASCULINO,OESTE,DEFENSORES DE HURLINGHAM VERDE A,15
2025,CADETES MASCULINO,SUR,LUZ Y ARTE,26
2025,CADETES MASCULINO,NORTE,UNION VECINAL DE MUNRO,27
2025,CADETES MASCULINO,OESTE,C.A.S.A PADUA A,16
2025,CADETES MASCULINO,OESTE,CIUDADELA NORTE,27
2025,CADETES MASCULINO,NORTE,BANCO NACION AZUL A,29
2025,CADETES MASCULINO,OESTE,PORTEÑO BLANCO B,25
2025,CADETES MASCULINO,CENTRO,SAN LORENZO ROJO B,26
2025,CADETES MASCULINO,OESTE,ITALIANO DE JOSE C PAZ,28
2025,CADETES MASCULINO,SUR,"CLUB GIMNASIA Y ESGRIMA LA PLATA AZUL ""A""",27
2025,CADETES MASCULINO,CENTRO,FERROCARRIL OESTE BLANCO (B),27
2025,CADETES MASCULINO,SUR,LANUS B,24
2025,CADETES MASCULINO,SUR,BURZACO FC AZUL A,29
2025,CADETES MASCULINO,CENTRO,CLUB ATLETICO HURACAN DE PARQUE PATRICIOS,27
2025,CADETES MASCULINO,OESTE,RAMOS MEJIA LTC,27
2025,CADETES MASCULINO,CENTRO,IMPERIO NEGRO B,26
2025,CADETES MASCULINO,CENTRO,UNIVERSIDAD DE LA MATANZA,26
2025,CADETES MASCULINO,OESTE,LEANDRO N ALEM,14
2025,CADETES MASCULINO,OESTE,GEVP BLANCO A,28
2025,CADETES MASCULINO,SUR,C.S.D.Y C. MORENO,26
2025,CADETES MASCULINO,SUR,DEFENSORES DE GLEW,25
2025,CADETES MASCULINO,OESTE,C.A.S.A PADUA B,30
2025,CADETES MASCULINO,SUR,VARELA JRS,28
2025,CADETES MASCULINO,CENTRO,ARQUITECTURA BLANCO  B,26
2025,CADETES MASCULINO,SUR,INDEPENDIENTE DE BURZACO,26
2025,CADETES MASCULINO,NORTE,"NAUTICO HACOAJ AZUL ""B""",27
2025,CADETES MASCULINO,NORTE,SAN FERNANDO BLANCO (B),29
2025,CADETES MASCULINO,NORTE,CLUB 3 DE FEBRERO BLANCO A,30
2025,CADETES MASCULINO,NORTE,COPELLO,28
2025,CADETES MASCULINO,SUR,QUILMES A.C.,27
2025,CADETES MASCULINO,OESTE,HURACAN DE SAN JUSTO ROJO,28
2025,CADETES MASCULINO,OESTE,DEFENSORES DE HURLINGHAM  BLANCO B,28
2025,CADETES MASCULINO,OESTE,CLUB CEPA,30
2025,CADETES MASCULINO,SUR,COOPERARIOS,24
2025,CADETES MASCULINO,OESTE,DEFENSORES DE MORENO NEGRO,27
2025,CADETES MASCULINO,CENTRO,YUPANQUI,26
2025,CADETES MASCULINO,NORTE,CLUB ATLETICO PILAR,28
2025,CADETES MASCULINO,NORTE,17 DE AGOSTO,28
2025,CADETES MASCULINO,SUR,CAÑUELAS FC,12
2025,CADETES MASCULINO,SUR,GIMNASIA Y ESGRIMA DE LOMAS DE ZAMORA,28
2025,CADETES MASCULINO,SUR,BERAZATEGUI,15
2025,CADETES MASCULINO,OESTE,CEDEM,28
2025,CADETES MASCULINO,OESTE,PORTEÑO AZUL A,14
2025,CADETES MASCULINO,SUR,INDEPENDIENTE,26
2025,CADETES MASCULINO,NORTE,PRESIDENTE DERQUI,28
2025,CADETES MASCULINO,SUR,TRISTAN SUAREZ,26
2025,CADETES MASCULINO,NORTE,BANADE ROJO,28
2025,CADETES MASCULINO,SUR,VILLEGAS BASQUET,28
2025,CADETES MASCULINO,NORTE,CLUB SPORTIVO PILAR,30
2025,CADETES MASCULINO,NORTE,BANCO PROVINCIA,30
2025,CADETES MASCULINO,CENTRO,"JOSE HERNANDEZ ""B""",26
2025,CADETES MASCULINO,NORTE,CAZA Y PESCA BLANCO B,28
2025,CADETES MASCULINO,NORTE,HARRODS GATH Y CHAVES,30
2025,CADETES MASCULINO,SUR,COLON FC,27
2025,CADETES MASCULINO,SUR,MONTE GRANDE B NEGRO,24
2025,CADETES MASCULINO,OESTE,VELEZ SARSFIELD BLANCO - A,29
2025,CADETES MASCULINO,SUR,"CLUB GIMNASIA Y ESGRIMA LA PLATA BLANCO ""B""",25
2025,CADETES MASCULINO,SUR,GUILLON BASQUET,26
2025,CADETES MASCULINO,OESTE,CLUB PORTUGUES DEL GRAN BUENOS AIRES,28
2025,CADETES MASCULINO,SUR,TEMPERLEY,28
2025,CADETES MASCULINO,OESTE,MORON ROJO,29
2025,CADETES MASCULINO,SUR,DEFENSORES DE BANFIELD,28
2025,CADETES MASCULINO,NORTE,NAUTICO BUCHARDO B,28
2025,CADETES MASCULINO,SUR,CLUB SOCIAL ALEJANDRO KORN,26
2025,CADETES MASCULINO,NORTE,COOPERATIVA TORTUGUITAS,30
2025,CADETES MASCULINO,CENTRO-OESTE,CLARIDAD,26
2025,CADETES MASCULINO,CENTRO,MACABI,26
2025,CADETES MASCULINO,OESTE,DEP. MORON BLANCO,28
2025,CADETES MASCULINO,SUR,MUNICIPALIDAD DE AVELLANEDA,27
2025,CADETES MASCULINO,OESTE,EL PORVENIR JOSE C. PAZ,28
2025,CADETES MASCULINO,NORTE,SOCIAL BECCAR,29
2025,CADETES MASCULINO,NORTE,COLEGIALES BLANCO,26
2025,CADETES MASCULINO,NORTE,OBRAS BASKET,32
2025,CADETES MASCULINO,OESTE,A.F.A.L.P. A,28
2025,CADETES MASCULINO,SUR,ARGENTINO DE QUILMES,24
2025,CADETES MASCULINO,CENTRO-OESTE,ESTRELLA DE BOEDO,26
2025,CADETES MASCULINO,CENTRO,ITALIANO B,28
2025,CADETES MASCULINO,OESTE,ARGENTINO DE CASTELAR NORTE A,28
2025,CADETES MASCULINO,SUR,CLUB ATLETICO BERNAL,25
2025,CADETES MASCULINO,CENTRO,FERROCARRIL OESTE VERDE (A),26
2025,CADETES MASCULINO,NORTE,PLATENSE BLANCO,28
2025,CADETES MASCULINO,SUR,LANUS A,28
2025,CADETES MASCULINO,NORTE,CLUB 3 DE FEBRERO AZUL B,26
2025,CADETES MASCULINO,NORTE,CIUDAD DE BUENOS AIRES BLANCO B,28
2025,CADETES MASCULINO,SUR,WILDE SPORTING,27
2025,CADETES MASCULINO,CENTRO,ARGENTINOS JUNIORS,26
2025,CADETES MASCULINO,SUR,MONTE GRANDE A  ROJO,29
2025,CADETES MASCULINO,OESTE,ESTUDIANTIL PORTEÑO B,30
2025,CADETES MASCULINO,OESTE,ARGENTINO DE CASTELAR CENTRO B,28
2025,CADETES MASCULINO,OESTE,DEP. MORON ROJO,26
2025,CADETES MASCULINO,CENTRO-OESTE,"DEPORTIVO CROVARA  ""A""",26
2025,CADETES MASCULINO,SUR,SOCIAL LANUS,26
2025,CADETES MASCULINO,SUR,CLUB EL FOGON,24
2025,CADETES MASCULINO,SUR,CLUB  SOCIAL Y  DEPORTIVO TAMBEROS UNIDOS,24
2025,CADETES MASCULINO,OESTE,MORON BLANCO,27
2025,CADETES MASCULINO,NORTE,"VICTORIA NEGRO ""A""",28
2025,CADETES MASCULINO,OESTE,NOLTING,28
2025,CADETES MASCULINO,NORTE,HEBRAICA,25
2025,CADETES MASCULINO,NORTE,U.V.V.A UNION VECINAL VILLA ADELINA,30
2025,CADETES MASCULINO,SUR,SPORTIVO ALSINA,30
2025,CADETES MASCULINO,CENTRO,NUEVA CHICAGO,25
2025,CADETES MASCULINO,SUR,VILLA ESPAÑA,27
2025,CADETES MASCULINO,OESTE,CENTRO ESPAÑOL,29
2025,CADETES MASCULINO,NORTE,NAUTICO BUCHARDO A,28
2025,CADETES MASCULINO,CENTRO,JUVENCIA,27
2025,CADETES MASCULINO,CENTRO,ALL BOYS DE SAAVEDRA,26
2025,CADETES MASCULINO,SUR,BOCA JUNIORS AMARILLO,26
2025,CADETES MASCULINO,OESTE,INSTITUCION SARMIENTO VERDE A,29
2025,CADETES MASCULINO,NORTE,"VICTORIA BLANCO ""B""",28
2025,CADETES MASCULINO,SUR,LOBOS ATHLETIC CLUB,13
2025,CADETES MASCULINO,NORTE,SAN FERNANDO AZUL (A),30
2025,CADETES MASCULINO,OESTE,EL PALOMAR,30
2025,CADETES MASCULINO,SUR,COUNTRY BANFIELD A,28
2025,CADETES MASCULINO,OESTE,CLUB GEI BLANCO (B),29
2025,CADETES MASCULINO,SUR,RACING CLUB,12
2025,CADETES MASCULINO,OESTE,HURACAN DE SAN JUSTO BLANCO,26
2025,CADETES MASCULINO,NORTE,ATLETICO BOULOGNE,28
2025,CADETES MASCULINO,OESTE,SAN MIGUEL BLANCO,26
2025,CADETES MASCULINO,OESTE,CLUB GEI AZUL (A),28
2025,CADETES MASCULINO,SUR,BURZACO FC ROJO B,25
2025,CADETES MASCULINO,OESTE,DEFENSORES DE MORENO ROJO,25
2025,CADETES MASCULINO,SUR,COUNTRY BANFIELD B,24
2025,CADETES MASCULINO,OESTE,INDIOS U15 NEGRO,29
2025,CADETES MASCULINO,CENTRO,VILLA MITRE,26
2025,CADETES MASCULINO,OESTE,SAN MIGUEL VERDE,28
2025,CADETES MASCULINO,OESTE,ATENEO POPULAR VERSAILLES,29
2025,CADETES MASCULINO,NORTE,INDEPENDIENTE DE ESCOBAR,26
2025,CADETES MASCULINO,OESTE,UNITARIOS DE MARCOS PAZ,28
2025,CADETES MASCULINO,SUR,LA UNION,23
2025,CADETES MASCULINO,OESTE,ESTUDIANTIL PORTEÑO A,30
2025,CADETES MASCULINO,CENTRO,ALDO BONZI,26
2025,CADETES MASCULINO,OESTE,ARGENTINO DE CASTELAR SUR C,26
2025,CADETES MASCULINO,SUR,BOCA JUNIORS A,32
2025,CADETES MASCULINO,CENTRO,PEDRO ECHAGUE AMARILLO B,25
2025,CADETES MASCULINO,CENTRO,GEBA,26
2025,CADETES MASCULINO,CENTRO,IMPERIO BLANCO A,26
2025,CADETES MASCULINO,OESTE,MIDLAND,28
2025,CADETES MASCULINO,CENTRO,COLEGIALES NEGRO,26
2025,CADETES MASCULINO,NORTE,LAS HERAS A,28
2025,CADETES MASCULINO,CENTRO,EL TALAR,26
2025,CADETES MASCULINO,CENTRO,PEDRO ECHAGUE AZUL A,28
2025,CADETES MASCULINO,CENTRO,RACING ANEXO,26
2025,CADETES MASCULINO,OESTE,SITAS,29
2025,CADETES MASCULINO,CENTRO,ARQUITECTURA NEGRO  A,26
2025,CADETES MASCULINO,SUR,TAPONAZO  FUTBOL CLUB,25
2025,CADETES MASCULINO,NORTE,UNIVERSIDAD DE BUENOS AIRES,29
2025,CADETES MASCULINO,CENTRO,PINOCHO,29
2025,CADETES MASCULINO,SUR,OLIMPO,28
2025,CADETES MASCULINO,NORTE,"NAUTICO HACOAJ BLANCO ""A""",28
2025,CADETES MASCULINO,CENTRO-OESTE,ARMENIA,26
2025,CADETES MASCULINO,NORTE,COMUNICACIONES,30
2025,CADETES MASCULINO,NORTE,SPORTIVO ESCOBAR,26
2025,CADETES MASCULINO,OESTE,SPORTIVO HAEDO,29
2025,CADETES MASCULINO,SUR,LOS ANDES,28
2025,CADETES MASCULINO,CENTRO,DEPORTIVO CROVARA B,26
2025,CADETES MASCULINO,NORTE,PINOCHO VERDE,26
2025,CADETES MASCULINO,NORTE,BANCO NACION BLANCO B,26
2025,CADETES MASCULINO,SUR,CLUB ATLETICO PAMPERO,27
2025,CADETES MASCULINO,CENTRO,SAN LORENZO AZUL,27
2025,CADETES MASCULINO,SUR,CLUB SOCIAL Y DEPORTIVO NAHUEL,12
2025,INFANTILES MASCULINO,NORTE,CLUB 3 DE FEBRERO CELESTE C,28
2025,INFANTILES MASCULINO,NORTE,SAN ANDRES,28
2025,INFANTILES MASCULINO,CENTRO,ALL BOYS BLANCO,26
2025,INFANTILES MASCULINO,CENTRO,ITALIANO,26
2025,INFANTILES MASCULINO,OESTE,INSTITUCION SARMIENTO BLANCO B,28
2025,INFANTILES MASCULINO,NORTE,RIVER PLATE,29
2025,INFANTILES MASCULINO,OESTE,PASO DEL REY SOCIAL CLUB,28
2025,INFANTILES MASCULINO,CENTRO-OESTE,"JOSE HERNANDEZ ""A""",26
2025,INFANTILES MASCULINO,NORTE,SPORTIVO VILLA BALLESTER,27
2025,INFANTILES MASCULINO,NORTE,PLATENSE MARRON,28
2025,INFANTILES MASCULINO,NORTE,CAZA Y PESCA AZUL A,31
2025,INFANTILES MASCULINO,NORTE,CLUB SOCIAL Y DEPORTIVO ARENAL,29
2025,INFANTILES MASCULINO,CENTRO,PINOCHO BLANCO,26
2025,INFANTILES MASCULINO,NORTE,BELLA VISTA,28
2025,INFANTILES MASCULINO,SUR,GIMNASIA Y ESGRIMA DE LOMAS DE ZAMORA B,26
2025,INFANTILES MASCULINO,SUR,CLUB  ATLETICO Y PROGRESO DE BRANDSEN,23
2025,INFANTILES MASCULINO,OESTE,DEFENSORES DE SANTOS LUGARES,30
2025,INFANTILES MASCULINO,CENTRO-OESTE,VELEZ SARSFIELD AZUL - B,26
2025,INFANTILES MASCULINO,NORTE,UNION FLORIDA,28
2025,INFANTILES MASCULINO,NORTE,CENTRO GALICIA,29
2025,INFANTILES MASCULINO,SUR,TALLERES,27
2025,INFANTILES MASCULINO,NORTE,CIUDAD DE BUENOS AIRES AZUL A,29
2025,INFANTILES MASCULINO,OESTE,GEVP CELESTE B,26
2025,INFANTILES MASCULINO,CENTRO,FERROCARRIL OESTE NARANJA (C),26
2025,INFANTILES MASCULINO,CENTRO,CIRCULO URQUIZA,27
2025,INFANTILES MASCULINO,SUR,CLUB SOCIAL EZEIZA,26
2025,INFANTILES MASCULINO,OESTE,INDIOS U13 NEGRO,30
2025,INFANTILES MASCULINO,SUR,JUVENTUD UNIDA,26
2025,INFANTILES MASCULINO,OESTE,DEFENSORES DE HURLINGHAM VERDE A,14
2025,INFANTILES MASCULINO,SUR,LUZ Y ARTE,28
2025,INFANTILES MASCULINO,NORTE,UNION VECINAL DE MUNRO,28
2025,INFANTILES MASCULINO,OESTE,C.A.S.A PADUA A,17
2025,INFANTILES MASCULINO,OESTE,CIUDADELA NORTE,26
2025,INFANTILES MASCULINO,NORTE,BANCO NACION AZUL A,28
2025,INFANTILES MASCULINO,OESTE,PORTEÑO BLANCO B,23
2025,INFANTILES MASCULINO,CENTRO,SAN LORENZO ROJO B,26
2025,INFANTILES MASCULINO,OESTE,ITALIANO DE JOSE C PAZ,24
2025,INFANTILES MASCULINO,SUR,"CLUB GIMNASIA Y ESGRIMA LA PLATA AZUL ""A""",26
2025,INFANTILES MASCULINO,CENTRO,FERROCARRIL OESTE BLANCO (B),27
2025,INFANTILES MASCULINO,SUR,LANUS B,24
2025,INFANTILES MASCULINO,SUR,BURZACO FC AZUL A,26
2025,INFANTILES MASCULINO,CENTRO,CLUB ATLETICO HURACAN DE PARQUE PATRICIOS,23
2025,INFANTILES MASCULINO,OESTE,RAMOS MEJIA LTC,29
2025,INFANTILES MASCULINO,CENTRO,UNIVERSIDAD DE LA MATANZA,26
2025,INFANTILES MASCULINO,OESTE,LEANDRO N ALEM,12
2025,INFANTILES MASCULINO,SUR,C.S.D.Y C. MORENO,24
2025,INFANTILES MASCULINO,SUR,DEFENSORES DE GLEW,28
2025,INFANTILES MASCULINO,OESTE,C.A.S.A PADUA B,28
2025,INFANTILES MASCULINO,SUR,VARELA JRS,26
2025,INFANTILES MASCULINO,CENTRO,ARQUITECTURA BLANCO  B,26
2025,INFANTILES MASCULINO,SUR,INDEPENDIENTE DE BURZACO,26
2025,INFANTILES MASCULINO,NORTE,"NAUTICO HACOAJ AZUL ""B""",28
2025,INFANTILES MASCULINO,NORTE,SAN FERNANDO BLANCO (B),29
2025,INFANTILES MASCULINO,NORTE,CLUB 3 DE FEBRERO BLANCO A,29
2025,INFANTILES MASCULINO,NORTE,COPELLO,28
2025,INFANTILES MASCULINO,SUR,QUILMES A.C.,26
2025,INFANTILES MASCULINO,OESTE,HURACAN DE SAN JUSTO ROJO,28
2025,INFANTILES MASCULINO,OESTE,DEFENSORES DE HURLINGHAM  BLANCO B,28
2025,INFANTILES MASCULINO,OESTE,CLUB CEPA,28
2025,INFANTILES MASCULINO,SUR,COOPERARIOS,26
2025,INFANTILES MASCULINO,OESTE,DEFENSORES DE MORENO NEGRO,25
2025,INFANTILES MASCULINO,CENTRO,YUPANQUI,26
2025,INFANTILES MASCULINO,SUR,INDEPENDIENTE ROJO,26
2025,INFANTILES MASCULINO,NORTE,CLUB ATLETICO PILAR,26
2025,INFANTILES MASCULINO,NORTE,17 DE AGOSTO,29
2025,INFANTILES MASCULINO,SUR,CAÑUELAS FC,14
2025,INFANTILES MASCULINO,SUR,GIMNASIA Y ESGRIMA DE LOMAS DE ZAMORA,28
2025,INFANTILES MASCULINO,SUR,BERAZATEGUI,12
2025,INFANTILES MASCULINO,CENTRO,IMPERIO NEGRO,26
2025,INFANTILES MASCULINO,OESTE,CEDEM,29
2025,INFANTILES MASCULINO,OESTE,PORTEÑO AZUL A,18
2025,INFANTILES MASCULINO,NORTE,PRESIDENTE DERQUI,30
2025,INFANTILES MASCULINO,SUR,TRISTAN SUAREZ,26
2025,INFANTILES MASCULINO,NORTE,BANADE ROJO,31
2025,INFANTILES MASCULINO,SUR,VILLEGAS BASQUET,28
2025,INFANTILES MASCULINO,NORTE,CLUB SPORTIVO PILAR,27
2025,INFANTILES MASCULINO,NORTE,BANCO PROVINCIA,30
2025,INFANTILES MASCULINO,CENTRO,"JOSE HERNANDEZ ""B""",26
2025,INFANTILES MASCULINO,NORTE,CAZA Y PESCA BLANCO B,28
2025,INFANTILES MASCULINO,NORTE,HARRODS GATH Y CHAVES,30
2025,INFANTILES MASCULINO,SUR,COLON FC,28
2025,INFANTILES MASCULINO,SUR,MONTE GRANDE B NEGRO,25
2025,INFANTILES MASCULINO,OESTE,VELEZ SARSFIELD BLANCO - A,32
2025,INFANTILES MASCULINO,SUR,GUILLON BASQUET,25
2025,INFANTILES MASCULINO,SUR,"CLUB GIMNASIA Y ESGRIMA LA PLATA BLANCO ""B""",23
2025,INFANTILES MASCULINO,OESTE,CLUB PORTUGUES DEL GRAN BUENOS AIRES,30
2025,INFANTILES MASCULINO,SUR,TEMPERLEY,28
2025,INFANTILES MASCULINO,OESTE,MORON ROJO,28
2025,INFANTILES MASCULINO,SUR,DEFENSORES DE BANFIELD,26
2025,INFANTILES MASCULINO,NORTE,NAUTICO BUCHARDO B,28
2025,INFANTILES MASCULINO,SUR,CLUB SOCIAL ALEJANDRO KORN,30
2025,INFANTILES MASCULINO,CENTRO-OESTE,CLARIDAD,26
2025,INFANTILES MASCULINO,CENTRO,MACABI,25
2025,INFANTILES MASCULINO,NORTE,COOPERATIVA TORTUGUITAS,28
2025,INFANTILES MASCULINO,OESTE,DEP. MORON BLANCO,29
2025,INFANTILES MASCULINO,SUR,MUNICIPALIDAD DE AVELLANEDA,30
2025,INFANTILES MASCULINO,OESTE,EL PORVENIR JOSE C. PAZ,27
2025,INFANTILES MASCULINO,NORTE,SOCIAL BECCAR,28
2025,INFANTILES MASCULINO,NORTE,COLEGIALES BLANCO,26
2025,INFANTILES MASCULINO,NORTE,OBRAS BASKET,32
2025,INFANTILES MASCULINO,OESTE,A.F.A.L.P. A,28
2025,INFANTILES MASCULINO,SUR,ARGENTINO DE QUILMES,24
2025,INFANTILES MASCULINO,CENTRO-OESTE,ESTRELLA DE BOEDO,25
2025,INFANTILES MASCULINO,CENTRO,ITALIANO B,25
2025,INFANTILES MASCULINO,OESTE,ARGENTINO DE CASTELAR NORTE A,29
2025,INFANTILES MASCULINO,SUR,CLUB ATLETICO BERNAL,28
2025,INFANTILES MASCULINO,CENTRO,FERROCARRIL OESTE VERDE (A),26
2025,INFANTILES MASCULINO,NORTE,PLATENSE BLANCO,30
2025,INFANTILES MASCULINO,SUR,LANUS A,28
2025,INFANTILES MASCULINO,NORTE,CLUB 3 DE FEBRERO AZUL B,26
2025,INFANTILES MASCULINO,NORTE,CIUDAD DE BUENOS AIRES BLANCO B,28
2025,INFANTILES MASCULINO,SUR,WILDE SPORTING,26
2025,INFANTILES MASCULINO,CENTRO,ARGENTINOS JUNIORS,26
2025,INFANTILES MASCULINO,SUR,MONTE GRANDE A  ROJO,28
2025,INFANTILES MASCULINO,OESTE,ESTUDIANTIL PORTEÑO B,28
2025,INFANTILES MASCULINO,OESTE,ARGENTINO DE CASTELAR CENTRO B,28
2025,INFANTILES MASCULINO,CENTRO,IMPERIO BLANCO  A,26
2025,INFANTILES MASCULINO,OESTE,DEP. MORON ROJO,23
2025,INFANTILES MASCULINO,CENTRO-OESTE,"DEPORTIVO CROVARA  ""A""",26
2025,INFANTILES MASCULINO,SUR,SOCIAL LANUS,27
2025,INFANTILES MASCULINO,SUR,CLUB EL FOGON,25
2025,INFANTILES MASCULINO,SUR,CLUB  SOCIAL Y  DEPORTIVO TAMBEROS UNIDOS,24
2025,INFANTILES MASCULINO,OESTE,MORON BLANCO,25
2025,INFANTILES MASCULINO,NORTE,"VICTORIA NEGRO ""A""",28
2025,INFANTILES MASCULINO,OESTE,NOLTING,26
2025,INFANTILES MASCULINO,NORTE,HEBRAICA,25
2025,INFANTILES MASCULINO,NORTE,U.V.V.A UNION VECINAL VILLA ADELINA,30
2025,INFANTILES MASCULINO,SUR,SPORTIVO ALSINA,26
2025,INFANTILES MASCULINO,CENTRO,NUEVA CHICAGO,14
2025,INFANTILES MASCULINO,SUR,VILLA ESPAÑA,23
2025,INFANTILES MASCULINO,OESTE,CENTRO ESPAÑOL,29
2025,INFANTILES MASCULINO,OESTE,INDIOS U13 BLANCO,28
2025,INFANTILES MASCULINO,CENTRO,JUVENCIA,28
2025,INFANTILES MASCULINO,NORTE,NAUTICO BUCHARDO A,28
2025,INFANTILES MASCULINO,CENTRO,ALL BOYS DE SAAVEDRA,23
2025,INFANTILES MASCULINO,SUR,BOCA JUNIORS AMARILLO,26
2025,INFANTILES MASCULINO,OESTE,INSTITUCION SARMIENTO VERDE A,31
2025,INFANTILES MASCULINO,NORTE,"VICTORIA BLANCO ""B""",27
2025,INFANTILES MASCULINO,SUR,LOBOS ATHLETIC CLUB,14
2025,INFANTILES MASCULINO,NORTE,SAN FERNANDO AZUL (A),29
2025,INFANTILES MASCULINO,OESTE,EL PALOMAR,26
2025,INFANTILES MASCULINO,SUR,COUNTRY BANFIELD A,28
2025,INFANTILES MASCULINO,OESTE,CLUB GEI BLANCO (B),27
2025,INFANTILES MASCULINO,SUR,RACING CLUB,11
2025,INFANTILES MASCULINO,OESTE,HURACAN DE SAN JUSTO BLANCO,3
2025,INFANTILES MASCULINO,NORTE,ATLETICO BOULOGNE,30
2025,INFANTILES MASCULINO,OESTE,SAN MIGUEL BLANCO,24
2025,INFANTILES MASCULINO,OESTE,CLUB GEI AZUL (A),28
2025,INFANTILES MASCULINO,SUR,BURZACO FC ROJO B,25
2025,INFANTILES MASCULINO,OESTE,DEFENSORES DE MORENO ROJO,16
2025,INFANTILES MASCULINO,SUR,COUNTRY BANFIELD B,24
2025,INFANTILES MASCULINO,CENTRO,VILLA MITRE,27
2025,INFANTILES MASCULINO,OESTE,SAN MIGUEL VERDE,29
2025,INFANTILES MASCULINO,OESTE,ATENEO POPULAR VERSAILLES,29
2025,INFANTILES MASCULINO,NORTE,INDEPENDIENTE DE ESCOBAR,28
2025,INFANTILES MASCULINO,OESTE,UNITARIOS DE MARCOS PAZ,28
2025,INFANTILES MASCULINO,OESTE,GEVP BLANCO,28
2025,INFANTILES MASCULINO,OESTE,ESTUDIANTIL PORTEÑO A,29
2025,INFANTILES MASCULINO,SUR,LA UNION,22
2025,INFANTILES MASCULINO,CENTRO,ALDO BONZI,26
2025,INFANTILES MASCULINO,OESTE,ARGENTINO DE CASTELAR SUR C,21
2025,INFANTILES MASCULINO,SUR,BOCA JUNIORS A,28
2025,INFANTILES MASCULINO,CENTRO,PEDRO ECHAGUE AMARILLO B,24
2025,INFANTILES MASCULINO,CENTRO,GEBA,26
2025,INFANTILES MASCULINO,OESTE,MIDLAND,28
2025,INFANTILES MASCULINO,CENTRO,COLEGIALES NEGRO,26
2025,INFANTILES MASCULINO,NORTE,LAS HERAS A,29
2025,INFANTILES MASCULINO,CENTRO,EL TALAR,26
2025,INFANTILES MASCULINO,CENTRO,PEDRO ECHAGUE AZUL A,27
2025,INFANTILES MASCULINO,CENTRO,RACING ANEXO,25
2025,INFANTILES MASCULINO,OESTE,SITAS,28
2025,INFANTILES MASCULINO,CENTRO,ARQUITECTURA NEGRO  A,27
2025,INFANTILES MASCULINO,SUR,TAPONAZO  FUTBOL CLUB,24
2025,INFANTILES MASCULINO,NORTE,UNIVERSIDAD DE BUENOS AIRES,28
2025,INFANTILES MASCULINO,CENTRO,PINOCHO,28
2025,INFANTILES MASCULINO,SUR,OLIMPO,28
2025,INFANTILES MASCULINO,NORTE,"NAUTICO HACOAJ BLANCO ""A""",28
2025,INFANTILES MASCULINO,CENTRO-OESTE,ARMENIA,26
2025,INFANTILES MASCULINO,NORTE,COMUNICACIONES,28
2025,INFANTILES MASCULINO,NORTE,SPORTIVO ESCOBAR,27
2025,INFANTILES MASCULINO,OESTE,SPORTIVO HAEDO,27
2025,INFANTILES MASCULINO,SUR,LOS ANDES,28
2025,INFANTILES MASCULINO,CENTRO,DEPORTIVO CROVARA B,28
2025,INFANTILES MASCULINO,NORTE,PINOCHO VERDE,26
2025,INFANTILES MASCULINO,NORTE,BANCO NACION BLANCO B,26
2025,INFANTILES MASCULINO,SUR,CLUB ATLETICO PAMPERO,26
2025,INFANTILES MASCULINO,CENTRO,SAN LORENZO AZUL,26
2025,INFANTILES MASCULINO,SUR,CLUB SOCIAL Y DEPORTIVO NAHUEL,12
2025,JUVENILES MASCULINO,NORTE,CLUB 3 DE FEBRERO CELESTE C,28
2025,JUVENILES MASCULINO,NORTE,SAN ANDRES,28
2025,JUVENILES MASCULINO,CENTRO,ALL BOYS BLANCO,26
2025,JUVENILES MASCULINO,CENTRO,ITALIANO,26
2025,JUVENILES MASCULINO,OESTE,INSTITUCION SARMIENTO BLANCO B,28
2025,JUVENILES MASCULINO,NORTE,RIVER PLATE,29
2025,JUVENILES MASCULINO,OESTE,PASO DEL REY SOCIAL CLUB,27
2025,JUVENILES MASCULINO,CENTRO-OESTE,"JOSE HERNANDEZ ""A""",26
2025,JUVENILES MASCULINO,NORTE,SPORTIVO VILLA BALLESTER,27
2025,JUVENILES MASCULINO,NORTE,PLATENSE MARRON,27
2025,JUVENILES MASCULINO,NORTE,CAZA Y PESCA AZUL A,30
2025,JUVENILES MASCULINO,NORTE,CLUB SOCIAL Y DEPORTIVO ARENAL,30
2025,JUVENILES MASCULINO,CENTRO,PINOCHO BLANCO,26
2025,JUVENILES MASCULINO,NORTE,BELLA VISTA,28
2025,JUVENILES MASCULINO,SUR,GIMNASIA Y ESGRIMA DE LOMAS DE ZAMORA B,24
2025,JUVENILES MASCULINO,SUR,CLUB  ATLETICO Y PROGRESO DE BRANDSEN,24
2025,JUVENILES MASCULINO,OESTE,DEFENSORES DE SANTOS LUGARES,29
2025,JUVENILES MASCULINO,CENTRO-OESTE,VELEZ SARSFIELD AZUL - B,26
2025,JUVENILES MASCULINO,NORTE,UNION FLORIDA,28
2025,JUVENILES MASCULINO,NORTE,CENTRO GALICIA,28
2025,JUVENILES MASCULINO,SUR,TALLERES,26
2025,JUVENILES MASCULINO,NORTE,CIUDAD DE BUENOS AIRES AZUL A,32
2025,JUVENILES MASCULINO,OESTE,GEVP CELESTE B,26
2025,JUVENILES MASCULINO,CENTRO,FERROCARRIL OESTE NARANJA (C),26
2025,JUVENILES MASCULINO,CENTRO,CIRCULO URQUIZA,27
2025,JUVENILES MASCULINO,SUR,CLUB SOCIAL EZEIZA,26
2025,JUVENILES MASCULINO,SUR,JUVENTUD UNIDA,24
2025,JUVENILES MASCULINO,OESTE,DEFENSORES DE HURLINGHAM VERDE A,14
2025,JUVENILES MASCULINO,SUR,LUZ Y ARTE,26
2025,JUVENILES MASCULINO,NORTE,UNION VECINAL DE MUNRO,27
2025,JUVENILES MASCULINO,OESTE,C.A.S.A PADUA A,16
2025,JUVENILES MASCULINO,OESTE,CIUDADELA NORTE,27
2025,JUVENILES MASCULINO,NORTE,BANCO NACION AZUL A,28
2025,JUVENILES MASCULINO,OESTE,PORTEÑO BLANCO B,25
2025,JUVENILES MASCULINO,CENTRO,SAN LORENZO ROJO B,28
2025,JUVENILES MASCULINO,OESTE,ITALIANO DE JOSE C PAZ,26
2025,JUVENILES MASCULINO,SUR,"CLUB GIMNASIA Y ESGRIMA LA PLATA AZUL ""A""",27
2025,JUVENILES MASCULINO,CENTRO,FERROCARRIL OESTE BLANCO (B),27
2025,JUVENILES MASCULINO,SUR,LANUS B,23
2025,JUVENILES MASCULINO,OESTE,INDIOS U17 BLANCO,28
2025,JUVENILES MASCULINO,CENTRO,CLUB ATLETICO HURACAN DE PARQUE PATRICIOS,26
2025,JUVENILES MASCULINO,OESTE,RAMOS MEJIA LTC,27
2025,JUVENILES MASCULINO,CENTRO,IMPERIO NEGRO B,26
2025,JUVENILES MASCULINO,CENTRO,UNIVERSIDAD DE LA MATANZA,26
2025,JUVENILES MASCULINO,OESTE,LEANDRO N ALEM,13
2025,JUVENILES MASCULINO,OESTE,GEVP BLANCO A,29
2025,JUVENILES MASCULINO,SUR,C.S.D.Y C. MORENO,24
2025,JUVENILES MASCULINO,SUR,DEFENSORES DE GLEW,24
2025,JUVENILES MASCULINO,OESTE,C.A.S.A PADUA B,28
2025,JUVENILES MASCULINO,SUR,VARELA JRS,28
2025,JUVENILES MASCULINO,CENTRO,ARQUITECTURA BLANCO  B,26
2025,JUVENILES MASCULINO,SUR,INDEPENDIENTE DE BURZACO,26
2025,JUVENILES MASCULINO,NORTE,"NAUTICO HACOAJ AZUL ""B""",27
2025,JUVENILES MASCULINO,NORTE,SAN FERNANDO BLANCO (B),28
2025,JUVENILES MASCULINO,SUR,BURZACO FC- AZUL A,26
2025,JUVENILES MASCULINO,NORTE,CLUB 3 DE FEBRERO BLANCO A,27
2025,JUVENILES MASCULINO,NORTE,COPELLO,28
2025,JUVENILES MASCULINO,SUR,QUILMES A.C.,26
2025,JUVENILES MASCULINO,OESTE,HURACAN DE SAN JUSTO ROJO,28
2025,JUVENILES MASCULINO,OESTE,DEFENSORES DE HURLINGHAM  BLANCO B,28
2025,JUVENILES MASCULINO,OESTE,CLUB CEPA,28
2025,JUVENILES MASCULINO,SUR,COOPERARIOS,24
2025,JUVENILES MASCULINO,OESTE,DEFENSORES DE MORENO NEGRO,26
2025,JUVENILES MASCULINO,CENTRO,YUPANQUI,26
2025,JUVENILES MASCULINO,SUR,INDEPENDIENTE ROJO,26
2025,JUVENILES MASCULINO,NORTE,CLUB ATLETICO PILAR,27
2025,JUVENILES MASCULINO,NORTE,17 DE AGOSTO,27
2025,JUVENILES MASCULINO,SUR,CAÑUELAS FC,13
2025,JUVENILES MASCULINO,SUR,GIMNASIA Y ESGRIMA DE LOMAS DE ZAMORA,31
2025,JUVENILES MASCULINO,SUR,BERAZATEGUI,12
2025,JUVENILES MASCULINO,OESTE,CEDEM,29
2025,JUVENILES MASCULINO,OESTE,PORTEÑO AZUL A,13
2025,JUVENILES MASCULINO,NORTE,PRESIDENTE DERQUI,30
2025,JUVENILES MASCULINO,SUR,TRISTAN SUAREZ,26
2025,JUVENILES MASCULINO,NORTE,BANADE ROJO,29
2025,JUVENILES MASCULINO,SUR,VILLEGAS BASQUET,28
2025,JUVENILES MASCULINO,NORTE,CLUB SPORTIVO PILAR,29
2025,JUVENILES MASCULINO,NORTE,BANCO PROVINCIA,28
2025,JUVENILES MASCULINO,CENTRO,"JOSE HERNANDEZ ""B""",26
2025,JUVENILES MASCULINO,NORTE,CAZA Y PESCA BLANCO B,28
2025,JUVENILES MASCULINO,NORTE,HARRODS GATH Y CHAVES,28
2025,JUVENILES MASCULINO,SUR,COLON FC,26
2025,JUVENILES MASCULINO,SUR,MONTE GRANDE B NEGRO,24
2025,JUVENILES MASCULINO,OESTE,VELEZ SARSFIELD BLANCO - A,29
2025,JUVENILES MASCULINO,SUR,GUILLON BASQUET,26
2025,JUVENILES MASCULINO,SUR,"CLUB GIMNASIA Y ESGRIMA LA PLATA BLANCO ""B""",23
2025,JUVENILES MASCULINO,OESTE,CLUB PORTUGUES DEL GRAN BUENOS AIRES,28
2025,JUVENILES MASCULINO,SUR,TEMPERLEY,28
2025,JUVENILES MASCULINO,OESTE,MORON ROJO,28
2025,JUVENILES MASCULINO,SUR,DEFENSORES DE BANFIELD,26
2025,JUVENILES MASCULINO,NORTE,NAUTICO BUCHARDO B,28
2025,JUVENILES MASCULINO,CENTRO,MACABI,28
2025,JUVENILES MASCULINO,CENTRO-OESTE,CLARIDAD,27
2025,JUVENILES MASCULINO,SUR,CLUB SOCIAL ALEJANDRO KORN,26
2025,JUVENILES MASCULINO,NORTE,COOPERATIVA TORTUGUITAS,28
2025,JUVENILES MASCULINO,OESTE,DEP. MORON BLANCO,32
2025,JUVENILES MASCULINO,SUR,MUNICIPALIDAD DE AVELLANEDA,26
2025,JUVENILES MASCULINO,OESTE,EL PORVENIR JOSE C. PAZ,28
2025,JUVENILES MASCULINO,NORTE,SOCIAL BECCAR,29
2025,JUVENILES MASCULINO,NORTE,COLEGIALES BLANCO,25
2025,JUVENILES MASCULINO,NORTE,OBRAS BASKET,32
2025,JUVENILES MASCULINO,OESTE,A.F.A.L.P. A,28
2025,JUVENILES MASCULINO,SUR,ARGENTINO DE QUILMES,24
2025,JUVENILES MASCULINO,CENTRO-OESTE,ESTRELLA DE BOEDO,26
2025,JUVENILES MASCULINO,CENTRO,ITALIANO B,26
2025,JUVENILES MASCULINO,OESTE,ARGENTINO DE CASTELAR NORTE A,28
2025,JUVENILES MASCULINO,SUR,CLUB ATLETICO BERNAL,26
2025,JUVENILES MASCULINO,CENTRO,FERROCARRIL OESTE VERDE (A),27
2025,JUVENILES MASCULINO,NORTE,PLATENSE BLANCO,27
2025,JUVENILES MASCULINO,SUR,LANUS A,29
2025,JUVENILES MASCULINO,NORTE,CLUB 3 DE FEBRERO AZUL B,26
2025,JUVENILES MASCULINO,NORTE,CIUDAD DE BUENOS AIRES BLANCO B,28
2025,JUVENILES MASCULINO,SUR,WILDE SPORTING,27
2025,JUVENILES MASCULINO,CENTRO,ARGENTINOS JUNIORS,27
2025,JUVENILES MASCULINO,SUR,MONTE GRANDE A  ROJO,26
2025,JUVENILES MASCULINO,OESTE,ESTUDIANTIL PORTEÑO B,30
2025,JUVENILES MASCULINO,OESTE,ARGENTINO DE CASTELAR CENTRO B,28
2025,JUVENILES MASCULINO,CENTRO,IMPERIO BLANCO  A,26
2025,JUVENILES MASCULINO,OESTE,DEP. MORON ROJO,26
2025,JUVENILES MASCULINO,CENTRO-OESTE,"DEPORTIVO CROVARA  ""A""",26
2025,JUVENILES MASCULINO,SUR,SOCIAL LANUS,28
2025,JUVENILES MASCULINO,SUR,CLUB EL FOGON,24
2025,JUVENILES MASCULINO,SUR,CLUB  SOCIAL Y  DEPORTIVO TAMBEROS UNIDOS,24
2025,JUVENILES MASCULINO,OESTE,MORON BLANCO,27
2025,JUVENILES MASCULINO,NORTE,"VICTORIA NEGRO ""A""",28
2025,JUVENILES MASCULINO,OESTE,NOLTING,28
2025,JUVENILES MASCULINO,NORTE,HEBRAICA,25
2025,JUVENILES MASCULINO,NORTE,U.V.V.A UNION VECINAL VILLA ADELINA,29
2025,JUVENILES MASCULINO,SUR,SPORTIVO ALSINA,26
2025,JUVENILES MASCULINO,CENTRO,NUEVA CHICAGO,25
2025,JUVENILES MASCULINO,SUR,VILLA ESPAÑA,23
2025,JUVENILES MASCULINO,OESTE,CENTRO ESPAÑOL,28
2025,JUVENILES MASCULINO,NORTE,NAUTICO BUCHARDO A,28
2025,JUVENILES MASCULINO,CENTRO,JUVENCIA,26
2025,JUVENILES MASCULINO,CENTRO,ALL BOYS DE SAAVEDRA,25
2025,JUVENILES MASCULINO,SUR,BOCA JUNIORS AMARILLO,26
2025,JUVENILES MASCULINO,OESTE,INSTITUCION SARMIENTO VERDE A,29
2025,JUVENILES MASCULINO,NORTE,"VICTORIA BLANCO ""B""",28
2025,JUVENILES MASCULINO,SUR,LOBOS ATHLETIC CLUB,13
2025,JUVENILES MASCULINO,NORTE,SAN FERNANDO AZUL (A),29
2025,JUVENILES MASCULINO,OESTE,EL PALOMAR,28
2025,JUVENILES MASCULINO,SUR,COUNTRY BANFIELD A,28
2025,JUVENILES MASCULINO,OESTE,CLUB GEI BLANCO (B),30
2025,JUVENILES MASCULINO,SUR,RACING CLUB,15
2025,JUVENILES MASCULINO,OESTE,HURACAN DE SAN JUSTO BLANCO,26
2025,JUVENILES MASCULINO,NORTE,ATLETICO BOULOGNE,28
2025,JUVENILES MASCULINO,OESTE,SAN MIGUEL BLANCO,26
2025,JUVENILES MASCULINO,OESTE,CLUB GEI AZUL (A),28
2025,JUVENILES MASCULINO,SUR,BURZACO FC ROJO B,24
2025,JUVENILES MASCULINO,OESTE,DEFENSORES DE MORENO ROJO,24
2025,JUVENILES MASCULINO,SUR,COUNTRY BANFIELD B,24
2025,JUVENILES MASCULINO,CENTRO,VILLA MITRE,26
2025,JUVENILES MASCULINO,OESTE,SAN MIGUEL VERDE,28
2025,JUVENILES MASCULINO,OESTE,ATENEO POPULAR VERSAILLES,29
2025,JUVENILES MASCULINO,NORTE,INDEPENDIENTE DE ESCOBAR,27
2025,JUVENILES MASCULINO,OESTE,UNITARIOS DE MARCOS PAZ,28
2025,JUVENILES MASCULINO,SUR,LA UNION,23
2025,JUVENILES MASCULINO,OESTE,ESTUDIANTIL PORTEÑO A,29
2025,JUVENILES MASCULINO,CENTRO,ALDO BONZI,26
2025,JUVENILES MASCULINO,OESTE,ARGENTINO DE CASTELAR SUR C,25
2025,JUVENILES MASCULINO,SUR,BOCA JUNIORS A,31
2025,JUVENILES MASCULINO,CENTRO,PEDRO ECHAGUE AMARILLO B,25
2025,JUVENILES MASCULINO,CENTRO,GEBA,26
2025,JUVENILES MASCULINO,OESTE,MIDLAND,28
2025,JUVENILES MASCULINO,CENTRO,COLEGIALES NEGRO,26
2025,JUVENILES MASCULINO,NORTE,LAS HERAS A,29
2025,JUVENILES MASCULINO,CENTRO,EL TALAR,26
2025,JUVENILES MASCULINO,CENTRO,PEDRO ECHAGUE AZUL A,26
2025,JUVENILES MASCULINO,CENTRO,RACING ANEXO,26
2025,JUVENILES MASCULINO,OESTE,SITAS,28
2025,JUVENILES MASCULINO,CENTRO,ARQUITECTURA NEGRO  A,26
2025,JUVENILES MASCULINO,SUR,TAPONAZO  FUTBOL CLUB,24
2025,JUVENILES MASCULINO,NORTE,UNIVERSIDAD DE BUENOS AIRES,27
2025,JUVENILES MASCULINO,CENTRO,PINOCHO,25
2025,JUVENILES MASCULINO,SUR,OLIMPO,27
2025,JUVENILES MASCULINO,NORTE,"NAUTICO HACOAJ BLANCO ""A""",28
2025,JUVENILES MASCULINO,CENTRO-OESTE,ARMENIA,26
2025,JUVENILES MASCULINO,NORTE,COMUNICACIONES,31
2025,JUVENILES MASCULINO,NORTE,SPORTIVO ESCOBAR,25
2025,JUVENILES MASCULINO,OESTE,SPORTIVO HAEDO,28
2025,JUVENILES MASCULINO,SUR,LOS ANDES,28
2025,JUVENILES MASCULINO,CENTRO,DEPORTIVO CROVARA B,26
2025,JUVENILES MASCULINO,NORTE,PINOCHO VERDE,26
2025,JUVENILES MASCULINO,NORTE,BANCO NACION BLANCO B,26
2025,JUVENILES MASCULINO,SUR,CLUB ATLETICO PAMPERO,26
2025,JUVENILES MASCULINO,CENTRO,SAN LORENZO AZUL,28
2025,JUVENILES MASCULINO,OESTE,INDIOS U17 NEGRO,28
2025,JUVENILES MASCULINO,SUR,CLUB SOCIAL Y DEPORTIVO NAHUEL,12
2025,LIGA PROXIMO MASCULINO,NORTE,CLUB 3 DE FEBRERO CELESTE C,28
2025,LIGA PROXIMO MASCULINO,NORTE,SAN ANDRES,29
2025,LIGA PROXIMO MASCULINO,CENTRO,ALL BOYS BLANCO,26
2025,LIGA PROXIMO MASCULINO,CENTRO,ITALIANO,26
2025,LIGA PROXIMO MASCULINO,OESTE,INSTITUCION SARMIENTO BLANCO B,29
2025,LIGA PROXIMO MASCULINO,NORTE,RIVER PLATE,29
2025,LIGA PROXIMO MASCULINO,OESTE,PASO DEL REY SOCIAL CLUB,28
2025,LIGA PROXIMO MASCULINO,NORTE,SPORTIVO VILLA BALLESTER,27
2025,LIGA PROXIMO MASCULINO,NORTE,PLATENSE MARRON,29
2025,LIGA PROXIMO MASCULINO,NORTE,CAZA Y PESCA AZUL A,30
2025,LIGA PROXIMO MASCULINO,NORTE,CLUB SOCIAL Y DEPORTIVO ARENAL,29
2025,LIGA PROXIMO MASCULINO,CENTRO,PINOCHO BLANCO,27
2025,LIGA PROXIMO MASCULINO,NORTE,BELLA VISTA,28
2025,LIGA PROXIMO MASCULINO,SUR,GIMNASIA Y ESGRIMA DE LOMAS DE ZAMORA B,26
2025,LIGA PROXIMO MASCULINO,SUR,CLUB  ATLETICO Y PROGRESO DE BRANDSEN,24
2025,LIGA PROXIMO MASCULINO,OESTE,DEFENSORES DE SANTOS LUGARES,28
2025,LIGA PROXIMO MASCULINO,CENTRO-OESTE,VELEZ SARSFIELD AZUL - B,26
2025,LIGA PROXIMO MASCULINO,OESTE,DEFENSORES DE MORENO ROJO B,25
2025,LIGA PROXIMO MASCULINO,SUR,TALLERES,28
2025,LIGA PROXIMO MASCULINO,NORTE,UNION FLORIDA,27
2025,LIGA PROXIMO MASCULINO,NORTE,CENTRO GALICIA,28
2025,LIGA PROXIMO MASCULINO,NORTE,CIUDAD DE BUENOS AIRES AZUL A,28
2025,LIGA PROXIMO MASCULINO,OESTE,GEVP CELESTE B,27
2025,LIGA PROXIMO MASCULINO,CENTRO,FERROCARRIL OESTE NARANJA (C),26
2025,LIGA PROXIMO MASCULINO,CENTRO,CIRCULO URQUIZA,29
2025,LIGA PROXIMO MASCULINO,SUR,CLUB SOCIAL EZEIZA,27
2025,LIGA PROXIMO MASCULINO,SUR,JUVENTUD UNIDA,24
2025,LIGA PROXIMO MASCULINO,OESTE,DEFENSORES DE HURLINGHAM VERDE A,14
2025,LIGA PROXIMO MASCULINO,SUR,LUZ Y ARTE,30
2025,LIGA PROXIMO MASCULINO,NORTE,UNION VECINAL DE MUNRO,30
2025,LIGA PROXIMO MASCULINO,OESTE,C.A.S.A PADUA A,16
2025,LIGA PROXIMO MASCULINO,OESTE,CIUDADELA NORTE,28
2025,LIGA PROXIMO MASCULINO,NORTE,BANCO NACION AZUL A,28
2025,LIGA PROXIMO MASCULINO,OESTE,PORTEÑO BLANCO B,26
2025,LIGA PROXIMO MASCULINO,CENTRO,SAN LORENZO ROJO B,27
2025,LIGA PROXIMO MASCULINO,OESTE,ITALIANO DE JOSE C PAZ,26
2025,LIGA PROXIMO MASCULINO,SUR,"CLUB GIMNASIA Y ESGRIMA LA PLATA AZUL ""A""",26
2025,LIGA PROXIMO MASCULINO,CENTRO,FERROCARRIL OESTE BLANCO (B),26
2025,LIGA PROXIMO MASCULINO,SUR,LANUS B,24
2025,LIGA PROXIMO MASCULINO,SUR,BURZACO FC AZUL A,26
2025,LIGA PROXIMO MASCULINO,CENTRO,CLUB ATLETICO HURACAN DE PARQUE PATRICIOS,27
2025,LIGA PROXIMO MASCULINO,OESTE,RAMOS MEJIA LTC,29
2025,LIGA PROXIMO MASCULINO,CENTRO,IMPERIO NEGRO B,26
2025,LIGA PROXIMO MASCULINO,CENTRO,UNIVERSIDAD DE LA MATANZA,26
2025,LIGA PROXIMO MASCULINO,OESTE,LEANDRO N ALEM,14
2025,LIGA PROXIMO MASCULINO,OESTE,GEVP BLANCO A,29
2025,LIGA PROXIMO MASCULINO,SUR,C.S.D.Y C. MORENO,25
2025,LIGA PROXIMO MASCULINO,SUR,DEFENSORES DE GLEW,26
2025,LIGA PROXIMO MASCULINO,OESTE,C.A.S.A PADUA B,30
2025,LIGA PROXIMO MASCULINO,SUR,VARELA JRS,27
2025,LIGA PROXIMO MASCULINO,CENTRO,ARQUITECTURA BLANCO  B,26
2025,LIGA PROXIMO MASCULINO,SUR,INDEPENDIENTE DE BURZACO,26
2025,LIGA PROXIMO MASCULINO,NORTE,"NAUTICO HACOAJ AZUL ""B""",27
2025,LIGA PROXIMO MASCULINO,NORTE,SAN FERNANDO BLANCO (B),29
2025,LIGA PROXIMO MASCULINO,NORTE,CLUB 3 DE FEBRERO BLANCO A,28
2025,LIGA PROXIMO MASCULINO,NORTE,COPELLO,28
2025,LIGA PROXIMO MASCULINO,SUR,QUILMES A.C.,26
2025,LIGA PROXIMO MASCULINO,OESTE,HURACAN DE SAN JUSTO ROJO,30
2025,LIGA PROXIMO MASCULINO,OESTE,DEFENSORES DE HURLINGHAM  BLANCO B,28
2025,LIGA PROXIMO MASCULINO,OESTE,CLUB CEPA,30
2025,LIGA PROXIMO MASCULINO,SUR,COOPERARIOS,28
2025,LIGA PROXIMO MASCULINO,OESTE,DEFENSORES DE MORENO NEGRO,27
2025,LIGA PROXIMO MASCULINO,CENTRO,YUPANQUI,26
2025,LIGA PROXIMO MASCULINO,NORTE,CLUB ATLETICO PILAR,29
2025,LIGA PROXIMO MASCULINO,NORTE,17 DE AGOSTO,28
2025,LIGA PROXIMO MASCULINO,SUR,CAÑUELAS FC,13
2025,LIGA PROXIMO MASCULINO,SUR,GIMNASIA Y ESGRIMA DE LOMAS DE ZAMORA,29
2025,LIGA PROXIMO MASCULINO,SUR,BERAZATEGUI,13
2025,LIGA PROXIMO MASCULINO,OESTE,CEDEM,27
2025,LIGA PROXIMO MASCULINO,OESTE,PORTEÑO AZUL A,14
2025,LIGA PROXIMO MASCULINO,SUR,INDEPENDIENTE,28
2025,LIGA PROXIMO MASCULINO,NORTE,PRESIDENTE DERQUI,28
2025,LIGA PROXIMO MASCULINO,SUR,TRISTAN SUAREZ,26
2025,LIGA PROXIMO MASCULINO,NORTE,BANADE ROJO,29
2025,LIGA PROXIMO MASCULINO,SUR,VILLEGAS BASQUET,28
2025,LIGA PROXIMO MASCULINO,NORTE,CLUB SPORTIVO PILAR,28
2025,LIGA PROXIMO MASCULINO,NORTE,BANCO PROVINCIA,30
2025,LIGA PROXIMO MASCULINO,CENTRO,"JOSE HERNANDEZ ""B""",27
2025,LIGA PROXIMO MASCULINO,NORTE,CAZA Y PESCA BLANCO B,28
2025,LIGA PROXIMO MASCULINO,NORTE,HARRODS GATH Y CHAVES,28
2025,LIGA PROXIMO MASCULINO,SUR,COLON FC,28
2025,LIGA PROXIMO MASCULINO,SUR,MONTE GRANDE B NEGRO,25
2025,LIGA PROXIMO MASCULINO,OESTE,VELEZ SARSFIELD BLANCO - A,29
2025,LIGA PROXIMO MASCULINO,SUR,"CLUB GIMNASIA Y ESGRIMA LA PLATA BLANCO ""B""",24
2025,LIGA PROXIMO MASCULINO,OESTE,CLUB PORTUGUES DEL GRAN BUENOS AIRES,30
2025,LIGA PROXIMO MASCULINO,SUR,TEMPERLEY,29
2025,LIGA PROXIMO MASCULINO,OESTE,MORON ROJO,30
2025,LIGA PROXIMO MASCULINO,SUR,DEFENSORES DE BANFIELD,26
2025,LIGA PROXIMO MASCULINO,NORTE,NAUTICO BUCHARDO B,28
2025,LIGA PROXIMO MASCULINO,SUR,CLUB SOCIAL ALEJANDRO KORN,27
2025,LIGA PROXIMO MASCULINO,CENTRO-OESTE,CLARIDAD,28
2025,LIGA PROXIMO MASCULINO,CENTRO,MACABI,28
2025,LIGA PROXIMO MASCULINO,NORTE,COOPERATIVA TORTUGUITAS,28
2025,LIGA PROXIMO MASCULINO,OESTE,DEP. MORON BLANCO,28
2025,LIGA PROXIMO MASCULINO,SUR,MUNICIPALIDAD DE AVELLANEDA,26
2025,LIGA PROXIMO MASCULINO,OESTE,EL PORVENIR JOSE C. PAZ,28
2025,LIGA PROXIMO MASCULINO,NORTE,SOCIAL BECCAR,28
2025,LIGA PROXIMO MASCULINO,NORTE,COLEGIALES BLANCO,28
2025,LIGA PROXIMO MASCULINO,NORTE,OBRAS BASKET,32
2025,LIGA PROXIMO MASCULINO,OESTE,INDIOS U21 BLANCO,28
2025,LIGA PROXIMO MASCULINO,OESTE,A.F.A.L.P. A,28
2025,LIGA PROXIMO MASCULINO,SUR,ARGENTINO DE QUILMES,24
2025,LIGA PROXIMO MASCULINO,CENTRO-OESTE,ESTRELLA DE BOEDO,26
2025,LIGA PROXIMO MASCULINO,CENTRO,ITALIANO B,26
2025,LIGA PROXIMO MASCULINO,OESTE,INDIOS U21 NEGRO,31
2025,LIGA PROXIMO MASCULINO,OESTE,ARGENTINO DE CASTELAR NORTE A,29
2025,LIGA PROXIMO MASCULINO,SUR,CLUB ATLETICO BERNAL,26
2025,LIGA PROXIMO MASCULINO,CENTRO,FERROCARRIL OESTE VERDE (A),29
2025,LIGA PROXIMO MASCULINO,NORTE,PLATENSE BLANCO,29
2025,LIGA PROXIMO MASCULINO,SUR,GUILLON BÁSQUET,28
2025,LIGA PROXIMO MASCULINO,SUR,LANUS A,29
2025,LIGA PROXIMO MASCULINO,NORTE,CLUB 3 DE FEBRERO AZUL B,26
2025,LIGA PROXIMO MASCULINO,NORTE,CIUDAD DE BUENOS AIRES BLANCO B,29
2025,LIGA PROXIMO MASCULINO,SUR,WILDE SPORTING,29
2025,LIGA PROXIMO MASCULINO,CENTRO,ARGENTINOS JUNIORS,26
2025,LIGA PROXIMO MASCULINO,SUR,MONTE GRANDE A  ROJO,26
2025,LIGA PROXIMO MASCULINO,OESTE,ESTUDIANTIL PORTEÑO B,30
2025,LIGA PROXIMO MASCULINO,OESTE,ARGENTINO DE CASTELAR CENTRO B,28
2025,LIGA PROXIMO MASCULINO,CENTRO,IMPERIO BLANCO  A,26
2025,LIGA PROXIMO MASCULINO,OESTE,DEP. MORON ROJO,26
2025,LIGA PROXIMO MASCULINO,CENTRO-OESTE,"DEPORTIVO CROVARA  ""A""",26
2025,LIGA PROXIMO MASCULINO,SUR,SOCIAL LANUS,27
2025,LIGA PROXIMO MASCULINO,CENTRO-OESTE,JOSE HERNANDEZ A,26
2025,LIGA PROXIMO MASCULINO,SUR,CLUB EL FOGON,25
2025,LIGA PROXIMO MASCULINO,SUR,CLUB  SOCIAL Y  DEPORTIVO TAMBEROS UNIDOS,24
2025,LIGA PROXIMO MASCULINO,OESTE,MORON BLANCO,27
2025,LIGA PROXIMO MASCULINO,NORTE,"VICTORIA NEGRO ""A""",28
2025,LIGA PROXIMO MASCULINO,OESTE,NOLTING,28
2025,LIGA PROXIMO MASCULINO,NORTE,HEBRAICA,26
2025,LIGA PROXIMO MASCULINO,NORTE,U.V.V.A UNION VECINAL VILLA ADELINA,30
2025,LIGA PROXIMO MASCULINO,SUR,SPORTIVO ALSINA,27
2025,LIGA PROXIMO MASCULINO,CENTRO,NUEVA CHICAGO,27
2025,LIGA PROXIMO MASCULINO,SUR,VILLA ESPAÑA,23
2025,LIGA PROXIMO MASCULINO,OESTE,"ESTUDIANTIL PORTEÑO  ""A""",28
2025,LIGA PROXIMO MASCULINO,OESTE,CENTRO ESPAÑOL,28
2025,LIGA PROXIMO MASCULINO,NORTE,NAUTICO BUCHARDO A,28
2025,LIGA PROXIMO MASCULINO,CENTRO,JUVENCIA,26
2025,LIGA PROXIMO MASCULINO,CENTRO,ALL BOYS DE SAAVEDRA,26
2025,LIGA PROXIMO MASCULINO,SUR,BOCA JUNIORS AMARILLO,28
2025,LIGA PROXIMO MASCULINO,OESTE,INSTITUCION SARMIENTO VERDE A,28
2025,LIGA PROXIMO MASCULINO,NORTE,"VICTORIA BLANCO ""B""",28
2025,LIGA PROXIMO MASCULINO,SUR,LOBOS ATHLETIC CLUB,12
2025,LIGA PROXIMO MASCULINO,NORTE,SAN FERNANDO AZUL (A),29
2025,LIGA PROXIMO MASCULINO,OESTE,EL PALOMAR,29
2025,LIGA PROXIMO MASCULINO,SUR,COUNTRY BANFIELD A,28
2025,LIGA PROXIMO MASCULINO,SUR,RACING CLUB,15
2025,LIGA PROXIMO MASCULINO,OESTE,CLUB GEI BLANCO (B),28
2025,LIGA PROXIMO MASCULINO,OESTE,HURACAN DE SAN JUSTO BLANCO,26
2025,LIGA PROXIMO MASCULINO,NORTE,ATLETICO BOULOGNE,29
2025,LIGA PROXIMO MASCULINO,OESTE,SAN MIGUEL BLANCO,26
2025,LIGA PROXIMO MASCULINO,OESTE,CLUB GEI AZUL (A),29
2025,LIGA PROXIMO MASCULINO,SUR,BURZACO FC ROJO B,24
2025,LIGA PROXIMO MASCULINO,SUR,COUNTRY BANFIELD B,24
2025,LIGA PROXIMO MASCULINO,CENTRO,VILLA MITRE,26
2025,LIGA PROXIMO MASCULINO,OESTE,SAN MIGUEL VERDE,28
2025,LIGA PROXIMO MASCULINO,OESTE,ATENEO POPULAR VERSAILLES,30
2025,LIGA PROXIMO MASCULINO,NORTE,INDEPENDIENTE DE ESCOBAR,25
2025,LIGA PROXIMO MASCULINO,OESTE,UNITARIOS DE MARCOS PAZ,29
2025,LIGA PROXIMO MASCULINO,SUR,LA UNION,23
2025,LIGA PROXIMO MASCULINO,CENTRO,ALDO BONZI,27
2025,LIGA PROXIMO MASCULINO,OESTE,ARGENTINO DE CASTELAR SUR C,25
2025,LIGA PROXIMO MASCULINO,SUR,BOCA JUNIORS A,28
2025,LIGA PROXIMO MASCULINO,CENTRO,PEDRO ECHAGUE AMARILLO B,25
2025,LIGA PROXIMO MASCULINO,CENTRO,GEBA,28
2025,LIGA PROXIMO MASCULINO,OESTE,MIDLAND,30
2025,LIGA PROXIMO MASCULINO,CENTRO,COLEGIALES NEGRO,26
2025,LIGA PROXIMO MASCULINO,NORTE,LAS HERAS A,30
2025,LIGA PROXIMO MASCULINO,CENTRO,EL TALAR,26
2025,LIGA PROXIMO MASCULINO,CENTRO,PEDRO ECHAGUE AZUL A,26
2025,LIGA PROXIMO MASCULINO,CENTRO,RACING ANEXO,26
2025,LIGA PROXIMO MASCULINO,OESTE,SITAS,28
2025,LIGA PROXIMO MASCULINO,CENTRO,ARQUITECTURA NEGRO  A,26
2025,LIGA PROXIMO MASCULINO,SUR,TAPONAZO  FUTBOL CLUB,25
2025,LIGA PROXIMO MASCULINO,NORTE,UNIVERSIDAD DE BUENOS AIRES,30
2025,LIGA PROXIMO MASCULINO,CENTRO,PINOCHO,30
2025,LIGA PROXIMO MASCULINO,SUR,OLIMPO,28
2025,LIGA PROXIMO MASCULINO,NORTE,"NAUTICO HACOAJ BLANCO ""A""",30
2025,LIGA PROXIMO MASCULINO,CENTRO-OESTE,ARMENIA,26
2025,LIGA PROXIMO MASCULINO,NORTE,COMUNICACIONES,28
2025,LIGA PROXIMO MASCULINO,NORTE,SPORTIVO ESCOBAR,27
2025,LIGA PROXIMO MASCULINO,OESTE,SPORTIVO HAEDO,30
2025,LIGA PROXIMO MASCULINO,SUR,LOS ANDES,29
2025,LIGA PROXIMO MASCULINO,CENTRO,DEPORTIVO CROVARA B,26
2025,LIGA PROXIMO MASCULINO,NORTE,PINOCHO VERDE,26
2025,LIGA PROXIMO MASCULINO,NORTE,BANCO NACION BLANCO B,25
2025,LIGA PROXIMO MASCULINO,SUR,CLUB ATLETICO PAMPERO,26
2025,LIGA PROXIMO MASCULINO,CENTRO,SAN LORENZO AZUL,30
2025,LIGA PROXIMO MASCULINO,SUR,CLUB SOCIAL Y DEPORTIVO NAHUEL,12
2025,MINI,NORTE,CLUB 3 DE FEBRERO CELESTE C,22
2025,MINI,NORTE,SAN ANDRES,28
2025,MINI,CENTRO,ALL BOYS BLANCO,26
2025,MINI,CENTRO,ITALIANO,25
2025,MINI,OESTE,INSTITUCION SARMIENTO BLANCO B,26
2025,MINI,NORTE,RIVER PLATE,28
2025,MINI,OESTE,PASO DEL REY SOCIAL CLUB,27
2025,MINI,CENTRO-OESTE,"JOSE HERNANDEZ ""A""",26
2025,MINI,NORTE,SPORTIVO VILLA BALLESTER,27
2025,MINI,NORTE,PLATENSE MARRON,28
2025,MINI,NORTE,CAZA Y PESCA AZUL A,28
2025,MINI,NORTE,CLUB SOCIAL Y DEPORTIVO ARENAL,27
2025,MINI,CENTRO,PINOCHO BLANCO,26
2025,MINI,NORTE,BELLA VISTA,28
2025,MINI,SUR,GIMNASIA Y ESGRIMA DE LOMAS DE ZAMORA B,19
2025,MINI,SUR,CLUB  ATLETICO Y PROGRESO DE BRANDSEN,24
2025,MINI,OESTE,DEFENSORES DE SANTOS LUGARES,28
2025,MINI,CENTRO-OESTE,VELEZ SARSFIELD AZUL - B,26
2025,MINI,NORTE,UNION FLORIDA,27
2025,MINI,NORTE,CENTRO GALICIA,28
2025,MINI,SUR,TALLERES,25
2025,MINI,NORTE,CIUDAD DE BUENOS AIRES AZUL A,28
2025,MINI,OESTE,GEVP CELESTE B,26
2025,MINI,CENTRO,FERROCARRIL OESTE NARANJA (C),26
2025,MINI,CENTRO,CIRCULO URQUIZA,27
2025,MINI,SUR,CLUB SOCIAL EZEIZA,26
2025,MINI,SUR,JUVENTUD UNIDA,24
2025,MINI,OESTE,INDIOS U11 BLANCO,25
2025,MINI,OESTE,DEFENSORES DE HURLINGHAM VERDE A,13
2025,MINI,SUR,LUZ Y ARTE,25
2025,MINI,NORTE,UNION VECINAL DE MUNRO,27
2025,MINI,OESTE,C.A.S.A PADUA A,14
2025,MINI,OESTE,CIUDADELA NORTE,23
2025,MINI,NORTE,BANCO NACION AZUL A,28
2025,MINI,OESTE,PORTEÑO BLANCO B,21
2025,MINI,CENTRO,SAN LORENZO ROJO B,26
2025,MINI,OESTE,ITALIANO DE JOSE C PAZ,20
2025,MINI,SUR,"CLUB GIMNASIA Y ESGRIMA LA PLATA AZUL ""A""",26
2025,MINI,CENTRO,FERROCARRIL OESTE BLANCO (B),26
2025,MINI,SUR,LANUS B,21
2025,MINI,SUR,BURZACO FC AZUL A,26
2025,MINI,CENTRO,CLUB ATLETICO HURACAN DE PARQUE PATRICIOS,26
2025,MINI,CENTRO,ARQUITECTURA BLANCO,26
2025,MINI,OESTE,RAMOS MEJIA LTC,27
2025,MINI,CENTRO,IMPERIO NEGRO B,26
2025,MINI,CENTRO,UNIVERSIDAD DE LA MATANZA,26
2025,MINI,OESTE,LEANDRO N ALEM,13
2025,MINI,OESTE,GEVP BLANCO A,28
2025,MINI,SUR,C.S.D.Y C. MORENO,23
2025,MINI,SUR,DEFENSORES DE GLEW,24
2025,MINI,OESTE,C.A.S.A PADUA B,21
2025,MINI,SUR,VARELA JRS,26
2025,MINI,SUR,INDEPENDIENTE DE BURZACO,26
2025,MINI,NORTE,"NAUTICO HACOAJ AZUL ""B""",27
2025,MINI,NORTE,SAN FERNANDO BLANCO (B),25
2025,MINI,NORTE,CLUB 3 DE FEBRERO BLANCO A,27
2025,MINI,NORTE,COPELLO,28
2025,MINI,SUR,QUILMES A.C.,26
2025,MINI,OESTE,HURACAN DE SAN JUSTO ROJO,28
2025,MINI,OESTE,DEFENSORES DE HURLINGHAM  BLANCO B,25
2025,MINI,OESTE,CLUB CEPA,27
2025,MINI,SUR,COOPERARIOS,23
2025,MINI,OESTE,DEFENSORES DE MORENO NEGRO,25
2025,MINI,CENTRO,YUPANQUI,25
2025,MINI,SUR,INDEPENDIENTE ROJO,26
2025,MINI,NORTE,CLUB ATLETICO PILAR,25
2025,MINI,NORTE,17 DE AGOSTO,27
2025,MINI,SUR,CAÑUELAS FC,12
2025,MINI,SUR,GIMNASIA Y ESGRIMA DE LOMAS DE ZAMORA,28
2025,MINI,SUR,BERAZATEGUI,12
2025,MINI,OESTE,INDIOS U11 NEGRO,28
2025,MINI,OESTE,CEDEM,28
2025,MINI,OESTE,PORTEÑO AZUL A,14
2025,MINI,NORTE,PRESIDENTE DERQUI,28
2025,MINI,SUR,TRISTAN SUAREZ,26
2025,MINI,NORTE,BANADE ROJO,26
2025,MINI,SUR,VILLEGAS BASQUET,27
2025,MINI,NORTE,CLUB SPORTIVO PILAR,25
2025,MINI,NORTE,BANCO PROVINCIA,27
2025,MINI,CENTRO,"JOSE HERNANDEZ ""B""",26
2025,MINI,NORTE,CAZA Y PESCA BLANCO B,26
2025,MINI,NORTE,HARRODS GATH Y CHAVES,28
2025,MINI,SUR,COLON FC,23
2025,MINI,SUR,MONTE GRANDE B NEGRO,20
2025,MINI,OESTE,VELEZ SARSFIELD BLANCO - A,28
2025,MINI,SUR,GUILLON BASQUET,24
2025,MINI,OESTE,CLUB PORTUGUES DEL GRAN BUENOS AIRES,28
2025,MINI,SUR,TEMPERLEY,28
2025,MINI,OESTE,MORON ROJO,27
2025,MINI,SUR,DEFENSORES DE BANFIELD,26
2025,MINI,NORTE,NAUTICO BUCHARDO B,28
2025,MINI,SUR,CLUB SOCIAL ALEJANDRO KORN,26
2025,MINI,CENTRO-OESTE,CLARIDAD,26
2025,MINI,CENTRO,MACABI,24
2025,MINI,NORTE,COOPERATIVA TORTUGUITAS,26
2025,MINI,OESTE,DEP. MORON BLANCO,28
2025,MINI,SUR,MUNICIPALIDAD DE AVELLANEDA,26
2025,MINI,OESTE,EL PORVENIR JOSE C. PAZ,26
2025,MINI,NORTE,SOCIAL BECCAR,27
2025,MINI,NORTE,COLEGIALES BLANCO,26
2025,MINI,NORTE,OBRAS BASKET,27
2025,MINI,OESTE,A.F.A.L.P. A,28
2025,MINI,SUR,ARGENTINO DE QUILMES,24
2025,MINI,CENTRO-OESTE,ESTRELLA DE BOEDO,26
2025,MINI,CENTRO,ITALIANO B,26
2025,MINI,OESTE,ARGENTINO DE CASTELAR NORTE A,28
2025,MINI,SUR,CLUB ATLETICO BERNAL,24
2025,MINI,CENTRO,FERROCARRIL OESTE VERDE (A),25
2025,MINI,NORTE,PLATENSE BLANCO,24
2025,MINI,SUR,LANUS A,28
2025,MINI,NORTE,CLUB 3 DE FEBRERO AZUL B,26
2025,MINI,NORTE,CIUDAD DE BUENOS AIRES BLANCO B,27
2025,MINI,SUR,WILDE SPORTING,25
2025,MINI,CENTRO,ARGENTINOS JUNIORS,26
2025,MINI,SUR,MONTE GRANDE A  ROJO,25
2025,MINI,OESTE,ESTUDIANTIL PORTEÑO B,25
2025,MINI,OESTE,ARGENTINO DE CASTELAR CENTRO B,25
2025,MINI,CENTRO,IMPERIO BLANCO  A,25
2025,MINI,OESTE,DEP. MORON ROJO,22
2025,MINI,CENTRO-OESTE,"DEPORTIVO CROVARA  ""A""",26
2025,MINI,SUR,SOCIAL LANUS,26
2025,MINI,SUR,CLUB EL FOGON,24
2025,MINI,SUR,CLUB  SOCIAL Y  DEPORTIVO TAMBEROS UNIDOS,24
2025,MINI,OESTE,MORON BLANCO,21
2025,MINI,CENTRO,ARQUITECTURA NEGRO A,25
2025,MINI,NORTE,"VICTORIA NEGRO ""A""",28
2025,MINI,OESTE,NOLTING,26
2025,MINI,NORTE,HEBRAICA,25
2025,MINI,NORTE,U.V.V.A UNION VECINAL VILLA ADELINA,27
2025,MINI,SUR,SPORTIVO ALSINA,26
2025,MINI,CENTRO,NUEVA CHICAGO,25
2025,MINI,SUR,VILLA ESPAÑA,23
2025,MINI,OESTE,CENTRO ESPAÑOL,28
2025,MINI,NORTE,NAUTICO BUCHARDO A,26
2025,MINI,CENTRO,JUVENCIA,25
2025,MINI,CENTRO,ALL BOYS DE SAAVEDRA,25
2025,MINI,SUR,BOCA JUNIORS AMARILLO,23
2025,MINI,OESTE,INSTITUCION SARMIENTO VERDE A,28
2025,MINI,NORTE,"VICTORIA BLANCO ""B""",20
2025,MINI,SUR,LOBOS ATHLETIC CLUB,12
2025,MINI,NORTE,SAN FERNANDO AZUL (A),28
2025,MINI,OESTE,EL PALOMAR,22
2025,MINI,SUR,COUNTRY BANFIELD A,28
2025,MINI,OESTE,CLUB GEI BLANCO (B),26
2025,MINI,SUR,RACING CLUB,11
2025,MINI,OESTE,HURACAN DE SAN JUSTO BLANCO,1
2025,MINI,NORTE,ATLETICO BOULOGNE,24
2025,MINI,OESTE,SAN MIGUEL BLANCO,20
2025,MINI,OESTE,CLUB GEI AZUL (A),28
2025,MINI,SUR,BURZACO FC ROJO B,17
2025,MINI,OESTE,DEFENSORES DE MORENO ROJO,1
2025,MINI,SUR,COUNTRY BANFIELD B,20
2025,MINI,CENTRO,VILLA MITRE,26
2025,MINI,OESTE,SAN MIGUEL VERDE,27
2025,MINI,OESTE,ATENEO POPULAR VERSAILLES,28
2025,MINI,NORTE,INDEPENDIENTE DE ESCOBAR,26
2025,MINI,OESTE,UNITARIOS DE MARCOS PAZ,28
2025,MINI,SUR,LA UNION,23
2025,MINI,OESTE,ESTUDIANTIL PORTEÑO A,28
2025,MINI,CENTRO,ALDO BONZI,25
2025,MINI,OESTE,ARGENTINO DE CASTELAR SUR C,13
2025,MINI,SUR,BOCA JUNIORS A,27
2025,MINI,CENTRO,PEDRO ECHAGUE AMARILLO B,24
2025,MINI,CENTRO,GEBA,25
2025,MINI,OESTE,MIDLAND,28
2025,MINI,CENTRO,COLEGIALES NEGRO,26
2025,MINI,NORTE,LAS HERAS A,28
2025,MINI,CENTRO,EL TALAR,26
2025,MINI,CENTRO,PEDRO ECHAGUE AZUL A,25
2025,MINI,CENTRO,RACING ANEXO,25
2025,MINI,OESTE,SITAS,27
2025,MINI,SUR,TAPONAZO  FUTBOL CLUB,24
2025,MINI,NORTE,UNIVERSIDAD DE BUENOS AIRES,6
2025,MINI,CENTRO,PINOCHO,26
2025,MINI,SUR,OLIMPO,27
2025,MINI,NORTE,"NAUTICO HACOAJ BLANCO ""A""",28
2025,MINI,CENTRO-OESTE,ARMENIA,25
2025,MINI,NORTE,COMUNICACIONES,28
2025,MINI,NORTE,SPORTIVO ESCOBAR,25
2025,MINI,OESTE,SPORTIVO HAEDO,2
2025,MINI,SUR,LOS ANDES,28
2025,MINI,CENTRO,DEPORTIVO CROVARA B,26
2025,MINI,NORTE,PINOCHO VERDE,26
2025,MINI,NORTE,BANCO NACION BLANCO B,24
2025,MINI,SUR,CLUB ATLETICO PAMPERO,26
2025,MINI,CENTRO,SAN LORENZO AZUL,26
2025,MINI,SUR,CLUB SOCIAL Y DEPORTIVO NAHUEL,10
2025,PREMINI,NORTE,CLUB 3 DE FEBRERO CELESTE C,19
2025,PREMINI,NORTE,SAN ANDRES,28
2025,PREMINI,CENTRO,ALL BOYS BLANCO,26
2025,PREMINI,CENTRO,ITALIANO,23
2025,PREMINI,OESTE,INSTITUCION SARMIENTO BLANCO B,21
2025,PREMINI,NORTE,RIVER PLATE,27
2025,PREMINI,OESTE,PASO DEL REY SOCIAL CLUB,26
2025,PREMINI,CENTRO-OESTE,"JOSE HERNANDEZ ""A""",26
2025,PREMINI,NORTE,SPORTIVO VILLA BALLESTER,27
2025,PREMINI,NORTE,PLATENSE MARRON,28
2025,PREMINI,NORTE,CAZA Y PESCA AZUL A,28
2025,PREMINI,NORTE,CLUB SOCIAL Y DEPORTIVO ARENAL,27
2025,PREMINI,CENTRO,PINOCHO BLANCO,26
2025,PREMINI,NORTE,BELLA VISTA,28
2025,PREMINI,SUR,GIMNASIA Y ESGRIMA DE LOMAS DE ZAMORA B,7
2025,PREMINI,SUR,CLUB  ATLETICO Y PROGRESO DE BRANDSEN,24
2025,PREMINI,OESTE,DEFENSORES DE SANTOS LUGARES,28
2025,PREMINI,CENTRO-OESTE,VELEZ SARSFIELD AZUL - B,25
2025,PREMINI,NORTE,UNION FLORIDA,26
2025,PREMINI,NORTE,CENTRO GALICIA,28
2025,PREMINI,SUR,TALLERES,25
2025,PREMINI,NORTE,CIUDAD DE BUENOS AIRES AZUL A,26
2025,PREMINI,OESTE,GEVP CELESTE B,24
2025,PREMINI,CENTRO,FERROCARRIL OESTE NARANJA (C),26
2025,PREMINI,CENTRO,CIRCULO URQUIZA,26
2025,PREMINI,SUR,CLUB SOCIAL EZEIZA,26
2025,PREMINI,SUR,JUVENTUD UNIDA,24
2025,PREMINI,OESTE,DEFENSORES DE HURLINGHAM VERDE A,13
2025,PREMINI,SUR,LUZ Y ARTE,25
2025,PREMINI,NORTE,UNION VECINAL DE MUNRO,26
2025,PREMINI,OESTE,C.A.S.A PADUA A,14
2025,PREMINI,OESTE,CIUDADELA NORTE,21
2025,PREMINI,NORTE,BANCO NACION AZUL A,28
2025,PREMINI,OESTE,PORTEÑO BLANCO B,15
2025,PREMINI,CENTRO,SAN LORENZO ROJO B,23
2025,PREMINI,OESTE,ITALIANO DE JOSE C PAZ,19
2025,PREMINI,SUR,"CLUB GIMNASIA Y ESGRIMA LA PLATA AZUL ""A""",26
2025,PREMINI,CENTRO,FERROCARRIL OESTE BLANCO (B),23
2025,PREMINI,SUR,LANUS B,19
2025,PREMINI,SUR,BURZACO FC AZUL A,25
2025,PREMINI,CENTRO,CLUB ATLETICO HURACAN DE PARQUE PATRICIOS,20
2025,PREMINI,CENTRO,ARQUITECTURA BLANCO,24
2025,PREMINI,OESTE,RAMOS MEJIA LTC,27
2025,PREMINI,CENTRO,IMPERIO NEGRO B,24
2025,PREMINI,CENTRO,UNIVERSIDAD DE LA MATANZA,25
2025,PREMINI,OESTE,LEANDRO N ALEM,10
2025,PREMINI,OESTE,GEVP BLANCO A,28
2025,PREMINI,SUR,C.S.D.Y C. MORENO,23
2025,PREMINI,SUR,DEFENSORES DE GLEW,24
2025,PREMINI,OESTE,C.A.S.A PADUA B,14
2025,PREMINI,SUR,VARELA JRS,26
2025,PREMINI,SUR,INDEPENDIENTE DE BURZACO,25
2025,PREMINI,NORTE,"NAUTICO HACOAJ AZUL ""B""",23
2025,PREMINI,NORTE,CLUB 3 DE FEBRERO BLANCO A,27
2025,PREMINI,NORTE,COPELLO,27
2025,PREMINI,SUR,QUILMES A.C.,25
2025,PREMINI,OESTE,HURACAN DE SAN JUSTO ROJO,27
2025,PREMINI,OESTE,DEFENSORES DE HURLINGHAM  BLANCO B,22
2025,PREMINI,OESTE,CLUB CEPA,27
2025,PREMINI,SUR,COOPERARIOS,24
2025,PREMINI,OESTE,DEFENSORES DE MORENO NEGRO,24
2025,PREMINI,CENTRO,YUPANQUI,25
2025,PREMINI,SUR,INDEPENDIENTE ROJO,25
2025,PREMINI,NORTE,CLUB ATLETICO PILAR,23
2025,PREMINI,NORTE,17 DE AGOSTO,25
2025,PREMINI,SUR,CAÑUELAS FC,12
2025,PREMINI,SUR,GIMNASIA Y ESGRIMA DE LOMAS DE ZAMORA,27
2025,PREMINI,SUR,BERAZATEGUI,12
2025,PREMINI,OESTE,CEDEM,27
2025,PREMINI,OESTE,PORTEÑO AZUL A,13
2025,PREMINI,NORTE,PRESIDENTE DERQUI,28
2025,PREMINI,SUR,TRISTAN SUAREZ,26
2025,PREMINI,NORTE,BANADE ROJO,26
2025,PREMINI,SUR,VILLEGAS BASQUET,28
2025,PREMINI,NORTE,CLUB SPORTIVO PILAR,24
2025,PREMINI,NORTE,BANCO PROVINCIA,27
2025,PREMINI,CENTRO,"JOSE HERNANDEZ ""B""",25
2025,PREMINI,NORTE,CAZA Y PESCA BLANCO B,23
2025,PREMINI,NORTE,HARRODS GATH Y CHAVES,27
2025,PREMINI,SUR,COLON FC,22
2025,PREMINI,SUR,MONTE GRANDE B NEGRO,18
2025,PREMINI,OESTE,VELEZ SARSFIELD BLANCO - A,28
2025,PREMINI,SUR,GUILLON BASQUET,24
2025,PREMINI,OESTE,CLUB PORTUGUES DEL GRAN BUENOS AIRES,28
2025,PREMINI,SUR,TEMPERLEY,28
2025,PREMINI,OESTE,MORON ROJO,27
2025,PREMINI,SUR,DEFENSORES DE BANFIELD,26
2025,PREMINI,NORTE,NAUTICO BUCHARDO B,24
2025,PREMINI,SUR,CLUB SOCIAL ALEJANDRO KORN,26
2025,PREMINI,CENTRO-OESTE,CLARIDAD,26
2025,PREMINI,CENTRO,MACABI,22
2025,PREMINI,NORTE,COOPERATIVA TORTUGUITAS,25
2025,PREMINI,OESTE,DEP. MORON BLANCO,28
2025,PREMINI,SUR,MUNICIPALIDAD DE AVELLANEDA,26
2025,PREMINI,OESTE,EL PORVENIR JOSE C. PAZ,24
2025,PREMINI,NORTE,SOCIAL BECCAR,25
2025,PREMINI,NORTE,COLEGIALES BLANCO,25
2025,PREMINI,NORTE,OBRAS BASKET,27
2025,PREMINI,OESTE,A.F.A.L.P. A,28
2025,PREMINI,SUR,ARGENTINO DE QUILMES,24
2025,PREMINI,CENTRO-OESTE,ESTRELLA DE BOEDO,23
2025,PREMINI,CENTRO,ITALIANO B,20
2025,PREMINI,OESTE,ARGENTINO DE CASTELAR NORTE A,28
2025,PREMINI,SUR,CLUB ATLETICO BERNAL,24
2025,PREMINI,CENTRO,FERROCARRIL OESTE VERDE (A),24
2025,PREMINI,NORTE,PLATENSE BLANCO,14
2025,PREMINI,SUR,LANUS A,28
2025,PREMINI,OESTE,INDIOS U9 NEGRO,27
2025,PREMINI,OESTE,INDIOS U9 BLANCO,23
2025,PREMINI,NORTE,CLUB 3 DE FEBRERO AZUL B,24
2025,PREMINI,NORTE,CIUDAD DE BUENOS AIRES BLANCO B,23
2025,PREMINI,SUR,WILDE SPORTING,26
2025,PREMINI,CENTRO,ARGENTINOS JUNIORS,26
2025,PREMINI,SUR,MONTE GRANDE A  ROJO,25
2025,PREMINI,OESTE,ESTUDIANTIL PORTEÑO B,21
2025,PREMINI,OESTE,ARGENTINO DE CASTELAR CENTRO B,19
2025,PREMINI,CENTRO,IMPERIO BLANCO  A,23
2025,PREMINI,CENTRO-OESTE,"DEPORTIVO CROVARA  ""A""",26
2025,PREMINI,SUR,SOCIAL LANUS,26
2025,PREMINI,SUR,CLUB EL FOGON,24
2025,PREMINI,SUR,CLUB  SOCIAL Y  DEPORTIVO TAMBEROS UNIDOS,24
2025,PREMINI,OESTE,MORON BLANCO,14
2025,PREMINI,CENTRO,ARQUITECTURA NEGRO A,25
2025,PREMINI,NORTE,"VICTORIA NEGRO ""A""",27
2025,PREMINI,OESTE,NOLTING,26
2025,PREMINI,NORTE,HEBRAICA,24
2025,PREMINI,NORTE,U.V.V.A UNION VECINAL VILLA ADELINA,27
2025,PREMINI,SUR,SPORTIVO ALSINA,26
2025,PREMINI,CENTRO,NUEVA CHICAGO,5
2025,PREMINI,SUR,VILLA ESPAÑA,23
2025,PREMINI,OESTE,CENTRO ESPAÑOL,28
2025,PREMINI,NORTE,NAUTICO BUCHARDO A,27
2025,PREMINI,CENTRO,JUVENCIA,24
2025,PREMINI,CENTRO,ALL BOYS DE SAAVEDRA,16
2025,PREMINI,SUR,BOCA JUNIORS AMARILLO,22
2025,PREMINI,OESTE,INSTITUCION SARMIENTO VERDE A,28
2025,PREMINI,NORTE,"VICTORIA BLANCO ""B""",11
2025,PREMINI,SUR,LOBOS ATHLETIC CLUB,12
2025,PREMINI,NORTE,LIBRE,1
2025,PREMINI,NORTE,SAN FERNANDO AZUL (A),28
2025,PREMINI,OESTE,EL PALOMAR,22
2025,PREMINI,SUR,COUNTRY BANFIELD A,28
2025,PREMINI,OESTE,CLUB GEI BLANCO (B),24
2025,PREMINI,SUR,RACING CLUB,12
2025,PREMINI,OESTE,HURACAN DE SAN JUSTO BLANCO,1
2025,PREMINI,NORTE,ATLETICO BOULOGNE,23
2025,PREMINI,OESTE,SAN MIGUEL BLANCO,11
2025,PREMINI,OESTE,CLUB GEI AZUL (A),28
2025,PREMINI,SUR,BURZACO FC ROJO B,15
2025,PREMINI,OESTE,DEFENSORES DE MORENO ROJO,1
2025,PREMINI,SUR,COUNTRY BANFIELD B,17
2025,PREMINI,CENTRO,VILLA MITRE,26
2025,PREMINI,OESTE,SAN MIGUEL VERDE,25
2025,PREMINI,OESTE,ATENEO POPULAR VERSAILLES,28
2025,PREMINI,NORTE,INDEPENDIENTE DE ESCOBAR,25
2025,PREMINI,OESTE,UNITARIOS DE MARCOS PAZ,28
2025,PREMINI,SUR,LA UNION,23
2025,PREMINI,OESTE,ESTUDIANTIL PORTEÑO A,28
2025,PREMINI,CENTRO-OESTE,ALDO BONZI,23
2025,PREMINI,OESTE,ARGENTINO DE CASTELAR SUR C,1
2025,PREMINI,SUR,BOCA JUNIORS A,27
2025,PREMINI,CENTRO,PEDRO ECHAGUE AMARILLO B,22
2025,PREMINI,CENTRO,GEBA,25
2025,PREMINI,OESTE,MIDLAND,28
2025,PREMINI,CENTRO,COLEGIALES NEGRO,25
2025,PREMINI,NORTE,LAS HERAS A,27
2025,PREMINI,CENTRO,EL TALAR,26
2025,PREMINI,CENTRO,PEDRO ECHAGUE AZUL A,25
2025,PREMINI,CENTRO,RACING ANEXO,23
2025,PREMINI,OESTE,DEPORTIVO MORON B  ROJO,17
2025,PREMINI,OESTE,SITAS,27
2025,PREMINI,SUR,TAPONAZO  FUTBOL CLUB,24
2025,PREMINI,NORTE,UNIVERSIDAD DE BUENOS AIRES,15
2025,PREMINI,CENTRO,PINOCHO,25
2025,PREMINI,SUR,OLIMPO,27
2025,PREMINI,NORTE,"NAUTICO HACOAJ BLANCO ""A""",27
2025,PREMINI,CENTRO-OESTE,ARMENIA,22
2025,PREMINI,NORTE,COMUNICACIONES,28
2025,PREMINI,NORTE,SPORTIVO ESCOBAR,25
2025,PREMINI,OESTE,SPORTIVO HAEDO,9
2025,PREMINI,SUR,LOS ANDES,28
2025,PREMINI,CENTRO,DEPORTIVO CROVARA B,25
2025,PREMINI,NORTE,PINOCHO VERDE,24
2025,PREMINI,NORTE,BANCO NACION BLANCO B,22
2025,PREMINI,SUR,CLUB ATLETICO PAMPERO,26
2025,PREMINI,CENTRO,SAN LORENZO AZUL,24
2025,PREMINI,SUR,CLUB SOCIAL Y DEPORTIVO NAHUEL,10
2026,CADETES MASCULINO,CENTRO,SAN ANDRES,6
2026,CADETES MASCULINO,CENTRO,ALL BOYS BLANCO,6
2026,CADETES MASCULINO,OESTE,INSTITUCION SARMIENTO BLANCO B,5
2026,CADETES MASCULINO,CENTRO,ITALIANO,6
2026,CADETES MASCULINO,NORTE,RIVER PLATE,6
2026,CADETES MASCULINO,OESTE,CLUB GEI GRIS(C),6
2026,CADETES MASCULINO,NORTE,SPORTIVO VILLA BALLESTER,6
2026,CADETES MASCULINO,NORTE,PLATENSE MARRON,6
2026,CADETES MASCULINO,CENTRO,"JOSE HERNANDEZ ""A""",6
2026,CADETES MASCULINO,NORTE,CAZA Y PESCA AZUL A,6
2026,CADETES MASCULINO,OESTE,C.A.S.A. PADUA B,6
2026,CADETES MASCULINO,NORTE,CLUB SOCIAL Y DEPORTIVO ARENAL,5
2026,CADETES MASCULINO,CENTRO,PINOCHO BLANCO,6
2026,CADETES MASCULINO,NORTE,BELLA VISTA,6
2026,CADETES MASCULINO,SUR,GIMNASIA Y ESGRIMA DE LOMAS DE ZAMORA B,6
2026,CADETES MASCULINO,SUR,CLUB  ATLETICO Y PROGRESO DE BRANDSEN,6
2026,CADETES MASCULINO,OESTE,DEFENSORES DE SANTOS LUGARES,5
2026,CADETES MASCULINO,OESTE,VELEZ SARSFIELD AZUL - B,6
2026,CADETES MASCULINO,NORTE,3 DE FEBRERO BLANCO A,6
2026,CADETES MASCULINO,SUR,TALLERES,6
2026,CADETES MASCULINO,NORTE,UNION FLORIDA,6
2026,CADETES MASCULINO,NORTE,CENTRO GALICIA,5
2026,CADETES MASCULINO,CENTRO,GEVP CELESTE B,6
2026,CADETES MASCULINO,CENTRO,CIRCULO URQUIZA,5
2026,CADETES MASCULINO,NORTE,SAN FERNANDO AZUL,6
2026,CADETES MASCULINO,SUR,JUVENTUD UNIDA,5
2026,CADETES MASCULINO,SUR,EL FOGON,6
2026,CADETES MASCULINO,OESTE,PORTEÑO ATLETICO CLUB  B,6
2026,CADETES MASCULINO,SUR,LUZ Y ARTE,6
2026,CADETES MASCULINO,NORTE,UNION VECINAL DE MUNRO,6
2026,CADETES MASCULINO,OESTE,C.A.S.A PADUA A,6
2026,CADETES MASCULINO,OESTE,DEFENSORES DE HURLINGHAM BLANCO,6
2026,CADETES MASCULINO,OESTE,CIUDADELA NORTE,6
2026,CADETES MASCULINO,NORTE,SPORTIVO PILAR CADETES,6
2026,CADETES MASCULINO,NORTE,BANCO NACION AZUL A,5
2026,CADETES MASCULINO,OESTE,LOS INDIOS CADETES B,5
2026,CADETES MASCULINO,NORTE,CIUDAD DE BUENOS AIRES B BLANCO,6
2026,CADETES MASCULINO,CENTRO,SAN LORENZO ROJO B,6
2026,CADETES MASCULINO,OESTE,ITALIANO DE JOSE C PAZ,6
2026,CADETES MASCULINO,NORTE,CLUB ATENEO INGENIERO RAVER,6
2026,CADETES MASCULINO,SUR,LANUS B,5
2026,CADETES MASCULINO,CENTRO,CLUB ATLETICO HURACAN DE PARQUE PATRICIOS,6
2026,CADETES MASCULINO,OESTE,RAMOS MEJIA LTC,5
2026,CADETES MASCULINO,CENTRO,IMPERIO NEGRO B,6
2026,CADETES MASCULINO,OESTE,UNIVERSIDAD DE LA MATANZA,6
2026,CADETES MASCULINO,OESTE,LEANDRO N ALEM,5
2026,CADETES MASCULINO,NORTE,GEVP BLANCO A,5
2026,CADETES MASCULINO,SUR,C.S.D.Y C. MORENO,6
2026,CADETES MASCULINO,SUR,DEFENSORES DE GLEW,6
2026,CADETES MASCULINO,OESTE,U15  DEPORTIVO MORON B,4
2026,CADETES MASCULINO,CENTRO,FERROCARRIL OESTE BLANCA,6
2026,CADETES MASCULINO,SUR,VARELA JRS,5
2026,CADETES MASCULINO,NORTE,"NAUTICO HACOAJ AZUL ""B""",6
2026,CADETES MASCULINO,SUR,INDEPENDIENTE DE BURZACO,6
2026,CADETES MASCULINO,CENTRO,COPELLO,6
2026,CADETES MASCULINO,OESTE,HURACAN DE SAN JUSTO ROJO,5
2026,CADETES MASCULINO,OESTE,CLUB CEPA,6
2026,CADETES MASCULINO,NORTE,3 DE FEBRERO AZUL B,5
2026,CADETES MASCULINO,CENTRO,ARQUITECTURA BLANCO B,6
2026,CADETES MASCULINO,SUR,COOPERARIOS,6
2026,CADETES MASCULINO,NORTE,VICTORIA NEGRO,6
2026,CADETES MASCULINO,NORTE,ATLETICO PILAR,6
2026,CADETES MASCULINO,CENTRO,YUPANQUI,6
2026,CADETES MASCULINO,NORTE,17 DE AGOSTO,6
2026,CADETES MASCULINO,SUR,CAÑUELAS FC,6
2026,CADETES MASCULINO,SUR,GIMNASIA Y ESGRIMA DE LOMAS DE ZAMORA,5
2026,CADETES MASCULINO,OESTE,PASO DEL REY,6
2026,CADETES MASCULINO,SUR,BERAZATEGUI,6
2026,CADETES MASCULINO,OESTE,CEDEM,6
2026,CADETES MASCULINO,OESTE,LOS INDIOS CADETES A,5
2026,CADETES MASCULINO,SUR,INDEPENDIENTE,5
2026,CADETES MASCULINO,NORTE,PRESIDENTE DERQUI,6
2026,CADETES MASCULINO,SUR,TRISTAN SUAREZ,6
2026,CADETES MASCULINO,NORTE,BANADE ROJO,5
2026,CADETES MASCULINO,NORTE,BANCO PROVINCIA,6
2026,CADETES MASCULINO,CENTRO,"JOSE HERNANDEZ ""B""",6
2026,CADETES MASCULINO,NORTE,HARRODS GATH Y CHAVES,6
2026,CADETES MASCULINO,SUR,COLON FC,6
2026,CADETES MASCULINO,SUR,MONTE GRANDE B NEGRO,6
2026,CADETES MASCULINO,CENTRO,VELEZ SARSFIELD BLANCO - A,5
2026,CADETES MASCULINO,SUR,BURZACO FC A,6
2026,CADETES MASCULINO,SUR,GUILLON BASQUET,6
2026,CADETES MASCULINO,CENTRO,CIUDAD DE BUENOS AIRES A AZUL,6
2026,CADETES MASCULINO,OESTE,DEFENSORES DE HURLINGHAM VERDE,5
2026,CADETES MASCULINO,SUR,TEMPERLEY,6
2026,CADETES MASCULINO,SUR,DEFENSORES DE BANFIELD,6
2026,CADETES MASCULINO,CENTRO,NAUTICO BUCHARDO B,6
2026,CADETES MASCULINO,CENTRO,MACABI,6
2026,CADETES MASCULINO,NORTE,COOPERATIVA TORTUGUITAS,5
2026,CADETES MASCULINO,OESTE,CLARIDAD,5
2026,CADETES MASCULINO,SUR,CLUB SOCIAL ALEJANDRO KORN,6
2026,CADETES MASCULINO,OESTE,MORON BLANCO B,6
2026,CADETES MASCULINO,SUR,MUNICIPALIDAD DE AVELLANEDA,6
2026,CADETES MASCULINO,OESTE,SITAS ROJO,6
2026,CADETES MASCULINO,OESTE,EL PORVENIR JOSE C. PAZ,5
2026,CADETES MASCULINO,NORTE,SOCIAL BECCAR,5
2026,CADETES MASCULINO,CENTRO,COLEGIALES BLANCO,6
2026,CADETES MASCULINO,NORTE,OBRAS BASKET,6
2026,CADETES MASCULINO,OESTE,A.F.A.L.P. A,5
2026,CADETES MASCULINO,OESTE,FERROCARRIL OESTE NARANJA,2
2026,CADETES MASCULINO,CENTRO,ESTRELLA DE BOEDO,6
2026,CADETES MASCULINO,CENTRO,ITALIANO B,6
2026,CADETES MASCULINO,SUR,GIMNASIA Y ESGRIMA LA PLATA A,6
2026,CADETES MASCULINO,SUR,EZEIZA,5
2026,CADETES MASCULINO,OESTE,ARGENTINO DE CASTELAR NORTE A,5
2026,CADETES MASCULINO,SUR,CLUB ATLETICO BERNAL,5
2026,CADETES MASCULINO,SUR,CLUB ATLETICO 9 DE JULIO DE LANUS,6
2026,CADETES MASCULINO,NORTE,PLATENSE BLANCO,6
2026,CADETES MASCULINO,CENTRO,PEDRO ECHAGUE AZUL,5
2026,CADETES MASCULINO,SUR,LOBOS  CADETES,6
2026,CADETES MASCULINO,SUR,LANUS A,6
2026,CADETES MASCULINO,OESTE,DEFENSORES DE MORENO,5
2026,CADETES MASCULINO,SUR,TAMBEROS UNIDOS,5
2026,CADETES MASCULINO,NORTE,SPORTIVO PILAR BLANCO B,5
2026,CADETES MASCULINO,SUR,WILDE SPORTING,5
2026,CADETES MASCULINO,CENTRO,ARGENTINOS JUNIORS,6
2026,CADETES MASCULINO,NORTE,BECCAR AZUL,6
2026,CADETES MASCULINO,OESTE,ESTUDIANTIL PORTEÑO B,5
2026,CADETES MASCULINO,OESTE,ARGENTINO DE CASTELAR CENTRO B,6
2026,CADETES MASCULINO,CENTRO,"DEPORTIVO CROVARA  ""A""",6
2026,CADETES MASCULINO,SUR,SOCIAL LANUS,6
2026,CADETES MASCULINO,NORTE,VICTORIA BLANCO,5
2026,CADETES MASCULINO,OESTE,SITAS VERDE,5
2026,CADETES MASCULINO,SUR,GIMNASIA Y ESGRIMA LA PLATA B,6
2026,CADETES MASCULINO,CENTRO,ARQUITECTURA NEGRO A,6
2026,CADETES MASCULINO,OESTE,PORTEÑO ATLETICO CLUB  AZUL,5
2026,CADETES MASCULINO,NORTE,3 DE FEBRERO CELESTE C,6
2026,CADETES MASCULINO,OESTE,NOLTING,6
2026,CADETES MASCULINO,NORTE,HEBRAICA,6
2026,CADETES MASCULINO,NORTE,U.V.V.A UNION VECINAL VILLA ADELINA,6
2026,CADETES MASCULINO,CENTRO,COMUNICACIONES AMARILLO A,6
2026,CADETES MASCULINO,SUR,SPORTIVO ALSINA,6
2026,CADETES MASCULINO,CENTRO,NUEVA CHICAGO,5
2026,CADETES MASCULINO,SUR,VILLA ESPAÑA,6
2026,CADETES MASCULINO,OESTE,"ESTUDIANTIL PORTEÑO  ""A""",5
2026,CADETES MASCULINO,OESTE,CENTRO ESPAÑOL,6
2026,CADETES MASCULINO,NORTE,NAUTICO BUCHARDO A,6
2026,CADETES MASCULINO,CENTRO,JUVENCIA,6
2026,CADETES MASCULINO,CENTRO,ALL BOYS DE SAAVEDRA,6
2026,CADETES MASCULINO,OESTE,INSTITUCION SARMIENTO VERDE A,5
2026,CADETES MASCULINO,OESTE,MUNICIPALIDAD DE HURLINGHAM,6
2026,CADETES MASCULINO,SUR,BOCA JUNIORS AMARILLO B,6
2026,CADETES MASCULINO,OESTE,EL PALOMAR,6
2026,CADETES MASCULINO,SUR,COUNTRY BANFIELD A,6
2026,CADETES MASCULINO,SUR,QUILMES ATLETICO CLUB,6
2026,CADETES MASCULINO,OESTE,CLUB GEI BLANCO (B),5
2026,CADETES MASCULINO,SUR,RACING CLUB,6
2026,CADETES MASCULINO,OESTE,HURACAN DE SAN JUSTO BLANCO,6
2026,CADETES MASCULINO,NORTE,ATLETICO BOULOGNE,6
2026,CADETES MASCULINO,SUR,MONTE GRANDE ROJO A,5
2026,CADETES MASCULINO,OESTE,SAN MIGUEL BLANCO,6
2026,CADETES MASCULINO,OESTE,CLUB GEI AZUL (A),5
2026,CADETES MASCULINO,SUR,COUNTRY BANFIELD B,6
2026,CADETES MASCULINO,CENTRO,VILLA MITRE,6
2026,CADETES MASCULINO,OESTE,SAN MIGUEL VERDE,5
2026,CADETES MASCULINO,CENTRO,ATENEO POPULAR VERSAILLES,5
2026,CADETES MASCULINO,NORTE,INDEPENDIENTE DE ESCOBAR,5
2026,CADETES MASCULINO,OESTE,UNITARIOS DE MARCOS PAZ,6
2026,CADETES MASCULINO,SUR,LA UNION,5
2026,CADETES MASCULINO,CENTRO,ALDO BONZI,6
2026,CADETES MASCULINO,OESTE,ARGENTINO DE CASTELAR SUR C,6
2026,CADETES MASCULINO,CENTRO,GEBA,6
2026,CADETES MASCULINO,CENTRO,IMPERIO BLANCO A,6
2026,CADETES MASCULINO,OESTE,MIDLAND,5
2026,CADETES MASCULINO,NORTE,COLEGIALES NEGRO,6
2026,CADETES MASCULINO,NORTE,LAS HERAS A,6
2026,CADETES MASCULINO,NORTE,EL TALAR,6
2026,CADETES MASCULINO,CENTRO,ALL BOYS NEGRO,6
2026,CADETES MASCULINO,CENTRO,RACING ANEXO,6
2026,CADETES MASCULINO,NORTE,SAN FERNANDO BLANCO,6
2026,CADETES MASCULINO,OESTE,DEPORTIVO MORON A,5
2026,CADETES MASCULINO,SUR,BOCA JUNIORS AZUL A,6
2026,CADETES MASCULINO,SUR,TAPONAZO  FUTBOL CLUB,6
2026,CADETES MASCULINO,NORTE,UNIVERSIDAD DE BUENOS AIRES,6
2026,CADETES MASCULINO,SUR,OLIMPO,6
2026,CADETES MASCULINO,CENTRO,PINOCHO,5
2026,CADETES MASCULINO,NORTE,"NAUTICO HACOAJ BLANCO ""A""",6
2026,CADETES MASCULINO,NORTE,CAZA Y PESCA VERDE B,5
2026,CADETES MASCULINO,OESTE,PORTUGUES DEL GRAN BUENOS AIRES,6
2026,CADETES MASCULINO,CENTRO,FERROCARRIL OESTE VERDE,6
2026,CADETES MASCULINO,CENTRO,ARMENIA,6
2026,CADETES MASCULINO,NORTE,SPORTIVO ESCOBAR,6
2026,CADETES MASCULINO,SUR,UNION VILLEGAS,6
2026,CADETES MASCULINO,OESTE,SPORTIVO HAEDO,6
2026,CADETES MASCULINO,CENTRO,COMUNICACIONES NEGRO B,5
2026,CADETES MASCULINO,SUR,LOS ANDES,6
2026,CADETES MASCULINO,CENTRO,DEPORTIVO CROVARA B,6
2026,CADETES MASCULINO,CENTRO,PEDRO ECHAGUE AMARILLO,5
2026,CADETES MASCULINO,NORTE,PINOCHO VERDE,6
2026,CADETES MASCULINO,NORTE,BANCO NACION BLANCO B,6
2026,CADETES MASCULINO,OESTE,MORON ROJO A,7
2026,CADETES MASCULINO,SUR,CLUB ATLETICO PAMPERO,5
2026,CADETES MASCULINO,CENTRO,SAN LORENZO AZUL,6
2026,INFANTILES MASCULINO,CENTRO,SAN ANDRES,6
2026,INFANTILES MASCULINO,CENTRO,ALL BOYS BLANCO,6
2026,INFANTILES MASCULINO,OESTE,INSTITUCION SARMIENTO BLANCO B,5
2026,INFANTILES MASCULINO,CENTRO,ITALIANO,6
2026,INFANTILES MASCULINO,NORTE,RIVER PLATE,6
2026,INFANTILES MASCULINO,OESTE,CLUB GEI GRIS(C),7
2026,INFANTILES MASCULINO,NORTE,SPORTIVO VILLA BALLESTER,6
2026,INFANTILES MASCULINO,NORTE,PLATENSE MARRON,6
2026,INFANTILES MASCULINO,CENTRO,"JOSE HERNANDEZ ""A""",6
2026,INFANTILES MASCULINO,NORTE,CAZA Y PESCA AZUL A,6
2026,INFANTILES MASCULINO,OESTE,C.A.S.A. PADUA B,8
2026,INFANTILES MASCULINO,NORTE,CLUB SOCIAL Y DEPORTIVO ARENAL,5
2026,INFANTILES MASCULINO,CENTRO,PINOCHO BLANCO,6
2026,INFANTILES MASCULINO,NORTE,BELLA VISTA,6
2026,INFANTILES MASCULINO,SUR,GIMNASIA Y ESGRIMA DE LOMAS DE ZAMORA B,6
2026,INFANTILES MASCULINO,SUR,CLUB  ATLETICO Y PROGRESO DE BRANDSEN,6
2026,INFANTILES MASCULINO,OESTE,DEFENSORES DE SANTOS LUGARES,5
2026,INFANTILES MASCULINO,OESTE,VELEZ SARSFIELD AZUL - B,6
2026,INFANTILES MASCULINO,NORTE,3 DE FEBRERO BLANCO A,6
2026,INFANTILES MASCULINO,SUR,TALLERES,6
2026,INFANTILES MASCULINO,NORTE,UNION FLORIDA,6
2026,INFANTILES MASCULINO,NORTE,CENTRO GALICIA,5
2026,INFANTILES MASCULINO,CENTRO,CIUDAD DE BUENOS AIRES AZUL A,6
2026,INFANTILES MASCULINO,CENTRO,GEVP CELESTE B,6
2026,INFANTILES MASCULINO,OESTE,PORTEÑO ATLETICO CLUB  BLANCO B,8
2026,INFANTILES MASCULINO,CENTRO,CIRCULO URQUIZA,5
2026,INFANTILES MASCULINO,NORTE,SAN FERNANDO AZUL,6
2026,INFANTILES MASCULINO,SUR,JUVENTUD UNIDA,5
2026,INFANTILES MASCULINO,SUR,EL FOGON,6
2026,INFANTILES MASCULINO,SUR,LUZ Y ARTE,6
2026,INFANTILES MASCULINO,NORTE,UNION VECINAL DE MUNRO,6
2026,INFANTILES MASCULINO,OESTE,C.A.S.A PADUA A,6
2026,INFANTILES MASCULINO,OESTE,DEFENSORES DE HURLINGHAM BLANCO,6
2026,INFANTILES MASCULINO,OESTE,CIUDADELA NORTE,7
2026,INFANTILES MASCULINO,NORTE,BANCO NACION AZUL A,5
2026,INFANTILES MASCULINO,NORTE,CIUDAD DE BUENOS AIRES B BLANCO,6
2026,INFANTILES MASCULINO,CENTRO,SAN LORENZO ROJO B,6
2026,INFANTILES MASCULINO,OESTE,ITALIANO DE JOSE C PAZ,7
2026,INFANTILES MASCULINO,NORTE,CLUB ATENEO INGENIERO RAVER,6
2026,INFANTILES MASCULINO,SUR,LANUS B,5
2026,INFANTILES MASCULINO,CENTRO,CLUB ATLETICO HURACAN DE PARQUE PATRICIOS,6
2026,INFANTILES MASCULINO,OESTE,RAMOS MEJIA LTC,6
2026,INFANTILES MASCULINO,CENTRO,IMPERIO NEGRO B,7
2026,INFANTILES MASCULINO,OESTE,UNIVERSIDAD DE LA MATANZA,6
2026,INFANTILES MASCULINO,OESTE,LEANDRO N ALEM,5
2026,INFANTILES MASCULINO,SUR,C.S.D.Y C. MORENO,6
2026,INFANTILES MASCULINO,SUR,DEFENSORES DE GLEW,6
2026,INFANTILES MASCULINO,SUR,VARELA JRS,5
2026,INFANTILES MASCULINO,NORTE,"NAUTICO HACOAJ AZUL ""B""",5
2026,INFANTILES MASCULINO,OESTE,U13 DEPORTIVO MORON B,4
2026,INFANTILES MASCULINO,SUR,INDEPENDIENTE DE BURZACO,6
2026,INFANTILES MASCULINO,CENTRO,COPELLO,6
2026,INFANTILES MASCULINO,OESTE,HURACAN DE SAN JUSTO ROJO,5
2026,INFANTILES MASCULINO,OESTE,CLUB CEPA,6
2026,INFANTILES MASCULINO,NORTE,3 DE FEBRERO AZUL B,5
2026,INFANTILES MASCULINO,CENTRO,ARQUITECTURA BLANCO B,6
2026,INFANTILES MASCULINO,SUR,COOPERARIOS,6
2026,INFANTILES MASCULINO,NORTE,VICTORIA NEGRO,7
2026,INFANTILES MASCULINO,OESTE,LOS INDIOS INFANTILES B,5
2026,INFANTILES MASCULINO,NORTE,ATLETICO PILAR,6
2026,INFANTILES MASCULINO,CENTRO,YUPANQUI,6
2026,INFANTILES MASCULINO,NORTE,17 DE AGOSTO,6
2026,INFANTILES MASCULINO,SUR,CAÑUELAS FC,6
2026,INFANTILES MASCULINO,SUR,GIMNASIA Y ESGRIMA DE LOMAS DE ZAMORA,5
2026,INFANTILES MASCULINO,OESTE,PASO DEL REY,6
2026,INFANTILES MASCULINO,SUR,BERAZATEGUI,6
2026,INFANTILES MASCULINO,OESTE,CEDEM,6
2026,INFANTILES MASCULINO,SUR,INDEPENDIENTE,5
2026,INFANTILES MASCULINO,NORTE,PRESIDENTE DERQUI,6
2026,INFANTILES MASCULINO,SUR,MONTE GRANDE B,6
2026,INFANTILES MASCULINO,SUR,TRISTAN SUAREZ,6
2026,INFANTILES MASCULINO,NORTE,BANADE ROJO,5
2026,INFANTILES MASCULINO,NORTE,BANCO PROVINCIA,6
2026,INFANTILES MASCULINO,CENTRO,"JOSE HERNANDEZ ""B""",7
2026,INFANTILES MASCULINO,NORTE,HARRODS GATH Y CHAVES,6
2026,INFANTILES MASCULINO,SUR,COLON FC,6
2026,INFANTILES MASCULINO,CENTRO,VELEZ SARSFIELD BLANCO - A,6
2026,INFANTILES MASCULINO,SUR,BURZACO FC A,6
2026,INFANTILES MASCULINO,SUR,GUILLON BASQUET,6
2026,INFANTILES MASCULINO,OESTE,DEFENSORES DE HURLINGHAM VERDE,5
2026,INFANTILES MASCULINO,SUR,TEMPERLEY,6
2026,INFANTILES MASCULINO,CENTRO,FERROCARRIL OESTE BLANCO,6
2026,INFANTILES MASCULINO,SUR,DEFENSORES DE BANFIELD,6
2026,INFANTILES MASCULINO,CENTRO,NAUTICO BUCHARDO B,7
2026,INFANTILES MASCULINO,NORTE,SPORTIVO PILAR INFANTILES,6
2026,INFANTILES MASCULINO,CENTRO,MACABI,6
2026,INFANTILES MASCULINO,NORTE,COOPERATIVA TORTUGUITAS,5
2026,INFANTILES MASCULINO,OESTE,CLARIDAD,5
2026,INFANTILES MASCULINO,SUR,CLUB SOCIAL ALEJANDRO KORN,6
2026,INFANTILES MASCULINO,OESTE,MORON BLANCO B,6
2026,INFANTILES MASCULINO,SUR,MUNICIPALIDAD DE AVELLANEDA,6
2026,INFANTILES MASCULINO,OESTE,SITAS ROJO,6
2026,INFANTILES MASCULINO,OESTE,EL PORVENIR JOSE C. PAZ,5
2026,INFANTILES MASCULINO,NORTE,SOCIAL BECCAR,5
2026,INFANTILES MASCULINO,CENTRO,COLEGIALES BLANCO,6
2026,INFANTILES MASCULINO,NORTE,OBRAS BASKET,6
2026,INFANTILES MASCULINO,OESTE,A.F.A.L.P. A,5
2026,INFANTILES MASCULINO,OESTE,FERROCARRIL OESTE NARANJA,3
2026,INFANTILES MASCULINO,CENTRO,ESTRELLA DE BOEDO,6
2026,INFANTILES MASCULINO,CENTRO,ITALIANO B,7
2026,INFANTILES MASCULINO,SUR,GIMNASIA Y ESGRIMA LA PLATA A,6
2026,INFANTILES MASCULINO,SUR,EZEIZA,5
2026,INFANTILES MASCULINO,OESTE,ARGENTINO DE CASTELAR NORTE A,5
2026,INFANTILES MASCULINO,SUR,CLUB ATLETICO BERNAL,5
2026,INFANTILES MASCULINO,SUR,CLUB ATLETICO 9 DE JULIO DE LANUS,6
2026,INFANTILES MASCULINO,NORTE,PLATENSE BLANCO,7
2026,INFANTILES MASCULINO,CENTRO,PEDRO ECHAGUE AZUL,5
2026,INFANTILES MASCULINO,SUR,LANUS A,6
2026,INFANTILES MASCULINO,OESTE,DEFENSORES DE MORENO,5
2026,INFANTILES MASCULINO,SUR,TAMBEROS UNIDOS,5
2026,INFANTILES MASCULINO,NORTE,SPORTIVO PILAR BLANCO B,5
2026,INFANTILES MASCULINO,OESTE,LOS INDIOS INFANTILES A,5
2026,INFANTILES MASCULINO,SUR,WILDE SPORTING,5
2026,INFANTILES MASCULINO,CENTRO,ARGENTINOS JUNIORS,6
2026,INFANTILES MASCULINO,NORTE,BECCAR AZUL,6
2026,INFANTILES MASCULINO,OESTE,ESTUDIANTIL PORTEÑO B,5
2026,INFANTILES MASCULINO,OESTE,ARGENTINO DE CASTELAR CENTRO B,5
2026,INFANTILES MASCULINO,CENTRO,IMPERIO BLANCO  A,6
2026,INFANTILES MASCULINO,CENTRO,"DEPORTIVO CROVARA  ""A""",6
2026,INFANTILES MASCULINO,SUR,SOCIAL LANUS,6
2026,INFANTILES MASCULINO,NORTE,VICTORIA BLANCO,5
2026,INFANTILES MASCULINO,OESTE,SITAS VERDE,5
2026,INFANTILES MASCULINO,SUR,GIMNASIA Y ESGRIMA LA PLATA B,6
2026,INFANTILES MASCULINO,CENTRO,ARQUITECTURA NEGRO A,6
2026,INFANTILES MASCULINO,OESTE,PORTEÑO ATLETICO CLUB  AZUL,5
2026,INFANTILES MASCULINO,NORTE,3 DE FEBRERO CELESTE C,7
2026,INFANTILES MASCULINO,OESTE,NOLTING,6
2026,INFANTILES MASCULINO,NORTE,HEBRAICA,6
2026,INFANTILES MASCULINO,NORTE,U.V.V.A UNION VECINAL VILLA ADELINA,6
2026,INFANTILES MASCULINO,CENTRO,COMUNICACIONES AMARILLO A,6
2026,INFANTILES MASCULINO,SUR,SPORTIVO ALSINA,6
2026,INFANTILES MASCULINO,CENTRO,NUEVA CHICAGO,18
2026,INFANTILES MASCULINO,SUR,VILLA ESPAÑA,6
2026,INFANTILES MASCULINO,OESTE,"ESTUDIANTIL PORTEÑO  ""A""",5
2026,INFANTILES MASCULINO,OESTE,CENTRO ESPAÑOL,6
2026,INFANTILES MASCULINO,NORTE,NAUTICO BUCHARDO A,7
2026,INFANTILES MASCULINO,CENTRO,JUVENCIA,7
2026,INFANTILES MASCULINO,CENTRO,ALL BOYS DE SAAVEDRA,6
2026,INFANTILES MASCULINO,OESTE,INSTITUCION SARMIENTO VERDE A,5
2026,INFANTILES MASCULINO,OESTE,MUNICIPALIDAD DE HURLINGHAM,7
2026,INFANTILES MASCULINO,SUR,BOCA JUNIORS AMARILLO B,6
2026,INFANTILES MASCULINO,OESTE,EL PALOMAR,8
2026,INFANTILES MASCULINO,SUR,COUNTRY BANFIELD A,6
2026,INFANTILES MASCULINO,SUR,QUILMES ATLETICO CLUB,6
2026,INFANTILES MASCULINO,OESTE,CLUB GEI BLANCO (B),5
2026,INFANTILES MASCULINO,SUR,LOBOS  INFANTILES,6
2026,INFANTILES MASCULINO,SUR,RACING CLUB,6
2026,INFANTILES MASCULINO,OESTE,HURACAN DE SAN JUSTO BLANCO,18
2026,INFANTILES MASCULINO,NORTE,ATLETICO BOULOGNE,7
2026,INFANTILES MASCULINO,SUR,MONTE GRANDE ROJO A,5
2026,INFANTILES MASCULINO,OESTE,SAN MIGUEL BLANCO,6
2026,INFANTILES MASCULINO,OESTE,CLUB GEI AZUL (A),5
2026,INFANTILES MASCULINO,SUR,COUNTRY BANFIELD B,6
2026,INFANTILES MASCULINO,CENTRO,VILLA MITRE,6
2026,INFANTILES MASCULINO,OESTE,SAN MIGUEL VERDE,5
2026,INFANTILES MASCULINO,CENTRO,ATENEO POPULAR VERSAILLES,6
2026,INFANTILES MASCULINO,NORTE,INDEPENDIENTE DE ESCOBAR,5
2026,INFANTILES MASCULINO,OESTE,UNITARIOS DE MARCOS PAZ,6
2026,INFANTILES MASCULINO,SUR,LA UNION,5
2026,INFANTILES MASCULINO,CENTRO,ALDO BONZI,8
2026,INFANTILES MASCULINO,NORTE,GEVP BLANCO,5
2026,INFANTILES MASCULINO,OESTE,ARGENTINO DE CASTELAR SUR C,7
2026,INFANTILES MASCULINO,CENTRO,GEBA,6
2026,INFANTILES MASCULINO,OESTE,MIDLAND,5
2026,INFANTILES MASCULINO,NORTE,COLEGIALES NEGRO,5
2026,INFANTILES MASCULINO,NORTE,LAS HERAS A,6
2026,INFANTILES MASCULINO,NORTE,EL TALAR,6
2026,INFANTILES MASCULINO,CENTRO,ALL BOYS NEGRO,6
2026,INFANTILES MASCULINO,CENTRO,RACING ANEXO,8
2026,INFANTILES MASCULINO,NORTE,SAN FERNANDO BLANCO,8
2026,INFANTILES MASCULINO,OESTE,DEPORTIVO MORON A,5
2026,INFANTILES MASCULINO,SUR,BOCA JUNIORS AZUL A,6
2026,INFANTILES MASCULINO,SUR,TAPONAZO  FUTBOL CLUB,6
2026,INFANTILES MASCULINO,NORTE,UNIVERSIDAD DE BUENOS AIRES,14
2026,INFANTILES MASCULINO,SUR,OLIMPO,6
2026,INFANTILES MASCULINO,CENTRO,PINOCHO,5
2026,INFANTILES MASCULINO,NORTE,"NAUTICO HACOAJ BLANCO ""A""",6
2026,INFANTILES MASCULINO,NORTE,CAZA Y PESCA VERDE B,5
2026,INFANTILES MASCULINO,OESTE,PORTUGUES DEL GRAN BUENOS AIRES,6
2026,INFANTILES MASCULINO,CENTRO,FERROCARRIL OESTE VERDE,6
2026,INFANTILES MASCULINO,CENTRO,ARMENIA,6
2026,INFANTILES MASCULINO,NORTE,SPORTIVO ESCOBAR,6
2026,INFANTILES MASCULINO,SUR,UNION VILLEGAS,6
2026,INFANTILES MASCULINO,OESTE,SPORTIVO HAEDO,7
2026,INFANTILES MASCULINO,CENTRO,COMUNICACIONES NEGRO B,5
2026,INFANTILES MASCULINO,SUR,LOS ANDES,6
2026,INFANTILES MASCULINO,CENTRO,DEPORTIVO CROVARA B,8
2026,INFANTILES MASCULINO,CENTRO,PEDRO ECHAGUE AMARILLO,7
2026,INFANTILES MASCULINO,NORTE,PINOCHO VERDE,6
2026,INFANTILES MASCULINO,NORTE,BANCO NACION BLANCO B,7
2026,INFANTILES MASCULINO,OESTE,MORON ROJO A,6
2026,INFANTILES MASCULINO,SUR,CLUB ATLETICO PAMPERO,5
2026,INFANTILES MASCULINO,CENTRO,SAN LORENZO AZUL,6
2026,JUVENILES MASCULINO,CENTRO,SAN ANDRES,6
2026,JUVENILES MASCULINO,CENTRO,ALL BOYS BLANCO,6
2026,JUVENILES MASCULINO,OESTE,INSTITUCION SARMIENTO BLANCO B,5
2026,JUVENILES MASCULINO,CENTRO,ITALIANO,5
2026,JUVENILES MASCULINO,NORTE,RIVER PLATE,6
2026,JUVENILES MASCULINO,NORTE,SPORTIVO VILLA BALLESTER,6
2026,JUVENILES MASCULINO,CENTRO,"JOSE HERNANDEZ ""A""",6
2026,JUVENILES MASCULINO,NORTE,PLATENSE MARRON,6
2026,JUVENILES MASCULINO,OESTE,CLUB GEI GRIS(C),6
2026,JUVENILES MASCULINO,NORTE,CAZA Y PESCA AZUL A,6
2026,JUVENILES MASCULINO,OESTE,C.A.S.A. PADUA B,6
2026,JUVENILES MASCULINO,NORTE,CLUB SOCIAL Y DEPORTIVO ARENAL,5
2026,JUVENILES MASCULINO,CENTRO,PINOCHO BLANCO,6
2026,JUVENILES MASCULINO,OESTE,LOS INDIOS JUVENILES A,5
2026,JUVENILES MASCULINO,NORTE,BELLA VISTA,6
2026,JUVENILES MASCULINO,SUR,GIMNASIA Y ESGRIMA DE LOMAS DE ZAMORA B,6
2026,JUVENILES MASCULINO,SUR,CLUB  ATLETICO Y PROGRESO DE BRANDSEN,6
2026,JUVENILES MASCULINO,OESTE,DEFENSORES DE SANTOS LUGARES,6
2026,JUVENILES MASCULINO,OESTE,VELEZ SARSFIELD AZUL - B,6
2026,JUVENILES MASCULINO,NORTE,3 DE FEBRERO BLANCO A,6
2026,JUVENILES MASCULINO,NORTE,UNION FLORIDA,6
2026,JUVENILES MASCULINO,NORTE,CENTRO GALICIA,5
2026,JUVENILES MASCULINO,SUR,TALLERES,6
2026,JUVENILES MASCULINO,CENTRO,GEVP CELESTE B,6
2026,JUVENILES MASCULINO,OESTE,PORTEÑO ATLETICO CLUB  BLANCO B,6
2026,JUVENILES MASCULINO,CENTRO,CIRCULO URQUIZA,5
2026,JUVENILES MASCULINO,NORTE,SAN FERNANDO AZUL,6
2026,JUVENILES MASCULINO,SUR,JUVENTUD UNIDA,5
2026,JUVENILES MASCULINO,SUR,EL FOGON,6
2026,JUVENILES MASCULINO,SUR,LUZ Y ARTE,6
2026,JUVENILES MASCULINO,NORTE,UNION VECINAL DE MUNRO,6
2026,JUVENILES MASCULINO,OESTE,C.A.S.A PADUA A,6
2026,JUVENILES MASCULINO,OESTE,DEFENSORES DE HURLINGHAM BLANCO,6
2026,JUVENILES MASCULINO,OESTE,CIUDADELA NORTE,6
2026,JUVENILES MASCULINO,NORTE,BANCO NACION AZUL A,5
2026,JUVENILES MASCULINO,NORTE,CIUDAD DE BUENOS AIRES B BLANCO,6
2026,JUVENILES MASCULINO,CENTRO,SAN LORENZO ROJO B,6
2026,JUVENILES MASCULINO,OESTE,ITALIANO DE JOSE C PAZ,6
2026,JUVENILES MASCULINO,NORTE,CLUB ATENEO INGENIERO RAVER,6
2026,JUVENILES MASCULINO,SUR,LANUS B,5
2026,JUVENILES MASCULINO,CENTRO,CLUB ATLETICO HURACAN DE PARQUE PATRICIOS,6
2026,JUVENILES MASCULINO,OESTE,RAMOS MEJIA LTC,5
2026,JUVENILES MASCULINO,OESTE,LOS INDIOS JUVENILES B,5
2026,JUVENILES MASCULINO,CENTRO,IMPERIO NEGRO B,6
2026,JUVENILES MASCULINO,NORTE,SPORTIVO PILAR  JUVENILES,6
2026,JUVENILES MASCULINO,OESTE,UNIVERSIDAD DE LA MATANZA,6
2026,JUVENILES MASCULINO,OESTE,LEANDRO N ALEM,5
2026,JUVENILES MASCULINO,NORTE,GEVP BLANCO A,5
2026,JUVENILES MASCULINO,SUR,C.S.D.Y C. MORENO,6
2026,JUVENILES MASCULINO,SUR,DEFENSORES DE GLEW,6
2026,JUVENILES MASCULINO,SUR,VARELA JRS,5
2026,JUVENILES MASCULINO,SUR,INDEPENDIENTE DE BURZACO,6
2026,JUVENILES MASCULINO,NORTE,"NAUTICO HACOAJ AZUL ""B""",6
2026,JUVENILES MASCULINO,CENTRO,COPELLO,6
2026,JUVENILES MASCULINO,OESTE,HURACAN DE SAN JUSTO ROJO,5
2026,JUVENILES MASCULINO,OESTE,CLUB CEPA,6
2026,JUVENILES MASCULINO,NORTE,3 DE FEBRERO AZUL B,5
2026,JUVENILES MASCULINO,CENTRO,ARQUITECTURA BLANCO B,6
2026,JUVENILES MASCULINO,SUR,COOPERARIOS,6
2026,JUVENILES MASCULINO,NORTE,VICTORIA NEGRO,6
2026,JUVENILES MASCULINO,NORTE,ATLETICO PILAR,6
2026,JUVENILES MASCULINO,CENTRO,YUPANQUI,6
2026,JUVENILES MASCULINO,NORTE,17 DE AGOSTO,6
2026,JUVENILES MASCULINO,SUR,CAÑUELAS FC,6
2026,JUVENILES MASCULINO,SUR,GIMNASIA Y ESGRIMA DE LOMAS DE ZAMORA,5
2026,JUVENILES MASCULINO,OESTE,PASO DEL REY,6
2026,JUVENILES MASCULINO,SUR,BERAZATEGUI,6
2026,JUVENILES MASCULINO,OESTE,CEDEM,6
2026,JUVENILES MASCULINO,SUR,INDEPENDIENTE,5
2026,JUVENILES MASCULINO,NORTE,PRESIDENTE DERQUI,6
2026,JUVENILES MASCULINO,SUR,MONTE GRANDE B,6
2026,JUVENILES MASCULINO,SUR,TRISTAN SUAREZ,6
2026,JUVENILES MASCULINO,NORTE,BANADE ROJO,5
2026,JUVENILES MASCULINO,NORTE,BANCO PROVINCIA,6
2026,JUVENILES MASCULINO,CENTRO,"JOSE HERNANDEZ ""B""",6
2026,JUVENILES MASCULINO,NORTE,HARRODS GATH Y CHAVES,6
2026,JUVENILES MASCULINO,SUR,COLON FC,6
2026,JUVENILES MASCULINO,CENTRO,VELEZ SARSFIELD BLANCO - A,6
2026,JUVENILES MASCULINO,SUR,BURZACO FC A,5
2026,JUVENILES MASCULINO,SUR,GUILLON BASQUET,6
2026,JUVENILES MASCULINO,CENTRO,CIUDAD DE BUENOS AIRES A AZUL,6
2026,JUVENILES MASCULINO,OESTE,DEFENSORES DE HURLINGHAM VERDE,5
2026,JUVENILES MASCULINO,SUR,TEMPERLEY,6
2026,JUVENILES MASCULINO,CENTRO,FERROCARRIL OESTE BLANCO,6
2026,JUVENILES MASCULINO,SUR,DEFENSORES DE BANFIELD,6
2026,JUVENILES MASCULINO,CENTRO,NAUTICO BUCHARDO B,6
2026,JUVENILES MASCULINO,SUR,CLUB SOCIAL ALEJANDRO KORN,6
2026,JUVENILES MASCULINO,OESTE,CLARIDAD,5
2026,JUVENILES MASCULINO,CENTRO,MACABI,6
2026,JUVENILES MASCULINO,NORTE,COOPERATIVA TORTUGUITAS,5
2026,JUVENILES MASCULINO,OESTE,MORON BLANCO B,6
2026,JUVENILES MASCULINO,SUR,LOBOS  JUVENILES,6
2026,JUVENILES MASCULINO,SUR,MUNICIPALIDAD DE AVELLANEDA,6
2026,JUVENILES MASCULINO,OESTE,SITAS ROJO,6
2026,JUVENILES MASCULINO,OESTE,EL PORVENIR JOSE C. PAZ,5
2026,JUVENILES MASCULINO,NORTE,SOCIAL BECCAR,5
2026,JUVENILES MASCULINO,CENTRO,COLEGIALES BLANCO,6
2026,JUVENILES MASCULINO,NORTE,OBRAS BASKET,6
2026,JUVENILES MASCULINO,OESTE,A.F.A.L.P. A,5
2026,JUVENILES MASCULINO,OESTE,FERROCARRIL OESTE NARANJA,2
2026,JUVENILES MASCULINO,CENTRO,ESTRELLA DE BOEDO,6
2026,JUVENILES MASCULINO,CENTRO,ITALIANO B,6
2026,JUVENILES MASCULINO,SUR,GIMNASIA Y ESGRIMA LA PLATA A,6
2026,JUVENILES MASCULINO,SUR,EZEIZA,5
2026,JUVENILES MASCULINO,OESTE,ARGENTINO DE CASTELAR NORTE A,5
2026,JUVENILES MASCULINO,SUR,CLUB ATLETICO BERNAL,5
2026,JUVENILES MASCULINO,SUR,CLUB ATLETICO 9 DE JULIO DE LANUS,6
2026,JUVENILES MASCULINO,NORTE,PLATENSE BLANCO,6
2026,JUVENILES MASCULINO,CENTRO,PEDRO ECHAGUE AZUL,5
2026,JUVENILES MASCULINO,SUR,LANUS A,6
2026,JUVENILES MASCULINO,OESTE,DEFENSORES DE MORENO,5
2026,JUVENILES MASCULINO,SUR,TAMBEROS UNIDOS,5
2026,JUVENILES MASCULINO,NORTE,SPORTIVO PILAR BLANCO B,5
2026,JUVENILES MASCULINO,SUR,WILDE SPORTING,5
2026,JUVENILES MASCULINO,CENTRO,ARGENTINOS JUNIORS,6
2026,JUVENILES MASCULINO,NORTE,BECCAR AZUL,6
2026,JUVENILES MASCULINO,OESTE,ESTUDIANTIL PORTEÑO B,6
2026,JUVENILES MASCULINO,OESTE,ARGENTINO DE CASTELAR CENTRO B,6
2026,JUVENILES MASCULINO,CENTRO,IMPERIO BLANCO  A,6
2026,JUVENILES MASCULINO,CENTRO,"DEPORTIVO CROVARA  ""A""",6
2026,JUVENILES MASCULINO,SUR,SOCIAL LANUS,6
2026,JUVENILES MASCULINO,NORTE,VICTORIA BLANCO,5
2026,JUVENILES MASCULINO,OESTE,SITAS VERDE,5
2026,JUVENILES MASCULINO,OESTE,U17 DEPORTIVO MORON B,4
2026,JUVENILES MASCULINO,SUR,GIMNASIA Y ESGRIMA LA PLATA B,6
2026,JUVENILES MASCULINO,CENTRO,ARQUITECTURA NEGRO A,6
2026,JUVENILES MASCULINO,NORTE,3 DE FEBRERO CELESTE C,6
2026,JUVENILES MASCULINO,OESTE,NOLTING,6
2026,JUVENILES MASCULINO,NORTE,HEBRAICA,6
2026,JUVENILES MASCULINO,NORTE,U.V.V.A UNION VECINAL VILLA ADELINA,6
2026,JUVENILES MASCULINO,CENTRO,COMUNICACIONES AMARILLO A,6
2026,JUVENILES MASCULINO,SUR,SPORTIVO ALSINA,6
2026,JUVENILES MASCULINO,CENTRO,NUEVA CHICAGO,5
2026,JUVENILES MASCULINO,SUR,VILLA ESPAÑA,6
2026,JUVENILES MASCULINO,OESTE,"ESTUDIANTIL PORTEÑO  ""A""",5
2026,JUVENILES MASCULINO,OESTE,CENTRO ESPAÑOL,6
2026,JUVENILES MASCULINO,NORTE,NAUTICO BUCHARDO A,6
2026,JUVENILES MASCULINO,CENTRO,JUVENCIA,6
2026,JUVENILES MASCULINO,CENTRO,ALL BOYS DE SAAVEDRA,6
2026,JUVENILES MASCULINO,OESTE,INSTITUCION SARMIENTO VERDE A,5
2026,JUVENILES MASCULINO,OESTE,MUNICIPALIDAD DE HURLINGHAM,6
2026,JUVENILES MASCULINO,SUR,BOCA JUNIORS AMARILLO B,6
2026,JUVENILES MASCULINO,OESTE,EL PALOMAR,6
2026,JUVENILES MASCULINO,SUR,COUNTRY BANFIELD A,6
2026,JUVENILES MASCULINO,SUR,QUILMES ATLETICO CLUB,6
2026,JUVENILES MASCULINO,SUR,RACING CLUB,6
2026,JUVENILES MASCULINO,OESTE,CLUB GEI BLANCO (B),5
2026,JUVENILES MASCULINO,OESTE,HURACAN DE SAN JUSTO BLANCO,6
2026,JUVENILES MASCULINO,NORTE,ATLETICO BOULOGNE,6
2026,JUVENILES MASCULINO,SUR,MONTE GRANDE ROJO A,5
2026,JUVENILES MASCULINO,OESTE,SAN MIGUEL BLANCO,6
2026,JUVENILES MASCULINO,OESTE,CLUB GEI AZUL (A),5
2026,JUVENILES MASCULINO,SUR,COUNTRY BANFIELD B,6
2026,JUVENILES MASCULINO,CENTRO,VILLA MITRE,6
2026,JUVENILES MASCULINO,OESTE,SAN MIGUEL VERDE,5
2026,JUVENILES MASCULINO,CENTRO,ATENEO POPULAR VERSAILLES,6
2026,JUVENILES MASCULINO,NORTE,INDEPENDIENTE DE ESCOBAR,5
2026,JUVENILES MASCULINO,OESTE,UNITARIOS DE MARCOS PAZ,6
2026,JUVENILES MASCULINO,OESTE,PORTEÑO ATLETICO CLUB AZUL,5
2026,JUVENILES MASCULINO,SUR,LA UNION,5
2026,JUVENILES MASCULINO,CENTRO,ALDO BONZI,6
2026,JUVENILES MASCULINO,OESTE,ARGENTINO DE CASTELAR SUR C,6
2026,JUVENILES MASCULINO,CENTRO,GEBA,6
2026,JUVENILES MASCULINO,OESTE,MIDLAND,5
2026,JUVENILES MASCULINO,NORTE,COLEGIALES NEGRO,6
2026,JUVENILES MASCULINO,NORTE,LAS HERAS A,6
2026,JUVENILES MASCULINO,NORTE,EL TALAR,6
2026,JUVENILES MASCULINO,CENTRO,ALL BOYS NEGRO,6
2026,JUVENILES MASCULINO,CENTRO,RACING ANEXO,6
2026,JUVENILES MASCULINO,OESTE,DEPORTIVO MORON A,5
2026,JUVENILES MASCULINO,NORTE,SAN FERNANDO BLANCO,6
2026,JUVENILES MASCULINO,SUR,BOCA JUNIORS AZUL A,6
2026,JUVENILES MASCULINO,SUR,TAPONAZO  FUTBOL CLUB,6
2026,JUVENILES MASCULINO,NORTE,UNIVERSIDAD DE BUENOS AIRES,6
2026,JUVENILES MASCULINO,SUR,OLIMPO,6
2026,JUVENILES MASCULINO,CENTRO,PINOCHO,4
2026,JUVENILES MASCULINO,NORTE,"NAUTICO HACOAJ BLANCO ""A""",6
2026,JUVENILES MASCULINO,NORTE,CAZA Y PESCA VERDE B,5
2026,JUVENILES MASCULINO,CENTRO,FERROCARRIL OESTE VERDE,6
2026,JUVENILES MASCULINO,OESTE,PORTUGUES DEL GRAN BUENOS AIRES,6
2026,JUVENILES MASCULINO,CENTRO,ARMENIA,6
2026,JUVENILES MASCULINO,NORTE,SPORTIVO ESCOBAR,6
2026,JUVENILES MASCULINO,SUR,UNION VILLEGAS,6
2026,JUVENILES MASCULINO,OESTE,SPORTIVO HAEDO,6
2026,JUVENILES MASCULINO,CENTRO,COMUNICACIONES NEGRO B,5
2026,JUVENILES MASCULINO,SUR,LOS ANDES,5
2026,JUVENILES MASCULINO,CENTRO,DEPORTIVO CROVARA B,6
2026,JUVENILES MASCULINO,CENTRO,PEDRO ECHAGUE AMARILLO,5
2026,JUVENILES MASCULINO,NORTE,PINOCHO VERDE,6
2026,JUVENILES MASCULINO,OESTE,MORON ROJO A,7
2026,JUVENILES MASCULINO,NORTE,BANCO NACION BLANCO B,6
2026,JUVENILES MASCULINO,SUR,CLUB ATLETICO PAMPERO,5
2026,JUVENILES MASCULINO,CENTRO,SAN LORENZO AZUL,6
2026,LIGA PROXIMO MASCULINO,CENTRO,SAN ANDRES,6
2026,LIGA PROXIMO MASCULINO,CENTRO,ALL BOYS BLANCO,6
2026,LIGA PROXIMO MASCULINO,OESTE,INSTITUCION SARMIENTO BLANCO B,5
2026,LIGA PROXIMO MASCULINO,CENTRO,ITALIANO,6
2026,LIGA PROXIMO MASCULINO,NORTE,RIVER PLATE,6
2026,LIGA PROXIMO MASCULINO,NORTE,SPORTIVO VILLA BALLESTER,6
2026,LIGA PROXIMO MASCULINO,CENTRO,"JOSE HERNANDEZ ""A""",6
2026,LIGA PROXIMO MASCULINO,NORTE,PLATENSE MARRON,6
2026,LIGA PROXIMO MASCULINO,OESTE,CLUB GEI GRIS(C),6
2026,LIGA PROXIMO MASCULINO,NORTE,CAZA Y PESCA AZUL A,6
2026,LIGA PROXIMO MASCULINO,NORTE,CLUB SOCIAL Y DEPORTIVO ARENAL,5
2026,LIGA PROXIMO MASCULINO,CENTRO,PINOCHO BLANCO,5
2026,LIGA PROXIMO MASCULINO,NORTE,BELLA VISTA,6
2026,LIGA PROXIMO MASCULINO,SUR,GIMNASIA Y ESGRIMA DE LOMAS DE ZAMORA B,6
2026,LIGA PROXIMO MASCULINO,SUR,CLUB  ATLETICO Y PROGRESO DE BRANDSEN,6
2026,LIGA PROXIMO MASCULINO,OESTE,DEFENSORES DE SANTOS LUGARES,6
2026,LIGA PROXIMO MASCULINO,OESTE,VELEZ SARSFIELD AZUL - B,6
2026,LIGA PROXIMO MASCULINO,NORTE,3 DE FEBRERO BLANCO A,6
2026,LIGA PROXIMO MASCULINO,NORTE,UNION FLORIDA,6
2026,LIGA PROXIMO MASCULINO,NORTE,CENTRO GALICIA,5
2026,LIGA PROXIMO MASCULINO,SUR,TALLERES,6
2026,LIGA PROXIMO MASCULINO,CENTRO,CIUDAD DE BUENOS AIRES AZUL A,6
2026,LIGA PROXIMO MASCULINO,CENTRO,GEVP CELESTE B,6
2026,LIGA PROXIMO MASCULINO,OESTE,PORTEÑO ATLETICO CLUB  BLANCO B,6
2026,LIGA PROXIMO MASCULINO,CENTRO,CIRCULO URQUIZA,5
2026,LIGA PROXIMO MASCULINO,NORTE,SAN FERNANDO AZUL,6
2026,LIGA PROXIMO MASCULINO,SUR,JUVENTUD UNIDA,5
2026,LIGA PROXIMO MASCULINO,SUR,EL FOGON,6
2026,LIGA PROXIMO MASCULINO,SUR,LUZ Y ARTE,6
2026,LIGA PROXIMO MASCULINO,NORTE,UNION VECINAL DE MUNRO,5
2026,LIGA PROXIMO MASCULINO,OESTE,C.A.S.A PADUA A,6
2026,LIGA PROXIMO MASCULINO,OESTE,DEFENSORES DE HURLINGHAM BLANCO,6
2026,LIGA PROXIMO MASCULINO,OESTE,CIUDADELA NORTE,6
2026,LIGA PROXIMO MASCULINO,CENTRO,COMUNICACIONES NEGRO,5
2026,LIGA PROXIMO MASCULINO,NORTE,BANCO NACION AZUL A,4
2026,LIGA PROXIMO MASCULINO,NORTE,CIUDAD DE BUENOS AIRES B BLANCO,6
2026,LIGA PROXIMO MASCULINO,CENTRO,SAN LORENZO ROJO B,6
2026,LIGA PROXIMO MASCULINO,OESTE,ITALIANO DE JOSE C PAZ,6
2026,LIGA PROXIMO MASCULINO,NORTE,CLUB ATENEO INGENIERO RAVER,5
2026,LIGA PROXIMO MASCULINO,SUR,LANUS B,5
2026,LIGA PROXIMO MASCULINO,CENTRO,CLUB ATLETICO HURACAN DE PARQUE PATRICIOS,6
2026,LIGA PROXIMO MASCULINO,OESTE,RAMOS MEJIA LTC,5
2026,LIGA PROXIMO MASCULINO,CENTRO,IMPERIO NEGRO B,6
2026,LIGA PROXIMO MASCULINO,OESTE,UNIVERSIDAD DE LA MATANZA,6
2026,LIGA PROXIMO MASCULINO,OESTE,LEANDRO N ALEM,5
2026,LIGA PROXIMO MASCULINO,NORTE,GEVP BLANCO A,5
2026,LIGA PROXIMO MASCULINO,SUR,C.S.D.Y C. MORENO,6
2026,LIGA PROXIMO MASCULINO,SUR,DEFENSORES DE GLEW,6
2026,LIGA PROXIMO MASCULINO,OESTE,C.A.S.A PADUA B,6
2026,LIGA PROXIMO MASCULINO,SUR,VARELA JRS,5
2026,LIGA PROXIMO MASCULINO,SUR,INDEPENDIENTE DE BURZACO,6
2026,LIGA PROXIMO MASCULINO,NORTE,"NAUTICO HACOAJ AZUL ""B""",5
2026,LIGA PROXIMO MASCULINO,CENTRO,COPELLO,6
2026,LIGA PROXIMO MASCULINO,OESTE,HURACAN DE SAN JUSTO ROJO,5
2026,LIGA PROXIMO MASCULINO,OESTE,CLUB CEPA,6
2026,LIGA PROXIMO MASCULINO,NORTE,3 DE FEBRERO AZUL B,5
2026,LIGA PROXIMO MASCULINO,CENTRO,ARQUITECTURA BLANCO B,6
2026,LIGA PROXIMO MASCULINO,SUR,COOPERARIOS,6
2026,LIGA PROXIMO MASCULINO,NORTE,VICTORIA NEGRO,6
2026,LIGA PROXIMO MASCULINO,NORTE,ATLETICO PILAR,6
2026,LIGA PROXIMO MASCULINO,CENTRO,YUPANQUI,6
2026,LIGA PROXIMO MASCULINO,NORTE,17 DE AGOSTO,5
2026,LIGA PROXIMO MASCULINO,SUR,CAÑUELAS FC,6
2026,LIGA PROXIMO MASCULINO,SUR,GIMNASIA Y ESGRIMA DE LOMAS DE ZAMORA,5
2026,LIGA PROXIMO MASCULINO,OESTE,PASO DEL REY,6
2026,LIGA PROXIMO MASCULINO,SUR,BERAZATEGUI,6
2026,LIGA PROXIMO MASCULINO,OESTE,CEDEM,6
2026,LIGA PROXIMO MASCULINO,SUR,INDEPENDIENTE,5
2026,LIGA PROXIMO MASCULINO,NORTE,PRESIDENTE DERQUI,6
2026,LIGA PROXIMO MASCULINO,OESTE,LOS INDIOS LIGA PROXIMA B,5
2026,LIGA PROXIMO MASCULINO,SUR,TRISTAN SUAREZ,6
2026,LIGA PROXIMO MASCULINO,NORTE,SPORTIVO PILAR PROXIMO,6
2026,LIGA PROXIMO MASCULINO,NORTE,BANADE ROJO,5
2026,LIGA PROXIMO MASCULINO,NORTE,BANCO PROVINCIA,6
2026,LIGA PROXIMO MASCULINO,CENTRO,"JOSE HERNANDEZ ""B""",6
2026,LIGA PROXIMO MASCULINO,NORTE,HARRODS GATH Y CHAVES,6
2026,LIGA PROXIMO MASCULINO,SUR,COLON FC,6
2026,LIGA PROXIMO MASCULINO,CENTRO,VELEZ SARSFIELD BLANCO - A,5
2026,LIGA PROXIMO MASCULINO,SUR,BURZACO FC A,6
2026,LIGA PROXIMO MASCULINO,SUR,GUILLON BASQUET,6
2026,LIGA PROXIMO MASCULINO,OESTE,DEFENSORES DE HURLINGHAM VERDE,5
2026,LIGA PROXIMO MASCULINO,SUR,TEMPERLEY,6
2026,LIGA PROXIMO MASCULINO,CENTRO,FERROCARRIL OESTE BLANCO,6
2026,LIGA PROXIMO MASCULINO,OESTE,CLUB GEI AZUL(A),5
2026,LIGA PROXIMO MASCULINO,SUR,DEFENSORES DE BANFIELD,6
2026,LIGA PROXIMO MASCULINO,CENTRO,NAUTICO BUCHARDO B,6
2026,LIGA PROXIMO MASCULINO,SUR,CLUB SOCIAL ALEJANDRO KORN,6
2026,LIGA PROXIMO MASCULINO,OESTE,CLARIDAD,5
2026,LIGA PROXIMO MASCULINO,CENTRO,MACABI,6
2026,LIGA PROXIMO MASCULINO,NORTE,COOPERATIVA TORTUGUITAS,5
2026,LIGA PROXIMO MASCULINO,OESTE,MORON BLANCO B,6
2026,LIGA PROXIMO MASCULINO,SUR,MUNICIPALIDAD DE AVELLANEDA,6
2026,LIGA PROXIMO MASCULINO,OESTE,SITAS ROJO,6
2026,LIGA PROXIMO MASCULINO,OESTE,EL PORVENIR JOSE C. PAZ,5
2026,LIGA PROXIMO MASCULINO,NORTE,SOCIAL BECCAR,5
2026,LIGA PROXIMO MASCULINO,CENTRO,COLEGIALES BLANCO,6
2026,LIGA PROXIMO MASCULINO,NORTE,OBRAS BASKET,5
2026,LIGA PROXIMO MASCULINO,OESTE,A.F.A.L.P. A,5
2026,LIGA PROXIMO MASCULINO,OESTE,FERROCARRIL OESTE NARANJA,2
2026,LIGA PROXIMO MASCULINO,CENTRO,ESTRELLA DE BOEDO,6
2026,LIGA PROXIMO MASCULINO,NORTE,"U.V.V.A UNION VECINAL VILLA ADELINA ""AZUL""",6
2026,LIGA PROXIMO MASCULINO,CENTRO,ITALIANO B,6
2026,LIGA PROXIMO MASCULINO,SUR,GIMNASIA Y ESGRIMA LA PLATA A,6
2026,LIGA PROXIMO MASCULINO,SUR,EZEIZA,5
2026,LIGA PROXIMO MASCULINO,OESTE,ARGENTINO DE CASTELAR NORTE A,5
2026,LIGA PROXIMO MASCULINO,SUR,CLUB ATLETICO BERNAL,5
2026,LIGA PROXIMO MASCULINO,SUR,CLUB ATLETICO 9 DE JULIO DE LANUS,6
2026,LIGA PROXIMO MASCULINO,NORTE,PLATENSE BLANCO,6
2026,LIGA PROXIMO MASCULINO,CENTRO,PEDRO ECHAGUE AZUL,5
2026,LIGA PROXIMO MASCULINO,OESTE,U21 DEPORTIVO MORON B,4
2026,LIGA PROXIMO MASCULINO,SUR,LANUS A,6
2026,LIGA PROXIMO MASCULINO,OESTE,DEFENSORES DE MORENO,5
2026,LIGA PROXIMO MASCULINO,SUR,TAMBEROS UNIDOS,5
2026,LIGA PROXIMO MASCULINO,NORTE,SPORTIVO PILAR BLANCO B,5
2026,LIGA PROXIMO MASCULINO,SUR,WILDE SPORTING,5
2026,LIGA PROXIMO MASCULINO,CENTRO,ARGENTINOS JUNIORS,6
2026,LIGA PROXIMO MASCULINO,NORTE,BECCAR AZUL,6
2026,LIGA PROXIMO MASCULINO,OESTE,ESTUDIANTIL PORTEÑO B,6
2026,LIGA PROXIMO MASCULINO,OESTE,ARGENTINO DE CASTELAR CENTRO B,6
2026,LIGA PROXIMO MASCULINO,CENTRO,IMPERIO BLANCO  A,6
2026,LIGA PROXIMO MASCULINO,CENTRO,"DEPORTIVO CROVARA  ""A""",6
2026,LIGA PROXIMO MASCULINO,SUR,SOCIAL LANUS,6
2026,LIGA PROXIMO MASCULINO,NORTE,VICTORIA BLANCO,5
2026,LIGA PROXIMO MASCULINO,OESTE,SITAS VERDE,5
2026,LIGA PROXIMO MASCULINO,SUR,GIMNASIA Y ESGRIMA LA PLATA B,6
2026,LIGA PROXIMO MASCULINO,CENTRO,ARQUITECTURA NEGRO A,6
2026,LIGA PROXIMO MASCULINO,OESTE,PORTEÑO ATLETICO CLUB  AZUL,5
2026,LIGA PROXIMO MASCULINO,NORTE,3 DE FEBRERO CELESTE C,6
2026,LIGA PROXIMO MASCULINO,OESTE,NOLTING,6
2026,LIGA PROXIMO MASCULINO,NORTE,HEBRAICA,6
2026,LIGA PROXIMO MASCULINO,SUR,SPORTIVO ALSINA,6
2026,LIGA PROXIMO MASCULINO,CENTRO,NUEVA CHICAGO,5
2026,LIGA PROXIMO MASCULINO,SUR,VILLA ESPAÑA,6
2026,LIGA PROXIMO MASCULINO,OESTE,"ESTUDIANTIL PORTEÑO  ""A""",5
2026,LIGA PROXIMO MASCULINO,OESTE,CENTRO ESPAÑOL,6
2026,LIGA PROXIMO MASCULINO,NORTE,NAUTICO BUCHARDO A,6
2026,LIGA PROXIMO MASCULINO,CENTRO,JUVENCIA,6
2026,LIGA PROXIMO MASCULINO,CENTRO,ALL BOYS DE SAAVEDRA,6
2026,LIGA PROXIMO MASCULINO,OESTE,CLUB GEI BLANCO(B),5
2026,LIGA PROXIMO MASCULINO,OESTE,INSTITUCION SARMIENTO VERDE A,5
2026,LIGA PROXIMO MASCULINO,SUR,LOBOS ATHLETIC CLUB,6
2026,LIGA PROXIMO MASCULINO,OESTE,MUNICIPALIDAD DE HURLINGHAM,6
2026,LIGA PROXIMO MASCULINO,SUR,BOCA JUNIORS AMARILLO B,6
2026,LIGA PROXIMO MASCULINO,OESTE,EL PALOMAR,6
2026,LIGA PROXIMO MASCULINO,SUR,COUNTRY BANFIELD A,6
2026,LIGA PROXIMO MASCULINO,SUR,QUILMES ATLETICO CLUB,6
2026,LIGA PROXIMO MASCULINO,SUR,RACING CLUB,6
2026,LIGA PROXIMO MASCULINO,OESTE,HURACAN DE SAN JUSTO BLANCO,6
2026,LIGA PROXIMO MASCULINO,NORTE,ATLETICO BOULOGNE,6
2026,LIGA PROXIMO MASCULINO,SUR,MONTE GRANDE ROJO A,5
2026,LIGA PROXIMO MASCULINO,OESTE,SAN MIGUEL BLANCO,6
2026,LIGA PROXIMO MASCULINO,SUR,COUNTRY BANFIELD B,6
2026,LIGA PROXIMO MASCULINO,CENTRO,VILLA MITRE,5
2026,LIGA PROXIMO MASCULINO,OESTE,SAN MIGUEL VERDE,5
2026,LIGA PROXIMO MASCULINO,CENTRO,ATENEO POPULAR VERSAILLES,6
2026,LIGA PROXIMO MASCULINO,NORTE,INDEPENDIENTE DE ESCOBAR,5
2026,LIGA PROXIMO MASCULINO,OESTE,UNITARIOS DE MARCOS PAZ,6
2026,LIGA PROXIMO MASCULINO,SUR,LA UNION,5
2026,LIGA PROXIMO MASCULINO,OESTE,LOS INDIOS LIGA PROXIMA A,5
2026,LIGA PROXIMO MASCULINO,CENTRO,ALDO BONZI,6
2026,LIGA PROXIMO MASCULINO,OESTE,ARGENTINO DE CASTELAR SUR C,6
2026,LIGA PROXIMO MASCULINO,CENTRO,GEBA,6
2026,LIGA PROXIMO MASCULINO,OESTE,MIDLAND,5
2026,LIGA PROXIMO MASCULINO,NORTE,COLEGIALES NEGRO,6
2026,LIGA PROXIMO MASCULINO,NORTE,LAS HERAS A,6
2026,LIGA PROXIMO MASCULINO,CENTRO,COMUNICACIONES AMARILLO,6
2026,LIGA PROXIMO MASCULINO,NORTE,EL TALAR,6
2026,LIGA PROXIMO MASCULINO,SUR,MONTE GRANDE NEGRO B,6
2026,LIGA PROXIMO MASCULINO,CENTRO,ALL BOYS NEGRO,6
2026,LIGA PROXIMO MASCULINO,CENTRO,RACING ANEXO,6
2026,LIGA PROXIMO MASCULINO,OESTE,DEPORTIVO MORON A,5
2026,LIGA PROXIMO MASCULINO,NORTE,SAN FERNANDO BLANCO,6
2026,LIGA PROXIMO MASCULINO,SUR,BOCA JUNIORS AZUL A,6
2026,LIGA PROXIMO MASCULINO,SUR,TAPONAZO  FUTBOL CLUB,6
2026,LIGA PROXIMO MASCULINO,NORTE,UNIVERSIDAD DE BUENOS AIRES,6
2026,LIGA PROXIMO MASCULINO,SUR,OLIMPO,6
2026,LIGA PROXIMO MASCULINO,CENTRO,PINOCHO,5
2026,LIGA PROXIMO MASCULINO,NORTE,"NAUTICO HACOAJ BLANCO ""A""",6
2026,LIGA PROXIMO MASCULINO,NORTE,CAZA Y PESCA VERDE B,5
2026,LIGA PROXIMO MASCULINO,CENTRO,FERROCARRIL OESTE VERDE,5
2026,LIGA PROXIMO MASCULINO,OESTE,PORTUGUES DEL GRAN BUENOS AIRES,6
2026,LIGA PROXIMO MASCULINO,CENTRO,ARMENIA,6
2026,LIGA PROXIMO MASCULINO,NORTE,SPORTIVO ESCOBAR,6
2026,LIGA PROXIMO MASCULINO,SUR,UNION VILLEGAS,6
2026,LIGA PROXIMO MASCULINO,OESTE,SPORTIVO HAEDO,6
2026,LIGA PROXIMO MASCULINO,SUR,LOS ANDES,6
2026,LIGA PROXIMO MASCULINO,CENTRO,DEPORTIVO CROVARA B,6
2026,LIGA PROXIMO MASCULINO,CENTRO,PEDRO ECHAGUE AMARILLO,5
2026,LIGA PROXIMO MASCULINO,NORTE,PINOCHO VERDE,6
2026,LIGA PROXIMO MASCULINO,OESTE,MORON ROJO A,7
2026,LIGA PROXIMO MASCULINO,NORTE,BANCO NACION BLANCO B,6
2026,LIGA PROXIMO MASCULINO,SUR,CLUB ATLETICO PAMPERO,5
2026,LIGA PROXIMO MASCULINO,CENTRO,SAN LORENZO AZUL,6
2026,MINI,CENTRO,SAN ANDRES,6
2026,MINI,CENTRO,ALL BOYS BLANCO,6
2026,MINI,OESTE,INSTITUCION SARMIENTO BLANCO B,5
2026,MINI,CENTRO,ITALIANO,6
2026,MINI,NORTE,RIVER PLATE,6
2026,MINI,OESTE,CLUB GEI GRIS(C),7
2026,MINI,NORTE,SPORTIVO VILLA BALLESTER,6
2026,MINI,NORTE,PLATENSE MARRON,6
2026,MINI,CENTRO,"JOSE HERNANDEZ ""A""",6
2026,MINI,NORTE,CAZA Y PESCA AZUL A,6
2026,MINI,OESTE,C.A.S.A. PADUA B,8
2026,MINI,NORTE,CLUB SOCIAL Y DEPORTIVO ARENAL,5
2026,MINI,CENTRO,PINOCHO BLANCO,6
2026,MINI,NORTE,BELLA VISTA,6
2026,MINI,SUR,GIMNASIA Y ESGRIMA DE LOMAS DE ZAMORA B,8
2026,MINI,SUR,CLUB  ATLETICO Y PROGRESO DE BRANDSEN,6
2026,MINI,OESTE,DEFENSORES DE SANTOS LUGARES,6
2026,MINI,OESTE,VELEZ SARSFIELD AZUL - B,6
2026,MINI,NORTE,3 DE FEBRERO BLANCO A,6
2026,MINI,SUR,TALLERES,6
2026,MINI,NORTE,UNION FLORIDA,6
2026,MINI,NORTE,CENTRO GALICIA,5
2026,MINI,OESTE,LOS INDIOS MINI B,5
2026,MINI,CENTRO,CIUDAD DE BUENOS AIRES AZUL A,6
2026,MINI,CENTRO,GEVP CELESTE B,6
2026,MINI,OESTE,PORTEÑO ATLETICO CLUB  BLANCO B,8
2026,MINI,CENTRO,CIRCULO URQUIZA,5
2026,MINI,NORTE,SAN FERNANDO AZUL,6
2026,MINI,SUR,JUVENTUD UNIDA,5
2026,MINI,NORTE,SPORTIVO PILAR MINI,6
2026,MINI,SUR,EL FOGON,8
2026,MINI,SUR,LUZ Y ARTE,6
2026,MINI,NORTE,UNION VECINAL DE MUNRO,6
2026,MINI,OESTE,C.A.S.A PADUA A,6
2026,MINI,OESTE,DEFENSORES DE HURLINGHAM BLANCO,5
2026,MINI,OESTE,CIUDADELA NORTE,7
2026,MINI,SUR,LOBOS  MINI,6
2026,MINI,NORTE,BANCO NACION AZUL A,5
2026,MINI,NORTE,CIUDAD DE BUENOS AIRES B BLANCO,6
2026,MINI,CENTRO,SAN LORENZO ROJO B,6
2026,MINI,OESTE,ITALIANO DE JOSE C PAZ,7
2026,MINI,NORTE,CLUB ATENEO INGENIERO RAVER,6
2026,MINI,SUR,LANUS B,5
2026,MINI,CENTRO,CLUB ATLETICO HURACAN DE PARQUE PATRICIOS,6
2026,MINI,OESTE,RAMOS MEJIA LTC,5
2026,MINI,CENTRO,IMPERIO NEGRO B,6
2026,MINI,OESTE,UNIVERSIDAD DE LA MATANZA,6
2026,MINI,OESTE,LEANDRO N ALEM,5
2026,MINI,NORTE,GEVP BLANCO A,5
2026,MINI,SUR,C.S.D.Y C. MORENO,6
2026,MINI,SUR,DEFENSORES DE GLEW,6
2026,MINI,SUR,VARELA JRS,5
2026,MINI,NORTE,"NAUTICO HACOAJ AZUL ""B""",6
2026,MINI,SUR,INDEPENDIENTE DE BURZACO,6
2026,MINI,CENTRO,COPELLO,6
2026,MINI,OESTE,HURACAN DE SAN JUSTO ROJO,5
2026,MINI,OESTE,CLUB CEPA,6
2026,MINI,NORTE,3 DE FEBRERO AZUL B,5
2026,MINI,CENTRO,ARQUITECTURA BLANCO B,6
2026,MINI,SUR,COOPERARIOS,6
2026,MINI,NORTE,VICTORIA NEGRO,8
2026,MINI,NORTE,ATLETICO PILAR,6
2026,MINI,CENTRO,YUPANQUI,6
2026,MINI,NORTE,17 DE AGOSTO,6
2026,MINI,SUR,CAÑUELAS FC,6
2026,MINI,SUR,GIMNASIA Y ESGRIMA DE LOMAS DE ZAMORA,5
2026,MINI,OESTE,PASO DEL REY,6
2026,MINI,SUR,BERAZATEGUI,7
2026,MINI,OESTE,CEDEM,5
2026,MINI,SUR,INDEPENDIENTE,5
2026,MINI,NORTE,PRESIDENTE DERQUI,6
2026,MINI,SUR,MONTE GRANDE B,6
2026,MINI,SUR,TRISTAN SUAREZ,6
2026,MINI,NORTE,BANADE ROJO,5
2026,MINI,NORTE,BANCO PROVINCIA,6
2026,MINI,CENTRO,"JOSE HERNANDEZ ""B""",6
2026,MINI,NORTE,HARRODS GATH Y CHAVES,6
2026,MINI,SUR,COLON FC,8
2026,MINI,CENTRO,VELEZ SARSFIELD BLANCO - A,6
2026,MINI,SUR,BURZACO FC A,6
2026,MINI,SUR,GUILLON BASQUET,6
2026,MINI,OESTE,DEFENSORES DE HURLINGHAM VERDE,5
2026,MINI,SUR,TEMPERLEY,6
2026,MINI,CENTRO,FERROCARRIL OESTE BLANCO,6
2026,MINI,SUR,DEFENSORES DE BANFIELD,6
2026,MINI,OESTE,LOS INDIOS MINI A,5
2026,MINI,CENTRO,NAUTICO BUCHARDO B,6
2026,MINI,CENTRO,MACABI,6
2026,MINI,NORTE,COOPERATIVA TORTUGUITAS,5
2026,MINI,OESTE,CLARIDAD,5
2026,MINI,SUR,CLUB SOCIAL ALEJANDRO KORN,6
2026,MINI,OESTE,MORON BLANCO B,6
2026,MINI,SUR,MUNICIPALIDAD DE AVELLANEDA,7
2026,MINI,OESTE,SITAS ROJO,6
2026,MINI,OESTE,EL PORVENIR JOSE C. PAZ,5
2026,MINI,NORTE,SOCIAL BECCAR,5
2026,MINI,CENTRO,COLEGIALES BLANCO,6
2026,MINI,NORTE,OBRAS BASKET,6
2026,MINI,OESTE,A.F.A.L.P. A,5
2026,MINI,OESTE,FERROCARRIL OESTE NARANJA,2
2026,MINI,CENTRO,ESTRELLA DE BOEDO,6
2026,MINI,CENTRO,ITALIANO B,6
2026,MINI,SUR,GIMNASIA Y ESGRIMA LA PLATA A,6
2026,MINI,SUR,EZEIZA,5
2026,MINI,OESTE,ARGENTINO DE CASTELAR NORTE A,5
2026,MINI,SUR,CLUB ATLETICO BERNAL,5
2026,MINI,SUR,CLUB ATLETICO 9 DE JULIO DE LANUS,6
2026,MINI,NORTE,PLATENSE BLANCO,7
2026,MINI,CENTRO,PEDRO ECHAGUE AZUL,6
2026,MINI,SUR,LANUS A,6
2026,MINI,OESTE,DEFENSORES DE MORENO,5
2026,MINI,SUR,TAMBEROS UNIDOS,5
2026,MINI,NORTE,SPORTIVO PILAR BLANCO B,5
2026,MINI,SUR,WILDE SPORTING,5
2026,MINI,CENTRO,ARGENTINOS JUNIORS,6
2026,MINI,NORTE,BECCAR AZUL,6
2026,MINI,OESTE,ESTUDIANTIL PORTEÑO B,6
2026,MINI,OESTE,ARGENTINO DE CASTELAR CENTRO B,5
2026,MINI,CENTRO,IMPERIO BLANCO  A,6
2026,MINI,CENTRO,"DEPORTIVO CROVARA  ""A""",6
2026,MINI,SUR,SOCIAL LANUS,7
2026,MINI,NORTE,VICTORIA BLANCO,5
2026,MINI,OESTE,SITAS VERDE,5
2026,MINI,SUR,GIMNASIA Y ESGRIMA LA PLATA B,18
2026,MINI,CENTRO,ARQUITECTURA NEGRO A,6
2026,MINI,OESTE,PORTEÑO ATLETICO CLUB  AZUL,5
2026,MINI,NORTE,3 DE FEBRERO CELESTE C,14
2026,MINI,OESTE,NOLTING,6
2026,MINI,NORTE,HEBRAICA,6
2026,MINI,NORTE,U.V.V.A UNION VECINAL VILLA ADELINA,6
2026,MINI,CENTRO,COMUNICACIONES AMARILLO A,6
2026,MINI,SUR,SPORTIVO ALSINA,7
2026,MINI,CENTRO,NUEVA CHICAGO,5
2026,MINI,SUR,VILLA ESPAÑA,7
2026,MINI,OESTE,"ESTUDIANTIL PORTEÑO  ""A""",5
2026,MINI,OESTE,CENTRO ESPAÑOL,6
2026,MINI,NORTE,NAUTICO BUCHARDO A,7
2026,MINI,CENTRO,JUVENCIA,6
2026,MINI,CENTRO,ALL BOYS DE SAAVEDRA,6
2026,MINI,OESTE,INSTITUCION SARMIENTO VERDE A,5
2026,MINI,OESTE,MUNICIPALIDAD DE HURLINGHAM,7
2026,MINI,SUR,BOCA JUNIORS AMARILLO B,6
2026,MINI,OESTE,EL PALOMAR,8
2026,MINI,SUR,COUNTRY BANFIELD A,6
2026,MINI,SUR,QUILMES ATLETICO CLUB,6
2026,MINI,OESTE,CLUB GEI BLANCO (B),5
2026,MINI,SUR,RACING CLUB,6
2026,MINI,OESTE,HURACAN DE SAN JUSTO BLANCO,18
2026,MINI,NORTE,ATLETICO BOULOGNE,7
2026,MINI,SUR,MONTE GRANDE ROJO A,5
2026,MINI,OESTE,SAN MIGUEL BLANCO,6
2026,MINI,OESTE,CLUB GEI AZUL (A),5
2026,MINI,SUR,COUNTRY BANFIELD B,6
2026,MINI,CENTRO,VILLA MITRE,6
2026,MINI,OESTE,SAN MIGUEL VERDE,5
2026,MINI,CENTRO,ATENEO POPULAR VERSAILLES,6
2026,MINI,NORTE,INDEPENDIENTE DE ESCOBAR,5
2026,MINI,OESTE,UNITARIOS DE MARCOS PAZ,6
2026,MINI,SUR,LA UNION,5
2026,MINI,CENTRO,ALDO BONZI,6
2026,MINI,OESTE,ARGENTINO DE CASTELAR SUR C,7
2026,MINI,CENTRO,GEBA,6
2026,MINI,OESTE,MIDLAND,5
2026,MINI,NORTE,COLEGIALES NEGRO,6
2026,MINI,NORTE,LAS HERAS A,6
2026,MINI,NORTE,EL TALAR,6
2026,MINI,CENTRO,ALL BOYS NEGRO,6
2026,MINI,OESTE,U11 DEPORTIVO MORON B,4
2026,MINI,CENTRO,RACING ANEXO,6
2026,MINI,NORTE,SAN FERNANDO BLANCO,7
2026,MINI,OESTE,DEPORTIVO MORON A,5
2026,MINI,SUR,BOCA JUNIORS AZUL A,6
2026,MINI,SUR,TAPONAZO  FUTBOL CLUB,7
2026,MINI,NORTE,UNIVERSIDAD DE BUENOS AIRES,7
2026,MINI,SUR,OLIMPO,6
2026,MINI,CENTRO,PINOCHO,6
2026,MINI,NORTE,"NAUTICO HACOAJ BLANCO ""A""",6
2026,MINI,NORTE,CAZA Y PESCA VERDE B,5
2026,MINI,OESTE,PORTUGUES DEL GRAN BUENOS AIRES,6
2026,MINI,CENTRO,FERROCARRIL OESTE VERDE,6
2026,MINI,CENTRO,ARMENIA,6
2026,MINI,NORTE,SPORTIVO ESCOBAR,6
2026,MINI,SUR,UNION VILLEGAS,6
2026,MINI,OESTE,SPORTIVO HAEDO,7
2026,MINI,CENTRO,COMUNICACIONES NEGRO B,5
2026,MINI,SUR,LOS ANDES,6
2026,MINI,CENTRO,DEPORTIVO CROVARA B,6
2026,MINI,CENTRO,PEDRO ECHAGUE AMARILLO,5
2026,MINI,NORTE,PINOCHO VERDE,6
2026,MINI,NORTE,BANCO NACION BLANCO B,7
2026,MINI,OESTE,MORON ROJO A,6
2026,MINI,SUR,CLUB ATLETICO PAMPERO,5
2026,MINI,CENTRO,SAN LORENZO AZUL,6
2026,PREMINI,CENTRO,SAN ANDRES,9
2026,PREMINI,CENTRO,ALL BOYS BLANCO,6
2026,PREMINI,OESTE,INSTITUCION SARMIENTO BLANCO B,5
2026,PREMINI,CENTRO,ITALIANO,6
2026,PREMINI,OESTE,LOS INDIOS PREMINI A,5
2026,PREMINI,NORTE,RIVER PLATE,6
2026,PREMINI,OESTE,CLUB GEI GRIS(C),18
2026,PREMINI,CENTRO,"JOSE HERNANDEZ ""A""",6
2026,PREMINI,NORTE,PLATENSE MARRON,6
2026,PREMINI,NORTE,SPORTIVO VILLA BALLESTER,6
2026,PREMINI,NORTE,CAZA Y PESCA AZUL A,6
2026,PREMINI,NORTE,CLUB SOCIAL Y DEPORTIVO ARENAL,5
2026,PREMINI,CENTRO,PINOCHO BLANCO,6
2026,PREMINI,NORTE,BELLA VISTA,6
2026,PREMINI,SUR,GIMNASIA Y ESGRIMA DE LOMAS DE ZAMORA B,8
2026,PREMINI,SUR,CLUB  ATLETICO Y PROGRESO DE BRANDSEN,6
2026,PREMINI,OESTE,DEFENSORES DE SANTOS LUGARES,8
2026,PREMINI,OESTE,VELEZ SARSFIELD AZUL - B,8
2026,PREMINI,NORTE,3 DE FEBRERO BLANCO A,5
2026,PREMINI,SUR,TALLERES,6
2026,PREMINI,NORTE,CENTRO GALICIA,5
2026,PREMINI,NORTE,UNION FLORIDA,6
2026,PREMINI,CENTRO,CIUDAD DE BUENOS AIRES AZUL A,6
2026,PREMINI,CENTRO,GEVP CELESTE B,6
2026,PREMINI,CENTRO,CIRCULO URQUIZA,8
2026,PREMINI,NORTE,SAN FERNANDO AZUL,6
2026,PREMINI,SUR,JUVENTUD UNIDA,5
2026,PREMINI,SUR,EL FOGON,8
2026,PREMINI,OESTE,PORTEÑO ATLETICO CLUB  B,10
2026,PREMINI,SUR,LUZ Y ARTE,6
2026,PREMINI,NORTE,UNION VECINAL DE MUNRO,6
2026,PREMINI,OESTE,C.A.S.A PADUA A,6
2026,PREMINI,OESTE,DEFENSORES DE HURLINGHAM BLANCO,8
2026,PREMINI,OESTE,CIUDADELA NORTE,9
2026,PREMINI,NORTE,BANCO NACION AZUL A,5
2026,PREMINI,NORTE,CIUDAD DE BUENOS AIRES B BLANCO,6
2026,PREMINI,CENTRO,SAN LORENZO ROJO B,18
2026,PREMINI,OESTE,ITALIANO DE JOSE C PAZ,10
2026,PREMINI,NORTE,CLUB ATENEO INGENIERO RAVER,6
2026,PREMINI,SUR,LANUS B,5
2026,PREMINI,CENTRO,CLUB ATLETICO HURACAN DE PARQUE PATRICIOS,9
2026,PREMINI,OESTE,RAMOS MEJIA LTC,5
2026,PREMINI,CENTRO,IMPERIO NEGRO B,7
2026,PREMINI,OESTE,UNIVERSIDAD DE LA MATANZA,6
2026,PREMINI,OESTE,LEANDRO N ALEM,5
2026,PREMINI,NORTE,GEVP BLANCO A,5
2026,PREMINI,NORTE,SPORTIVO PILAR PRE MINI,6
2026,PREMINI,SUR,C.S.D.Y C. MORENO,6
2026,PREMINI,SUR,DEFENSORES DE GLEW,6
2026,PREMINI,OESTE,C.A.S.A PADUA B,10
2026,PREMINI,SUR,VARELA JRS,5
2026,PREMINI,NORTE,"NAUTICO HACOAJ AZUL ""B""",6
2026,PREMINI,SUR,INDEPENDIENTE DE BURZACO,6
2026,PREMINI,CENTRO,COPELLO,6
2026,PREMINI,OESTE,HURACAN DE SAN JUSTO ROJO,5
2026,PREMINI,OESTE,CLUB CEPA,6
2026,PREMINI,OESTE,INSTITUCION SARMIENTO VERDE,5
2026,PREMINI,NORTE,3 DE FEBRERO AZUL B,5
2026,PREMINI,CENTRO,ARQUITECTURA BLANCO B,6
2026,PREMINI,SUR,COOPERARIOS,6
2026,PREMINI,NORTE,VICTORIA NEGRO,10
2026,PREMINI,NORTE,ATLETICO PILAR,6
2026,PREMINI,CENTRO,YUPANQUI,6
2026,PREMINI,NORTE,17 DE AGOSTO,6
2026,PREMINI,SUR,CAÑUELAS FC,6
2026,PREMINI,SUR,GIMNASIA Y ESGRIMA DE LOMAS DE ZAMORA,5
2026,PREMINI,OESTE,PASO DEL REY,9
2026,PREMINI,SUR,BERAZATEGUI,7
2026,PREMINI,OESTE,CEDEM,7
2026,PREMINI,SUR,INDEPENDIENTE,5
2026,PREMINI,NORTE,PRESIDENTE DERQUI,6
2026,PREMINI,SUR,MONTE GRANDE B,6
2026,PREMINI,SUR,TRISTAN SUAREZ,6
2026,PREMINI,NORTE,BANADE ROJO,5
2026,PREMINI,SUR,LOBOS PREMINI,6
2026,PREMINI,NORTE,BANCO PROVINCIA,6
2026,PREMINI,CENTRO,"JOSE HERNANDEZ ""B""",7
2026,PREMINI,NORTE,HARRODS GATH Y CHAVES,6
2026,PREMINI,SUR,COLON FC,8
2026,PREMINI,CENTRO,VELEZ SARSFIELD BLANCO - A,6
2026,PREMINI,SUR,BURZACO FC A,6
2026,PREMINI,SUR,GUILLON BASQUET,6
2026,PREMINI,OESTE,DEFENSORES DE HURLINGHAM VERDE,5
2026,PREMINI,SUR,TEMPERLEY,6
2026,PREMINI,CENTRO,FERROCARRIL OESTE BLANCO,6
2026,PREMINI,SUR,DEFENSORES DE BANFIELD,6
2026,PREMINI,CENTRO,NAUTICO BUCHARDO B,7
2026,PREMINI,CENTRO,MACABI,9
2026,PREMINI,NORTE,COOPERATIVA TORTUGUITAS,5
2026,PREMINI,OESTE,CLARIDAD,5
2026,PREMINI,SUR,CLUB SOCIAL ALEJANDRO KORN,6
2026,PREMINI,OESTE,MORON BLANCO B,9
2026,PREMINI,SUR,MUNICIPALIDAD DE AVELLANEDA,7
2026,PREMINI,OESTE,SITAS ROJO,9
2026,PREMINI,OESTE,EL PORVENIR JOSE C. PAZ,5
2026,PREMINI,NORTE,SOCIAL BECCAR,5
2026,PREMINI,CENTRO,COLEGIALES BLANCO,6
2026,PREMINI,NORTE,OBRAS BASKET,6
2026,PREMINI,OESTE,A.F.A.L.P. A,5
2026,PREMINI,OESTE,FERROCARRIL OESTE NARANJA,2
2026,PREMINI,CENTRO,ESTRELLA DE BOEDO,6
2026,PREMINI,CENTRO,ITALIANO B,7
2026,PREMINI,SUR,GIMNASIA Y ESGRIMA LA PLATA A,6
2026,PREMINI,SUR,EZEIZA,5
2026,PREMINI,OESTE,ARGENTINO DE CASTELAR NORTE A,5
2026,PREMINI,SUR,CLUB ATLETICO BERNAL,5
2026,PREMINI,SUR,CLUB ATLETICO 9 DE JULIO DE LANUS,6
2026,PREMINI,OESTE,U9 DEPORTIVO MORON B,4
2026,PREMINI,NORTE,PLATENSE BLANCO,14
2026,PREMINI,CENTRO,PEDRO ECHAGUE AZUL,5
2026,PREMINI,SUR,LANUS A,6
2026,PREMINI,OESTE,DEFENSORES DE MORENO,5
2026,PREMINI,SUR,TAMBEROS UNIDOS,5
2026,PREMINI,NORTE,SPORTIVO PILAR BLANCO B,5
2026,PREMINI,SUR,WILDE SPORTING,5
2026,PREMINI,CENTRO,ARGENTINOS JUNIORS,18
2026,PREMINI,NORTE,BECCAR AZUL,6
2026,PREMINI,OESTE,ESTUDIANTIL PORTEÑO B,18
2026,PREMINI,OESTE,ARGENTINO DE CASTELAR CENTRO B,5
2026,PREMINI,CENTRO,IMPERIO BLANCO  A,6
2026,PREMINI,OESTE,LOS INDIOS PREMINI B,5
2026,PREMINI,CENTRO,"DEPORTIVO CROVARA  ""A""",6
2026,PREMINI,SUR,SOCIAL LANUS,7
2026,PREMINI,NORTE,VICTORIA BLANCO,5
2026,PREMINI,OESTE,SITAS VERDE,5
2026,PREMINI,SUR,GIMNASIA Y ESGRIMA LA PLATA B,18
2026,PREMINI,CENTRO,ARQUITECTURA NEGRO A,6
2026,PREMINI,NORTE,3 DE FEBRERO CELESTE C,14
2026,PREMINI,OESTE,NOLTING,6
2026,PREMINI,NORTE,HEBRAICA,6
2026,PREMINI,NORTE,U.V.V.A UNION VECINAL VILLA ADELINA,5
2026,PREMINI,CENTRO,COMUNICACIONES AMARILLO A,6
2026,PREMINI,SUR,SPORTIVO ALSINA,7
2026,PREMINI,CENTRO,NUEVA CHICAGO,18
2026,PREMINI,SUR,VILLA ESPAÑA,7
2026,PREMINI,OESTE,"ESTUDIANTIL PORTEÑO  ""A""",5
2026,PREMINI,OESTE,CENTRO ESPAÑOL,6
2026,PREMINI,NORTE,NAUTICO BUCHARDO A,9
2026,PREMINI,CENTRO,JUVENCIA,7
2026,PREMINI,CENTRO,ALL BOYS DE SAAVEDRA,9
2026,PREMINI,OESTE,MUNICIPALIDAD DE HURLINGHAM,9
2026,PREMINI,SUR,BOCA JUNIORS AMARILLO B,6
2026,PREMINI,OESTE,EL PALOMAR,11
2026,PREMINI,SUR,COUNTRY BANFIELD A,6
2026,PREMINI,SUR,QUILMES ATLETICO CLUB,6
2026,PREMINI,OESTE,CLUB GEI BLANCO (B),5
2026,PREMINI,SUR,RACING CLUB,6
2026,PREMINI,OESTE,HURACAN DE SAN JUSTO BLANCO,18
2026,PREMINI,NORTE,ATLETICO BOULOGNE,10
2026,PREMINI,SUR,MONTE GRANDE ROJO A,5
2026,PREMINI,OESTE,SAN MIGUEL BLANCO,18
2026,PREMINI,OESTE,CLUB GEI AZUL (A),5
2026,PREMINI,SUR,COUNTRY BANFIELD B,6
2026,PREMINI,CENTRO,VILLA MITRE,6
2026,PREMINI,OESTE,SAN MIGUEL VERDE,5
2026,PREMINI,CENTRO,ATENEO POPULAR VERSAILLES,6
2026,PREMINI,NORTE,INDEPENDIENTE DE ESCOBAR,5
2026,PREMINI,OESTE,UNITARIOS DE MARCOS PAZ,8
2026,PREMINI,OESTE,PORTEÑO ATLETICO CLUB AZUL,5
2026,PREMINI,SUR,LA UNION,5
2026,PREMINI,CENTRO,ALDO BONZI,8
2026,PREMINI,OESTE,ARGENTINO DE CASTELAR SUR C,18
2026,PREMINI,CENTRO,GEBA,8
2026,PREMINI,OESTE,MIDLAND,5
2026,PREMINI,NORTE,COLEGIALES NEGRO,5
2026,PREMINI,NORTE,LAS HERAS A,6
2026,PREMINI,NORTE,EL TALAR,6
2026,PREMINI,CENTRO,ALL BOYS NEGRO,9
2026,PREMINI,CENTRO,RACING ANEXO,8
2026,PREMINI,NORTE,SAN FERNANDO BLANCO,10
2026,PREMINI,OESTE,DEPORTIVO MORON A,5
2026,PREMINI,SUR,BOCA JUNIORS AZUL A,6
2026,PREMINI,SUR,TAPONAZO  FUTBOL CLUB,7
2026,PREMINI,NORTE,UNIVERSIDAD DE BUENOS AIRES,14
2026,PREMINI,SUR,OLIMPO,6
2026,PREMINI,CENTRO,PINOCHO,5
2026,PREMINI,NORTE,"NAUTICO HACOAJ BLANCO ""A""",6
2026,PREMINI,NORTE,CAZA Y PESCA VERDE B,5
2026,PREMINI,OESTE,PORTUGUES DEL GRAN BUENOS AIRES,6
2026,PREMINI,CENTRO,FERROCARRIL OESTE VERDE,6
2026,PREMINI,CENTRO,ARMENIA,6
2026,PREMINI,NORTE,SPORTIVO ESCOBAR,6
2026,PREMINI,SUR,UNION VILLEGAS,6
2026,PREMINI,OESTE,SPORTIVO HAEDO,11
2026,PREMINI,CENTRO,COMUNICACIONES NEGRO B,7
2026,PREMINI,SUR,LOS ANDES,6
2026,PREMINI,CENTRO,DEPORTIVO CROVARA B,8
2026,PREMINI,CENTRO,PEDRO ECHAGUE AMARILLO,7
2026,PREMINI,NORTE,PINOCHO VERDE,5
2026,PREMINI,NORTE,BANCO NACION BLANCO B,9
2026,PREMINI,OESTE,MORON ROJO A,6
2026,PREMINI,SUR,CLUB ATLETICO PAMPERO,5
2026,PREMINI,CENTRO,SAN LORENZO AZUL,6
